state,district,date,daily_rainfall_mm,daily_normal_mm,daily_departure_percent,daily_rainfall_category
JHARKHAND,BOKARO,2026-08-19,33.9,10.1,2.36,LE
JHARKHAND,BOKARO,2026-08-20,0.5,10.4,-0.95,LD
JHARKHAND,BOKARO,2026-08-21,0.0,8.6,-1.0,NR
JHARKHAND,BOKARO,2026-08-22,0.0,9.0,-1.0,NR
JHARKHAND,BOKARO,2026-08-23,0.0,6.6,-1.0,NR
JHARKHAND,BOKARO,2026-08-24,17.5,4.7,2.73,LE
JHARKHAND,BOKARO,2026-08-25,7.8,5.2,0.49,E
JHARKHAND,BOKARO,2026-08-26,5.1,6.9,-0.27,D
JHARKHAND,BOKARO,2026-08-27,7.4,10.6,-0.3,D
JHARKHAND,BOKARO,2026-08-28,7.2,10.5,-0.32,D
JHARKHAND,BOKARO,2026-08-29,7.8,5.6,0.39,E
JHARKHAND,BOKARO,2026-08-30,7.6,5.7,0.33,E
JHARKHAND,BOKARO,2026-08-31,17.5,3.3,4.31,LE
JHARKHAND,BOKARO,2026-09-01,77.9,9.4,7.29,LE
JHARKHAND,BOKARO,2026-09-02,47.2,6.7,6.04,LE
JHARKHAND,BOKARO,2026-09-03,0.9,7.7,-0.88,LD
JHARKHAND,BOKARO,2026-09-04,0.0,8.4,-1.0,NR
JHARKHAND,BOKARO,2026-09-05,0.0,5.8,-1.0,NR
JHARKHAND,BOKARO,2026-09-06,0.0,10.6,-1.0,NR
JHARKHAND,BOKARO,2026-09-07,4.5,9.8,-0.55,D
JHARKHAND,BOKARO,2026-09-08,3.0,6.7,-0.56,D
JHARKHAND,BOKARO,2026-09-09,5.7,6.6,-0.14,N
JHARKHAND,BOKARO,2026-09-10,8.7,6.9,0.26,E
JHARKHAND,BOKARO,2026-09-11,5.4,8.5,-0.36,D
JHARKHAND,BOKARO,2026-09-12,15.3,6.9,1.22,LE
JHARKHAND,BOKARO,2026-09-13,1.0,5.7,-0.82,LD
JHARKHAND,BOKARO,2026-09-14,0.3,6.4,-0.95,LD
JHARKHAND,BOKARO,2026-09-15,0.1,6.3,-0.98,LD
JHARKHAND,BOKARO,2026-09-16,0.0,4.7,-1.0,NR
JHARKHAND,BOKARO,2026-09-17,5.6,5.1,0.09,N
JHARKHAND,BOKARO,2026-09-18,8.1,6.9,0.18,N
JHARKHAND,BOKARO,2026-09-19,8.1,3.7,1.18,LE
JHARKHAND,BOKARO,2026-09-20,2.5,3.4,-0.26,D
JHARKHAND,BOKARO,2026-09-21,0.2,5.2,-0.96,LD
JHARKHAND,BOKARO,2026-09-22,0.2,6.5,-0.97,LD
JHARKHAND,BOKARO,2026-09-23,5.0,5.4,-0.07,N
JHARKHAND,BOKARO,2026-09-24,63.5,6.4,8.92,LE
JHARKHAND,BOKARO,2026-09-25,24.3,4.8,4.06,LE
JHARKHAND,BOKARO,2026-09-26,18.8,9.5,0.98,LE
JHARKHAND,BOKARO,2026-09-27,15.9,8.4,0.89,LE
JHARKHAND,BOKARO,2026-09-28,0.0,5.3,-1.0,NR
JHARKHAND,BOKARO,2026-09-29,0.0,5.7,-1.0,NR
JHARKHAND,BOKARO,2026-09-30,0.0,6.5,-1.0,NR
JHARKHAND,BOKARO,2026-10-01,0.0,3.7,-1.0,NR
JHARKHAND,BOKARO,2026-10-02,0.0,4.6,-1.0,NR
JHARKHAND,BOKARO,2026-10-03,0.0,3.0,-1.0,NR
JHARKHAND,BOKARO,2026-10-04,0.0,2.6,-1.0,NR
JHARKHAND,BOKARO,2026-10-05,0.0,6.5,-1.0,NR
JHARKHAND,BOKARO,2026-10-06,1.1,3.0,-0.65,LD
JHARKHAND,BOKARO,2026-10-07,18.6,3.7,4.02,LE
JHARKHAND,BOKARO,2026-10-08,21.6,2.9,6.43,LE
JHARKHAND,BOKARO,2026-10-09,0.0,4.9,-1.0,NR
JHARKHAND,CHATRA,2026-08-19,19.4,10.2,0.91,LE
JHARKHAND,CHATRA,2026-08-20,29.4,9.0,2.27,LE
JHARKHAND,CHATRA,2026-08-21,0.0,8.9,-1.0,NR
JHARKHAND,CHATRA,2026-08-22,0.0,10.8,-1.0,NR
JHARKHAND,CHATRA,2026-08-23,0.0,6.4,-1.0,NR
JHARKHAND,CHATRA,2026-08-24,0.9,6.9,-0.87,LD
JHARKHAND,CHATRA,2026-08-25,7.8,8.0,-0.02,N
JHARKHAND,CHATRA,2026-08-26,1.6,7.9,-0.8,LD
JHARKHAND,CHATRA,2026-08-27,1.1,8.2,-0.87,LD
JHARKHAND,CHATRA,2026-08-28,31.0,8.7,2.56,LE
JHARKHAND,CHATRA,2026-08-29,0.0,7.5,-1.0,NR
JHARKHAND,CHATRA,2026-08-30,57.0,5.0,10.4,LE
JHARKHAND,CHATRA,2026-08-31,4.8,5.8,-0.17,N
JHARKHAND,CHATRA,2026-09-01,0.0,7.1,,ND
JHARKHAND,CHATRA,2026-09-02,18.6,6.5,1.87,LE
JHARKHAND,CHATRA,2026-09-03,16.0,7.5,1.13,LE
JHARKHAND,CHATRA,2026-09-04,0.0,4.7,-1.0,NR
JHARKHAND,CHATRA,2026-09-05,0.0,4.5,-1.0,NR
JHARKHAND,CHATRA,2026-09-06,6.5,11.1,-0.41,D
JHARKHAND,CHATRA,2026-09-07,0.0,10.5,-1.0,NR
JHARKHAND,CHATRA,2026-09-08,0.0,6.4,-1.0,NR
JHARKHAND,CHATRA,2026-09-09,6.1,4.9,0.25,E
JHARKHAND,CHATRA,2026-09-10,7.0,7.3,-0.03,N
JHARKHAND,CHATRA,2026-09-11,5.9,5.2,0.13,N
JHARKHAND,CHATRA,2026-09-12,0.0,7.0,-1.0,NR
JHARKHAND,CHATRA,2026-09-13,0.0,7.3,-1.0,NR
JHARKHAND,CHATRA,2026-09-14,0.0,6.3,-1.0,NR
JHARKHAND,CHATRA,2026-09-15,0.0,7.1,-1.0,NR
JHARKHAND,CHATRA,2026-09-16,0.0,11.8,-1.0,NR
JHARKHAND,CHATRA,2026-09-17,5.0,9.1,-0.45,D
JHARKHAND,CHATRA,2026-09-18,2.9,11.4,-0.75,LD
JHARKHAND,CHATRA,2026-09-19,0.0,5.1,-1.0,NR
JHARKHAND,CHATRA,2026-09-20,0.0,3.4,-1.0,NR
JHARKHAND,CHATRA,2026-09-21,2.1,5.7,-0.64,LD
JHARKHAND,CHATRA,2026-09-22,0.0,7.7,-1.0,NR
JHARKHAND,CHATRA,2026-09-23,4.2,6.0,-0.3,D
JHARKHAND,CHATRA,2026-09-24,3.3,5.0,-0.34,D
JHARKHAND,CHATRA,2026-09-25,14.5,6.6,1.19,LE
JHARKHAND,CHATRA,2026-09-26,0.0,7.9,,ND
JHARKHAND,CHATRA,2026-09-27,3.5,8.9,-0.61,LD
JHARKHAND,CHATRA,2026-09-28,0.0,7.7,-1.0,NR
JHARKHAND,CHATRA,2026-09-29,0.0,4.9,-1.0,NR
JHARKHAND,CHATRA,2026-09-30,0.0,4.3,-1.0,NR
JHARKHAND,CHATRA,2026-10-01,0.0,3.8,-1.0,NR
JHARKHAND,CHATRA,2026-10-02,0.0,3.2,-1.0,NR
JHARKHAND,CHATRA,2026-10-03,0.0,2.5,-1.0,NR
JHARKHAND,CHATRA,2026-10-04,0.0,3.2,-1.0,NR
JHARKHAND,CHATRA,2026-10-05,0.0,3.7,-1.0,NR
JHARKHAND,CHATRA,2026-10-06,0.0,3.2,-1.0,NR
JHARKHAND,CHATRA,2026-10-07,14.6,5.5,1.65,LE
JHARKHAND,CHATRA,2026-10-08,39.8,3.6,10.04,LE
JHARKHAND,CHATRA,2026-10-09,0.0,4.3,-1.0,NR
JHARKHAND,DEOGHAR,2026-08-19,6.7,6.3,0.07,N
JHARKHAND,DEOGHAR,2026-08-20,0.1,8.7,-0.98,LD
JHARKHAND,DEOGHAR,2026-08-21,0.0,8.7,-1.0,NR
JHARKHAND,DEOGHAR,2026-08-22,0.0,9.9,-1.0,NR
JHARKHAND,DEOGHAR,2026-08-23,0.0,6.5,-1.0,NR
JHARKHAND,DEOGHAR,2026-08-24,2.1,8.9,-0.76,LD
JHARKHAND,DEOGHAR,2026-08-25,7.7,8.1,-0.05,N
JHARKHAND,DEOGHAR,2026-08-26,5.5,7.7,-0.29,D
JHARKHAND,DEOGHAR,2026-08-27,4.3,8.9,-0.52,D
JHARKHAND,DEOGHAR,2026-08-28,2.0,8.8,-0.77,LD
JHARKHAND,DEOGHAR,2026-08-29,16.3,5.8,1.82,LE
JHARKHAND,DEOGHAR,2026-08-30,24.9,5.3,3.7,LE
JHARKHAND,DEOGHAR,2026-08-31,23.0,5.4,3.27,LE
JHARKHAND,DEOGHAR,2026-09-01,31.2,7.1,3.4,LE
JHARKHAND,DEOGHAR,2026-09-02,36.0,5.8,5.2,LE
JHARKHAND,DEOGHAR,2026-09-03,3.9,5.7,-0.32,D
JHARKHAND,DEOGHAR,2026-09-04,0.3,7.0,-0.95,LD
JHARKHAND,DEOGHAR,2026-09-05,0.0,8.2,-1.0,NR
JHARKHAND,DEOGHAR,2026-09-06,3.6,6.8,-0.47,D
JHARKHAND,DEOGHAR,2026-09-07,24.6,8.7,1.82,LE
JHARKHAND,DEOGHAR,2026-09-08,0.7,4.3,-0.85,LD
JHARKHAND,DEOGHAR,2026-09-09,0.8,7.9,-0.9,LD
JHARKHAND,DEOGHAR,2026-09-10,39.0,5.6,5.96,LE
JHARKHAND,DEOGHAR,2026-09-11,7.5,7.5,0.0,N
JHARKHAND,DEOGHAR,2026-09-12,4.5,7.6,-0.41,D
JHARKHAND,DEOGHAR,2026-09-13,2.5,11.4,-0.78,LD
JHARKHAND,DEOGHAR,2026-09-14,1.2,8.7,-0.86,LD
JHARKHAND,DEOGHAR,2026-09-15,0.0,4.3,-1.0,NR
JHARKHAND,DEOGHAR,2026-09-16,5.1,6.5,-0.21,D
JHARKHAND,DEOGHAR,2026-09-17,1.7,11.7,-0.85,LD
JHARKHAND,DEOGHAR,2026-09-18,1.3,11.3,-0.88,LD
JHARKHAND,DEOGHAR,2026-09-19,8.6,7.3,0.18,N
JHARKHAND,DEOGHAR,2026-09-20,0.0,8.7,-1.0,NR
JHARKHAND,DEOGHAR,2026-09-21,0.0,13.9,-1.0,NR
JHARKHAND,DEOGHAR,2026-09-22,0.0,7.3,-1.0,NR
JHARKHAND,DEOGHAR,2026-09-23,1.1,8.0,-0.86,LD
JHARKHAND,DEOGHAR,2026-09-24,53.9,8.9,5.06,LE
JHARKHAND,DEOGHAR,2026-09-25,14.5,10.3,0.41,E
JHARKHAND,DEOGHAR,2026-09-26,24.2,10.2,1.38,LE
JHARKHAND,DEOGHAR,2026-09-27,10.5,14.5,-0.28,D
JHARKHAND,DEOGHAR,2026-09-28,0.0,7.0,-1.0,NR
JHARKHAND,DEOGHAR,2026-09-29,0.0,8.2,-1.0,NR
JHARKHAND,DEOGHAR,2026-09-30,0.0,7.2,-1.0,NR
JHARKHAND,DEOGHAR,2026-10-01,0.0,4.7,-1.0,NR
JHARKHAND,DEOGHAR,2026-10-02,0.0,6.2,-1.0,NR
JHARKHAND,DEOGHAR,2026-10-03,0.0,4.5,-1.0,NR
JHARKHAND,DEOGHAR,2026-10-04,0.0,5.6,-1.0,NR
JHARKHAND,DEOGHAR,2026-10-05,0.0,5.6,-1.0,NR
JHARKHAND,DEOGHAR,2026-10-06,0.0,3.4,-1.0,NR
JHARKHAND,DEOGHAR,2026-10-07,0.0,5.0,-1.0,NR
JHARKHAND,DEOGHAR,2026-10-08,23.7,3.2,6.4,LE
JHARKHAND,DEOGHAR,2026-10-09,3.7,4.9,-0.26,D
JHARKHAND,DHANBAD,2026-08-19,22.0,8.2,1.68,LE
JHARKHAND,DHANBAD,2026-08-20,1.6,8.7,-0.82,LD
JHARKHAND,DHANBAD,2026-08-21,1.8,8.2,-0.78,LD
JHARKHAND,DHANBAD,2026-08-22,0.0,10.7,-1.0,NR
JHARKHAND,DHANBAD,2026-08-23,3.8,8.3,-0.54,D
JHARKHAND,DHANBAD,2026-08-24,17.7,7.9,1.24,LE
JHARKHAND,DHANBAD,2026-08-25,15.3,8.3,0.84,LE
JHARKHAND,DHANBAD,2026-08-26,23.3,8.9,1.61,LE
JHARKHAND,DHANBAD,2026-08-27,5.1,13.4,-0.62,LD
JHARKHAND,DHANBAD,2026-08-28,6.6,10.3,-0.36,D
JHARKHAND,DHANBAD,2026-08-29,6.8,8.4,-0.19,N
JHARKHAND,DHANBAD,2026-08-30,19.8,6.3,2.14,LE
JHARKHAND,DHANBAD,2026-08-31,13.2,6.3,1.1,LE
JHARKHAND,DHANBAD,2026-09-01,28.5,9.8,1.91,LE
JHARKHAND,DHANBAD,2026-09-02,35.1,8.2,3.28,LE
JHARKHAND,DHANBAD,2026-09-03,8.6,8.4,0.03,N
JHARKHAND,DHANBAD,2026-09-04,0.0,8.2,-1.0,NR
JHARKHAND,DHANBAD,2026-09-05,0.0,7.4,-1.0,NR
JHARKHAND,DHANBAD,2026-09-06,0.0,10.4,-1.0,NR
JHARKHAND,DHANBAD,2026-09-07,12.3,10.5,0.17,N
JHARKHAND,DHANBAD,2026-09-08,2.7,7.6,-0.64,LD
JHARKHAND,DHANBAD,2026-09-09,17.8,8.4,1.12,LE
JHARKHAND,DHANBAD,2026-09-10,7.3,8.7,-0.16,N
JHARKHAND,DHANBAD,2026-09-11,8.4,11.5,-0.27,D
JHARKHAND,DHANBAD,2026-09-12,16.0,9.5,0.68,LE
JHARKHAND,DHANBAD,2026-09-13,3.8,8.4,-0.55,D
JHARKHAND,DHANBAD,2026-09-14,0.9,7.1,-0.87,LD
JHARKHAND,DHANBAD,2026-09-15,0.0,6.3,-1.0,NR
JHARKHAND,DHANBAD,2026-09-16,1.8,8.2,-0.78,LD
JHARKHAND,DHANBAD,2026-09-17,10.2,7.0,0.46,E
JHARKHAND,DHANBAD,2026-09-18,13.4,9.5,0.42,E
JHARKHAND,DHANBAD,2026-09-19,0.5,5.7,-0.91,LD
JHARKHAND,DHANBAD,2026-09-20,13.6,5.8,1.35,LE
JHARKHAND,DHANBAD,2026-09-21,0.1,8.5,-0.98,LD
JHARKHAND,DHANBAD,2026-09-22,0.4,10.2,-0.96,LD
JHARKHAND,DHANBAD,2026-09-23,6.1,7.7,-0.21,D
JHARKHAND,DHANBAD,2026-09-24,63.6,9.1,5.98,LE
JHARKHAND,DHANBAD,2026-09-25,29.1,8.5,2.42,LE
JHARKHAND,DHANBAD,2026-09-26,36.6,11.1,2.3,LE
JHARKHAND,DHANBAD,2026-09-27,30.6,16.6,0.84,LE
JHARKHAND,DHANBAD,2026-09-28,0.1,7.8,-0.98,LD
JHARKHAND,DHANBAD,2026-09-29,0.0,7.0,-1.0,NR
JHARKHAND,DHANBAD,2026-09-30,0.0,6.6,-1.0,NR
JHARKHAND,DHANBAD,2026-10-01,0.0,5.0,-1.0,NR
JHARKHAND,DHANBAD,2026-10-02,0.0,5.5,-1.0,NR
JHARKHAND,DHANBAD,2026-10-03,0.0,4.4,-1.0,NR
JHARKHAND,DHANBAD,2026-10-04,0.0,4.1,-1.0,NR
JHARKHAND,DHANBAD,2026-10-05,0.0,7.3,-1.0,NR
JHARKHAND,DHANBAD,2026-10-06,0.0,5.2,-1.0,NR
JHARKHAND,DHANBAD,2026-10-07,25.2,5.1,3.93,LE
JHARKHAND,DHANBAD,2026-10-08,11.9,4.3,1.76,LE
JHARKHAND,DHANBAD,2026-10-09,1.0,5.3,-0.81,LD
JHARKHAND,DUMKA,2026-08-19,11.6,7.5,0.55,E
JHARKHAND,DUMKA,2026-08-20,0.0,8.2,-1.0,NR
JHARKHAND,DUMKA,2026-08-21,0.0,7.5,-1.0,NR
JHARKHAND,DUMKA,2026-08-22,0.0,10.0,-1.0,NR
JHARKHAND,DUMKA,2026-08-23,0.0,7.9,-1.0,NR
JHARKHAND,DUMKA,2026-08-24,0.0,7.1,-1.0,NR
JHARKHAND,DUMKA,2026-08-25,13.0,9.2,0.41,E
JHARKHAND,DUMKA,2026-08-26,5.7,6.9,-0.18,N
JHARKHAND,DUMKA,2026-08-27,0.0,6.3,-1.0,NR
JHARKHAND,DUMKA,2026-08-28,0.5,7.5,-0.93,LD
JHARKHAND,DUMKA,2026-08-29,0.0,7.9,,ND
JHARKHAND,DUMKA,2026-08-30,31.2,6.2,4.04,LE
JHARKHAND,DUMKA,2026-08-31,17.8,7.6,1.34,LE
JHARKHAND,DUMKA,2026-09-01,9.1,8.9,0.02,N
JHARKHAND,DUMKA,2026-09-02,30.7,7.8,2.93,LE
JHARKHAND,DUMKA,2026-09-03,25.7,6.2,3.15,LE
JHARKHAND,DUMKA,2026-09-04,0.4,7.8,-0.95,LD
JHARKHAND,DUMKA,2026-09-05,0.5,7.5,-0.94,LD
JHARKHAND,DUMKA,2026-09-06,0.0,8.8,-1.0,NR
JHARKHAND,DUMKA,2026-09-07,20.9,7.0,1.99,LE
JHARKHAND,DUMKA,2026-09-08,0.0,5.2,-1.0,NR
JHARKHAND,DUMKA,2026-09-09,0.0,9.4,-1.0,NR
JHARKHAND,DUMKA,2026-09-10,17.9,9.4,0.9,LE
JHARKHAND,DUMKA,2026-09-11,7.3,9.4,-0.22,D
JHARKHAND,DUMKA,2026-09-12,10.1,7.8,0.29,E
JHARKHAND,DUMKA,2026-09-13,12.7,10.0,0.27,E
JHARKHAND,DUMKA,2026-09-14,28.1,9.5,1.96,LE
JHARKHAND,DUMKA,2026-09-15,0.0,8.6,-1.0,NR
JHARKHAND,DUMKA,2026-09-16,49.9,7.7,5.48,LE
JHARKHAND,DUMKA,2026-09-17,3.9,9.3,-0.58,D
JHARKHAND,DUMKA,2026-09-18,1.0,10.5,-0.9,LD
JHARKHAND,DUMKA,2026-09-19,0.0,8.6,-1.0,NR
JHARKHAND,DUMKA,2026-09-20,0.0,7.0,-1.0,NR
JHARKHAND,DUMKA,2026-09-21,1.1,9.8,-0.89,LD
JHARKHAND,DUMKA,2026-09-22,0.0,11.0,-1.0,NR
JHARKHAND,DUMKA,2026-09-23,1.8,9.6,-0.81,LD
JHARKHAND,DUMKA,2026-09-24,67.4,11.8,4.71,LE
JHARKHAND,DUMKA,2026-09-25,15.8,15.4,0.03,N
JHARKHAND,DUMKA,2026-09-26,37.7,12.1,2.12,LE
JHARKHAND,DUMKA,2026-09-27,8.3,15.5,-0.46,D
JHARKHAND,DUMKA,2026-09-28,0.0,7.2,-1.0,NR
JHARKHAND,DUMKA,2026-09-29,0.0,7.6,-1.0,NR
JHARKHAND,DUMKA,2026-09-30,0.0,8.8,-1.0,NR
JHARKHAND,DUMKA,2026-10-01,0.0,5.6,-1.0,NR
JHARKHAND,DUMKA,2026-10-02,0.0,7.0,-1.0,NR
JHARKHAND,DUMKA,2026-10-03,0.0,6.3,-1.0,NR
JHARKHAND,DUMKA,2026-10-04,0.0,7.4,-1.0,NR
JHARKHAND,DUMKA,2026-10-05,0.0,8.9,-1.0,NR
JHARKHAND,DUMKA,2026-10-06,0.0,6.1,-1.0,NR
JHARKHAND,DUMKA,2026-10-07,0.0,9.8,-1.0,NR
JHARKHAND,DUMKA,2026-10-08,21.6,6.5,2.33,LE
JHARKHAND,DUMKA,2026-10-09,0.2,7.1,-0.97,LD
JHARKHAND,EAST SINGHBHUM,2026-08-19,20.0,14.4,0.39,E
JHARKHAND,EAST SINGHBHUM,2026-08-20,1.2,12.2,-0.9,LD
JHARKHAND,EAST SINGHBHUM,2026-08-21,0.0,9.1,-1.0,LD
JHARKHAND,EAST SINGHBHUM,2026-08-22,0.5,8.6,-0.94,LD
JHARKHAND,EAST SINGHBHUM,2026-08-23,0.1,7.4,-0.99,LD
JHARKHAND,EAST SINGHBHUM,2026-08-24,8.8,4.4,1.01,LE
JHARKHAND,EAST SINGHBHUM,2026-08-25,3.9,6.5,-0.4,D
JHARKHAND,EAST SINGHBHUM,2026-08-26,1.6,9.1,-0.83,LD
JHARKHAND,EAST SINGHBHUM,2026-08-27,14.9,11.1,0.35,E
JHARKHAND,EAST SINGHBHUM,2026-08-28,29.2,12.0,1.43,LE
JHARKHAND,EAST SINGHBHUM,2026-08-29,18.8,8.6,1.18,LE
JHARKHAND,EAST SINGHBHUM,2026-08-30,12.2,6.4,0.91,LE
JHARKHAND,EAST SINGHBHUM,2026-08-31,55.5,7.5,6.4,LE
JHARKHAND,EAST SINGHBHUM,2026-09-01,67.6,6.6,9.24,LE
JHARKHAND,EAST SINGHBHUM,2026-09-02,15.3,10.9,0.41,E
JHARKHAND,EAST SINGHBHUM,2026-09-03,1.2,7.9,-0.85,LD
JHARKHAND,EAST SINGHBHUM,2026-09-04,0.0,11.5,-1.0,NR
JHARKHAND,EAST SINGHBHUM,2026-09-05,0.0,12.8,-1.0,NR
JHARKHAND,EAST SINGHBHUM,2026-09-06,0.0,12.1,-1.0,NR
JHARKHAND,EAST SINGHBHUM,2026-09-07,0.0,8.2,-1.0,NR
JHARKHAND,EAST SINGHBHUM,2026-09-08,2.6,8.8,-0.7,LD
JHARKHAND,EAST SINGHBHUM,2026-09-09,10.4,6.8,0.53,E
JHARKHAND,EAST SINGHBHUM,2026-09-10,2.6,8.5,-0.69,LD
JHARKHAND,EAST SINGHBHUM,2026-09-11,7.3,8.7,-0.16,N
JHARKHAND,EAST SINGHBHUM,2026-09-12,13.2,8.5,0.55,E
JHARKHAND,EAST SINGHBHUM,2026-09-13,10.6,5.9,0.8,LE
JHARKHAND,EAST SINGHBHUM,2026-09-14,0.0,6.6,-1.0,NR
JHARKHAND,EAST SINGHBHUM,2026-09-15,0.3,6.4,-0.95,LD
JHARKHAND,EAST SINGHBHUM,2026-09-16,0.0,6.6,-1.0,NR
JHARKHAND,EAST SINGHBHUM,2026-09-17,0.0,5.9,-1.0,NR
JHARKHAND,EAST SINGHBHUM,2026-09-18,1.9,8.0,-0.76,LD
JHARKHAND,EAST SINGHBHUM,2026-09-19,3.3,8.3,-0.6,LD
JHARKHAND,EAST SINGHBHUM,2026-09-20,0.7,4.6,-0.85,LD
JHARKHAND,EAST SINGHBHUM,2026-09-21,10.2,11.0,-0.07,N
JHARKHAND,EAST SINGHBHUM,2026-09-22,4.2,8.7,-0.52,D
JHARKHAND,EAST SINGHBHUM,2026-09-23,18.5,8.3,1.23,LE
JHARKHAND,EAST SINGHBHUM,2026-09-24,56.2,8.2,5.85,LE
JHARKHAND,EAST SINGHBHUM,2026-09-25,41.4,6.8,5.09,LE
JHARKHAND,EAST SINGHBHUM,2026-09-26,49.1,11.1,3.42,LE
JHARKHAND,EAST SINGHBHUM,2026-09-27,15.2,8.0,0.89,LE
JHARKHAND,EAST SINGHBHUM,2026-09-28,0.3,3.5,-0.91,LD
JHARKHAND,EAST SINGHBHUM,2026-09-29,0.0,4.6,-1.0,NR
JHARKHAND,EAST SINGHBHUM,2026-09-30,0.0,4.3,-1.0,NR
JHARKHAND,EAST SINGHBHUM,2026-10-01,0.0,3.7,-1.0,NR
JHARKHAND,EAST SINGHBHUM,2026-10-02,0.0,3.0,-1.0,NR
JHARKHAND,EAST SINGHBHUM,2026-10-03,0.0,4.0,-1.0,NR
JHARKHAND,EAST SINGHBHUM,2026-10-04,0.0,4.3,-1.0,NR
JHARKHAND,EAST SINGHBHUM,2026-10-05,0.0,4.7,-1.0,NR
JHARKHAND,EAST SINGHBHUM,2026-10-06,0.0,4.1,-1.0,NR
JHARKHAND,EAST SINGHBHUM,2026-10-07,5.2,3.2,0.62,LE
JHARKHAND,EAST SINGHBHUM,2026-10-08,2.7,3.8,-0.28,D
JHARKHAND,EAST SINGHBHUM,2026-10-09,0.0,2.8,-1.0,NR
JHARKHAND,GARHWA,2026-08-19,24.8,13.9,0.78,LE
JHARKHAND,GARHWA,2026-08-20,0.0,12.2,,ND
JHARKHAND,GARHWA,2026-08-21,3.2,8.0,-0.6,LD
JHARKHAND,GARHWA,2026-08-22,0.0,8.8,,ND
JHARKHAND,GARHWA,2026-08-23,12.5,8.6,0.45,E
JHARKHAND,GARHWA,2026-08-24,0.0,4.3,,ND
JHARKHAND,GARHWA,2026-08-25,80.5,4.2,18.17,LE
JHARKHAND,GARHWA,2026-08-26,12.5,6.3,0.98,LE
JHARKHAND,GARHWA,2026-08-27,0.1,7.1,-0.99,LD
JHARKHAND,GARHWA,2026-08-28,0.0,10.2,,ND
JHARKHAND,GARHWA,2026-08-29,0.0,8.4,-1.0,NR
JHARKHAND,GARHWA,2026-08-30,0.0,4.5,-1.0,NR
JHARKHAND,GARHWA,2026-08-31,0.0,5.3,,ND
JHARKHAND,GARHWA,2026-09-01,122.0,10.2,10.96,LE
JHARKHAND,GARHWA,2026-09-02,36.1,11.1,2.25,LE
JHARKHAND,GARHWA,2026-09-03,1.2,7.5,-0.83,LD
JHARKHAND,GARHWA,2026-09-04,0.0,7.1,-1.0,NR
JHARKHAND,GARHWA,2026-09-05,0.0,7.8,-1.0,NR
JHARKHAND,GARHWA,2026-09-06,0.0,7.5,-1.0,NR
JHARKHAND,GARHWA,2026-09-07,0.0,10.1,-1.0,NR
JHARKHAND,GARHWA,2026-09-08,0.0,5.8,-1.0,NR
JHARKHAND,GARHWA,2026-09-09,0.3,5.5,-0.95,LD
JHARKHAND,GARHWA,2026-09-10,0.0,6.3,-1.0,NR
JHARKHAND,GARHWA,2026-09-11,0.4,4.6,-0.91,LD
JHARKHAND,GARHWA,2026-09-12,0.0,5.6,,ND
JHARKHAND,GARHWA,2026-09-13,0.0,6.7,-1.0,NR
JHARKHAND,GARHWA,2026-09-14,0.0,5.7,,ND
JHARKHAND,GARHWA,2026-09-15,0.0,12.1,,ND
JHARKHAND,GARHWA,2026-09-16,0.0,7.8,,ND
JHARKHAND,GARHWA,2026-09-17,0.0,6.5,-1.0,NR
JHARKHAND,GARHWA,2026-09-18,0.4,7.2,-0.94,LD
JHARKHAND,GARHWA,2026-09-19,0.0,3.7,-1.0,NR
JHARKHAND,GARHWA,2026-09-20,0.0,4.1,-1.0,NR
JHARKHAND,GARHWA,2026-09-21,0.0,4.1,-1.0,NR
JHARKHAND,GARHWA,2026-09-22,0.0,6.4,-1.0,NR
JHARKHAND,GARHWA,2026-09-23,0.0,4.6,-1.0,NR
JHARKHAND,GARHWA,2026-09-24,9.5,6.4,0.48,E
JHARKHAND,GARHWA,2026-09-25,14.4,5.2,1.76,LE
JHARKHAND,GARHWA,2026-09-26,6.8,4.2,0.61,LE
JHARKHAND,GARHWA,2026-09-27,0.0,5.8,-1.0,NR
JHARKHAND,GARHWA,2026-09-28,0.0,6.2,-1.0,NR
JHARKHAND,GARHWA,2026-09-29,0.0,3.3,-1.0,NR
JHARKHAND,GARHWA,2026-09-30,0.0,1.9,-1.0,NR
JHARKHAND,GARHWA,2026-10-01,0.0,1.5,-1.0,NR
JHARKHAND,GARHWA,2026-10-02,0.0,4.1,-1.0,NR
JHARKHAND,GARHWA,2026-10-03,0.0,1.9,-1.0,NR
JHARKHAND,GARHWA,2026-10-04,0.0,2.7,-1.0,NR
JHARKHAND,GARHWA,2026-10-05,0.0,1.6,-1.0,NR
JHARKHAND,GARHWA,2026-10-06,0.0,2.0,-1.0,NR
JHARKHAND,GARHWA,2026-10-07,0.0,3.2,-1.0,NR
JHARKHAND,GARHWA,2026-10-08,13.5,4.3,2.14,LE
JHARKHAND,GARHWA,2026-10-09,0.0,2.6,-1.0,NR
JHARKHAND,GIRIDIH,2026-08-19,17.8,8.8,1.02,LE
JHARKHAND,GIRIDIH,2026-08-20,0.4,7.3,-0.95,LD
JHARKHAND,GIRIDIH,2026-08-21,2.6,7.1,-0.63,LD
JHARKHAND,GIRIDIH,2026-08-22,0.2,9.5,-0.98,LD
JHARKHAND,GIRIDIH,2026-08-23,1.3,8.1,-0.83,LD
JHARKHAND,GIRIDIH,2026-08-24,8.3,6.9,0.2,E
JHARKHAND,GIRIDIH,2026-08-25,13.3,7.2,0.85,LE
JHARKHAND,GIRIDIH,2026-08-26,0.3,6.6,-0.96,LD
JHARKHAND,GIRIDIH,2026-08-27,9.8,12.0,-0.18,N
JHARKHAND,GIRIDIH,2026-08-28,8.5,8.1,0.05,N
JHARKHAND,GIRIDIH,2026-08-29,6.1,5.7,0.06,N
JHARKHAND,GIRIDIH,2026-08-30,6.4,4.2,0.53,E
JHARKHAND,GIRIDIH,2026-08-31,10.2,6.7,0.53,E
JHARKHAND,GIRIDIH,2026-09-01,63.7,7.6,7.39,LE
JHARKHAND,GIRIDIH,2026-09-02,54.8,6.4,7.57,LE
JHARKHAND,GIRIDIH,2026-09-03,3.0,6.5,-0.54,D
JHARKHAND,GIRIDIH,2026-09-04,0.0,7.9,-1.0,NR
JHARKHAND,GIRIDIH,2026-09-05,0.0,8.1,-1.0,NR
JHARKHAND,GIRIDIH,2026-09-06,0.0,8.6,-1.0,NR
JHARKHAND,GIRIDIH,2026-09-07,26.9,9.0,1.99,LE
JHARKHAND,GIRIDIH,2026-09-08,0.9,5.7,-0.85,LD
JHARKHAND,GIRIDIH,2026-09-09,1.3,8.2,-0.84,LD
JHARKHAND,GIRIDIH,2026-09-10,15.8,8.7,0.82,LE
JHARKHAND,GIRIDIH,2026-09-11,4.6,9.4,-0.51,D
JHARKHAND,GIRIDIH,2026-09-12,9.2,9.0,0.02,N
JHARKHAND,GIRIDIH,2026-09-13,2.2,7.3,-0.7,LD
JHARKHAND,GIRIDIH,2026-09-14,0.0,5.8,-1.0,NR
JHARKHAND,GIRIDIH,2026-09-15,0.5,4.7,-0.89,LD
JHARKHAND,GIRIDIH,2026-09-16,0.9,5.5,-0.83,LD
JHARKHAND,GIRIDIH,2026-09-17,4.1,8.1,-0.49,D
JHARKHAND,GIRIDIH,2026-09-18,1.1,10.0,-0.89,LD
JHARKHAND,GIRIDIH,2026-09-19,2.5,6.8,-0.64,LD
JHARKHAND,GIRIDIH,2026-09-20,2.8,4.7,-0.39,D
JHARKHAND,GIRIDIH,2026-09-21,2.8,8.7,-0.68,LD
JHARKHAND,GIRIDIH,2026-09-22,1.0,7.1,-0.86,LD
JHARKHAND,GIRIDIH,2026-09-23,1.0,5.2,-0.8,LD
JHARKHAND,GIRIDIH,2026-09-24,75.3,6.1,11.34,LE
JHARKHAND,GIRIDIH,2026-09-25,16.9,6.4,1.64,LE
JHARKHAND,GIRIDIH,2026-09-26,32.2,10.2,2.16,LE
JHARKHAND,GIRIDIH,2026-09-27,18.5,13.1,0.41,E
JHARKHAND,GIRIDIH,2026-09-28,0.0,6.3,-1.0,NR
JHARKHAND,GIRIDIH,2026-09-29,0.0,5.2,-1.0,NR
JHARKHAND,GIRIDIH,2026-09-30,0.0,4.3,-1.0,NR
JHARKHAND,GIRIDIH,2026-10-01,0.0,4.6,-1.0,NR
JHARKHAND,GIRIDIH,2026-10-02,0.0,3.8,-1.0,NR
JHARKHAND,GIRIDIH,2026-10-03,0.0,4.4,-1.0,NR
JHARKHAND,GIRIDIH,2026-10-04,0.0,5.5,-1.0,NR
JHARKHAND,GIRIDIH,2026-10-05,0.0,6.4,-1.0,NR
JHARKHAND,GIRIDIH,2026-10-06,0.2,4.8,-0.96,LD
JHARKHAND,GIRIDIH,2026-10-07,14.8,4.6,2.22,LE
JHARKHAND,GIRIDIH,2026-10-08,12.0,5.0,1.4,LE
JHARKHAND,GIRIDIH,2026-10-09,0.0,7.5,-1.0,LD
JHARKHAND,GODDA,2026-08-19,5.5,6.1,-0.09,N
JHARKHAND,GODDA,2026-08-20,0.0,8.2,-1.0,NR
JHARKHAND,GODDA,2026-08-21,0.0,6.5,-1.0,NR
JHARKHAND,GODDA,2026-08-22,0.0,8.8,-1.0,NR
JHARKHAND,GODDA,2026-08-23,5.1,8.7,-0.41,D
JHARKHAND,GODDA,2026-08-24,1.3,10.0,-0.87,LD
JHARKHAND,GODDA,2026-08-25,7.5,5.9,0.27,E
JHARKHAND,GODDA,2026-08-26,3.5,9.0,-0.61,LD
JHARKHAND,GODDA,2026-08-27,11.7,5.8,1.02,LE
JHARKHAND,GODDA,2026-08-28,0.0,7.3,-1.0,NR
JHARKHAND,GODDA,2026-08-29,1.4,6.6,-0.79,LD
JHARKHAND,GODDA,2026-08-30,0.0,5.5,-1.0,NR
JHARKHAND,GODDA,2026-08-31,12.1,5.5,1.21,LE
JHARKHAND,GODDA,2026-09-01,5.3,4.2,0.26,E
JHARKHAND,GODDA,2026-09-02,37.7,7.0,4.39,LE
JHARKHAND,GODDA,2026-09-03,28.7,5.8,3.94,LE
JHARKHAND,GODDA,2026-09-04,10.2,9.3,0.1,N
JHARKHAND,GODDA,2026-09-05,11.1,6.0,0.84,LE
JHARKHAND,GODDA,2026-09-06,12.3,6.5,0.89,LE
JHARKHAND,GODDA,2026-09-07,0.0,5.1,-1.0,NR
JHARKHAND,GODDA,2026-09-08,0.0,6.2,-1.0,NR
JHARKHAND,GODDA,2026-09-09,4.3,8.1,-0.47,D
JHARKHAND,GODDA,2026-09-10,0.0,6.5,-1.0,NR
JHARKHAND,GODDA,2026-09-11,18.0,7.8,1.31,LE
JHARKHAND,GODDA,2026-09-12,0.0,10.9,-1.0,NR
JHARKHAND,GODDA,2026-09-13,0.0,8.4,-1.0,NR
JHARKHAND,GODDA,2026-09-14,0.0,7.2,-1.0,NR
JHARKHAND,GODDA,2026-09-15,0.0,8.4,-1.0,NR
JHARKHAND,GODDA,2026-09-16,11.3,7.1,0.6,LE
JHARKHAND,GODDA,2026-09-17,0.0,8.2,-1.0,NR
JHARKHAND,GODDA,2026-09-18,0.0,7.7,-1.0,NR
JHARKHAND,GODDA,2026-09-19,7.2,6.0,0.2,E
JHARKHAND,GODDA,2026-09-20,0.0,5.0,-1.0,NR
JHARKHAND,GODDA,2026-09-21,0.0,3.5,-1.0,NR
JHARKHAND,GODDA,2026-09-22,0.0,7.3,-1.0,NR
JHARKHAND,GODDA,2026-09-23,8.5,5.4,0.57,E
JHARKHAND,GODDA,2026-09-24,50.3,10.8,3.65,LE
JHARKHAND,GODDA,2026-09-25,38.4,9.9,2.88,LE
JHARKHAND,GODDA,2026-09-26,41.0,7.6,4.39,LE
JHARKHAND,GODDA,2026-09-27,2.2,15.6,-0.86,LD
JHARKHAND,GODDA,2026-09-28,0.0,12.9,-1.0,NR
JHARKHAND,GODDA,2026-09-29,0.0,6.1,-1.0,NR
JHARKHAND,GODDA,2026-09-30,0.0,8.0,-1.0,NR
JHARKHAND,GODDA,2026-10-01,0.0,3.2,-1.0,NR
JHARKHAND,GODDA,2026-10-02,0.0,2.4,-1.0,NR
JHARKHAND,GODDA,2026-10-03,0.0,5.9,-1.0,NR
JHARKHAND,GODDA,2026-10-04,0.0,5.2,-1.0,NR
JHARKHAND,GODDA,2026-10-05,0.0,8.0,-1.0,NR
JHARKHAND,GODDA,2026-10-06,3.3,7.1,-0.53,D
JHARKHAND,GODDA,2026-10-07,0.0,7.1,-1.0,NR
JHARKHAND,GODDA,2026-10-08,7.4,6.8,0.09,N
JHARKHAND,GODDA,2026-10-09,0.0,5.0,-1.0,NR
JHARKHAND,GUMLA,2026-08-19,30.1,11.2,1.69,LE
JHARKHAND,GUMLA,2026-08-20,3.1,11.7,-0.73,LD
JHARKHAND,GUMLA,2026-08-21,0.1,11.1,-0.99,LD
JHARKHAND,GUMLA,2026-08-22,0.0,7.9,-1.0,NR
JHARKHAND,GUMLA,2026-08-23,12.0,8.5,0.41,E
JHARKHAND,GUMLA,2026-08-24,13.7,3.9,2.51,LE
JHARKHAND,GUMLA,2026-08-25,5.0,6.6,-0.24,D
JHARKHAND,GUMLA,2026-08-26,9.2,6.4,0.43,E
JHARKHAND,GUMLA,2026-08-27,1.1,6.9,-0.84,LD
JHARKHAND,GUMLA,2026-08-28,11.8,9.4,0.25,E
JHARKHAND,GUMLA,2026-08-29,5.6,9.1,-0.38,D
JHARKHAND,GUMLA,2026-08-30,12.4,6.1,1.03,LE
JHARKHAND,GUMLA,2026-08-31,8.0,7.1,0.13,N
JHARKHAND,GUMLA,2026-09-01,15.3,9.9,0.55,E
JHARKHAND,GUMLA,2026-09-02,3.5,8.7,-0.6,LD
JHARKHAND,GUMLA,2026-09-03,0.9,9.5,-0.91,LD
JHARKHAND,GUMLA,2026-09-04,2.8,8.0,-0.65,LD
JHARKHAND,GUMLA,2026-09-05,0.0,8.1,-1.0,NR
JHARKHAND,GUMLA,2026-09-06,0.0,11.3,-1.0,NR
JHARKHAND,GUMLA,2026-09-07,0.2,8.7,-0.97,LD
JHARKHAND,GUMLA,2026-09-08,0.4,8.5,-0.95,LD
JHARKHAND,GUMLA,2026-09-09,8.0,7.6,0.05,N
JHARKHAND,GUMLA,2026-09-10,1.0,11.4,-0.91,LD
JHARKHAND,GUMLA,2026-09-11,6.4,9.6,-0.33,D
JHARKHAND,GUMLA,2026-09-12,2.7,13.1,-0.8,LD
JHARKHAND,GUMLA,2026-09-13,0.0,8.2,-1.0,NR
JHARKHAND,GUMLA,2026-09-14,0.0,7.0,-1.0,NR
JHARKHAND,GUMLA,2026-09-15,0.0,6.9,-1.0,NR
JHARKHAND,GUMLA,2026-09-16,0.0,7.3,-1.0,NR
JHARKHAND,GUMLA,2026-09-17,1.5,6.7,-0.78,LD
JHARKHAND,GUMLA,2026-09-18,4.0,9.1,-0.56,D
JHARKHAND,GUMLA,2026-09-19,1.1,9.5,-0.89,LD
JHARKHAND,GUMLA,2026-09-20,1.7,5.4,-0.69,LD
JHARKHAND,GUMLA,2026-09-21,1.6,4.5,-0.64,LD
JHARKHAND,GUMLA,2026-09-22,2.7,4.8,-0.44,D
JHARKHAND,GUMLA,2026-09-23,3.2,5.6,-0.43,D
JHARKHAND,GUMLA,2026-09-24,14.3,8.5,0.68,LE
JHARKHAND,GUMLA,2026-09-25,24.7,6.2,2.98,LE
JHARKHAND,GUMLA,2026-09-26,29.4,4.7,5.26,LE
JHARKHAND,GUMLA,2026-09-27,1.5,4.1,-0.63,LD
JHARKHAND,GUMLA,2026-09-28,0.0,4.3,-1.0,NR
JHARKHAND,GUMLA,2026-09-29,0.0,4.3,-1.0,NR
JHARKHAND,GUMLA,2026-09-30,0.0,3.6,-1.0,NR
JHARKHAND,GUMLA,2026-10-01,0.0,2.8,-1.0,NR
JHARKHAND,GUMLA,2026-10-02,0.0,5.7,-1.0,NR
JHARKHAND,GUMLA,2026-10-03,0.0,4.5,-1.0,NR
JHARKHAND,GUMLA,2026-10-04,0.0,2.4,-1.0,NR
JHARKHAND,GUMLA,2026-10-05,0.0,3.7,-1.0,NR
JHARKHAND,GUMLA,2026-10-06,0.0,3.5,-1.0,NR
JHARKHAND,GUMLA,2026-10-07,4.5,5.7,-0.21,D
JHARKHAND,GUMLA,2026-10-08,0.8,3.1,-0.75,LD
JHARKHAND,GUMLA,2026-10-09,0.0,5.3,-1.0,NR
JHARKHAND,HAZARIBAGH,2026-08-19,20.4,9.9,1.06,LE
JHARKHAND,HAZARIBAGH,2026-08-20,0.4,8.4,-0.95,LD
JHARKHAND,HAZARIBAGH,2026-08-21,0.0,11.0,-1.0,LD
JHARKHAND,HAZARIBAGH,2026-08-22,0.0,10.6,-1.0,NR
JHARKHAND,HAZARIBAGH,2026-08-23,0.2,7.5,-0.98,LD
JHARKHAND,HAZARIBAGH,2026-08-24,11.2,6.3,0.78,LE
JHARKHAND,HAZARIBAGH,2026-08-25,6.8,7.4,-0.08,N
JHARKHAND,HAZARIBAGH,2026-08-26,10.1,8.2,0.23,E
JHARKHAND,HAZARIBAGH,2026-08-27,7.5,10.2,-0.26,D
JHARKHAND,HAZARIBAGH,2026-08-28,20.0,9.0,1.22,LE
JHARKHAND,HAZARIBAGH,2026-08-29,6.2,7.2,-0.14,N
JHARKHAND,HAZARIBAGH,2026-08-30,5.4,7.1,-0.24,D
JHARKHAND,HAZARIBAGH,2026-08-31,7.8,6.9,0.13,N
JHARKHAND,HAZARIBAGH,2026-09-01,43.6,9.0,3.84,LE
JHARKHAND,HAZARIBAGH,2026-09-02,42.7,7.9,4.41,LE
JHARKHAND,HAZARIBAGH,2026-09-03,4.3,8.2,-0.48,D
JHARKHAND,HAZARIBAGH,2026-09-04,0.0,8.0,-1.0,NR
JHARKHAND,HAZARIBAGH,2026-09-05,0.0,7.0,-1.0,NR
JHARKHAND,HAZARIBAGH,2026-09-06,0.5,10.9,-0.96,LD
JHARKHAND,HAZARIBAGH,2026-09-07,3.6,9.9,-0.63,LD
JHARKHAND,HAZARIBAGH,2026-09-08,3.9,6.0,-0.34,D
JHARKHAND,HAZARIBAGH,2026-09-09,8.8,9.2,-0.05,N
JHARKHAND,HAZARIBAGH,2026-09-10,12.3,8.3,0.48,E
JHARKHAND,HAZARIBAGH,2026-09-11,6.3,9.2,-0.31,D
JHARKHAND,HAZARIBAGH,2026-09-12,8.3,10.0,-0.17,N
JHARKHAND,HAZARIBAGH,2026-09-13,0.7,7.0,-0.9,LD
JHARKHAND,HAZARIBAGH,2026-09-14,0.0,5.4,-1.0,NR
JHARKHAND,HAZARIBAGH,2026-09-15,2.2,7.2,-0.69,LD
JHARKHAND,HAZARIBAGH,2026-09-16,0.0,7.0,-1.0,NR
JHARKHAND,HAZARIBAGH,2026-09-17,5.1,8.0,-0.37,D
JHARKHAND,HAZARIBAGH,2026-09-18,2.8,11.8,-0.76,LD
JHARKHAND,HAZARIBAGH,2026-09-19,0.0,6.4,-1.0,NR
JHARKHAND,HAZARIBAGH,2026-09-20,2.3,4.4,-0.48,D
JHARKHAND,HAZARIBAGH,2026-09-21,0.2,7.3,-0.98,LD
JHARKHAND,HAZARIBAGH,2026-09-22,0.9,8.7,-0.9,LD
JHARKHAND,HAZARIBAGH,2026-09-23,2.4,8.9,-0.73,LD
JHARKHAND,HAZARIBAGH,2026-09-24,42.6,8.3,4.13,LE
JHARKHAND,HAZARIBAGH,2026-09-25,24.7,6.9,2.57,LE
JHARKHAND,HAZARIBAGH,2026-09-26,25.5,10.0,1.55,LE
JHARKHAND,HAZARIBAGH,2026-09-27,19.4,7.4,1.62,LE
JHARKHAND,HAZARIBAGH,2026-09-28,0.0,5.7,-1.0,NR
JHARKHAND,HAZARIBAGH,2026-09-29,0.0,5.1,-1.0,NR
JHARKHAND,HAZARIBAGH,2026-09-30,0.0,4.4,-1.0,NR
JHARKHAND,HAZARIBAGH,2026-10-01,0.0,4.1,-1.0,NR
JHARKHAND,HAZARIBAGH,2026-10-02,0.0,4.3,-1.0,NR
JHARKHAND,HAZARIBAGH,2026-10-03,0.0,4.4,-1.0,NR
JHARKHAND,HAZARIBAGH,2026-10-04,0.0,4.4,-1.0,NR
JHARKHAND,HAZARIBAGH,2026-10-05,0.0,7.1,-1.0,NR
JHARKHAND,HAZARIBAGH,2026-10-06,4.8,3.8,0.27,E
JHARKHAND,HAZARIBAGH,2026-10-07,11.9,4.4,1.71,LE
JHARKHAND,HAZARIBAGH,2026-10-08,20.6,4.9,3.2,LE
JHARKHAND,HAZARIBAGH,2026-10-09,0.0,6.2,-1.0,NR
JHARKHAND,JAMTARA,2026-08-19,14.9,8.8,0.69,LE
JHARKHAND,JAMTARA,2026-08-20,0.0,10.5,-1.0,NR
JHARKHAND,JAMTARA,2026-08-21,0.2,7.3,-0.97,LD
JHARKHAND,JAMTARA,2026-08-22,0.0,8.4,-1.0,NR
JHARKHAND,JAMTARA,2026-08-23,0.0,8.4,-1.0,NR
JHARKHAND,JAMTARA,2026-08-24,0.8,8.8,-0.91,LD
JHARKHAND,JAMTARA,2026-08-25,38.2,7.6,4.02,LE
JHARKHAND,JAMTARA,2026-08-26,12.7,6.2,1.05,LE
JHARKHAND,JAMTARA,2026-08-27,1.4,10.8,-0.87,LD
JHARKHAND,JAMTARA,2026-08-28,0.3,7.5,-0.96,LD
JHARKHAND,JAMTARA,2026-08-29,2.1,7.5,-0.72,LD
JHARKHAND,JAMTARA,2026-08-30,31.5,5.4,4.84,LE
JHARKHAND,JAMTARA,2026-08-31,9.5,6.7,0.41,E
JHARKHAND,JAMTARA,2026-09-01,26.2,9.2,1.84,LE
JHARKHAND,JAMTARA,2026-09-02,129.3,5.9,20.91,LE
JHARKHAND,JAMTARA,2026-09-03,4.8,6.5,-0.26,D
JHARKHAND,JAMTARA,2026-09-04,1.3,6.9,-0.81,LD
JHARKHAND,JAMTARA,2026-09-05,0.0,6.8,-1.0,NR
JHARKHAND,JAMTARA,2026-09-06,0.0,7.8,-1.0,NR
JHARKHAND,JAMTARA,2026-09-07,3.3,10.4,-0.68,LD
JHARKHAND,JAMTARA,2026-09-08,0.0,3.7,-1.0,NR
JHARKHAND,JAMTARA,2026-09-09,20.5,6.6,2.1,LE
JHARKHAND,JAMTARA,2026-09-10,26.3,5.6,3.69,LE
JHARKHAND,JAMTARA,2026-09-11,10.6,8.3,0.28,E
JHARKHAND,JAMTARA,2026-09-12,10.8,8.7,0.24,E
JHARKHAND,JAMTARA,2026-09-13,12.6,8.6,0.46,E
JHARKHAND,JAMTARA,2026-09-14,0.0,7.9,-1.0,NR
JHARKHAND,JAMTARA,2026-09-15,0.0,6.1,-1.0,NR
JHARKHAND,JAMTARA,2026-09-16,0.0,7.1,-1.0,NR
JHARKHAND,JAMTARA,2026-09-17,3.3,6.3,-0.48,D
JHARKHAND,JAMTARA,2026-09-18,16.0,8.5,0.89,LE
JHARKHAND,JAMTARA,2026-09-19,6.5,5.8,0.12,N
JHARKHAND,JAMTARA,2026-09-20,0.0,4.8,-1.0,NR
JHARKHAND,JAMTARA,2026-09-21,1.8,9.2,-0.8,LD
JHARKHAND,JAMTARA,2026-09-22,0.0,13.3,-1.0,NR
JHARKHAND,JAMTARA,2026-09-23,4.7,7.0,-0.33,D
JHARKHAND,JAMTARA,2026-09-24,40.5,11.0,2.68,LE
JHARKHAND,JAMTARA,2026-09-25,16.9,13.1,0.29,E
JHARKHAND,JAMTARA,2026-09-26,41.9,9.8,3.28,LE
JHARKHAND,JAMTARA,2026-09-27,35.5,17.4,1.04,LE
JHARKHAND,JAMTARA,2026-09-28,0.0,5.5,-1.0,NR
JHARKHAND,JAMTARA,2026-09-29,0.0,7.1,-1.0,NR
JHARKHAND,JAMTARA,2026-09-30,0.0,7.9,-1.0,NR
JHARKHAND,JAMTARA,2026-10-01,0.0,5.4,-1.0,NR
JHARKHAND,JAMTARA,2026-10-02,0.0,7.2,-1.0,NR
JHARKHAND,JAMTARA,2026-10-03,0.0,4.5,-1.0,NR
JHARKHAND,JAMTARA,2026-10-04,0.0,5.5,-1.0,NR
JHARKHAND,JAMTARA,2026-10-05,0.0,7.9,-1.0,NR
JHARKHAND,JAMTARA,2026-10-06,0.0,4.5,-1.0,NR
JHARKHAND,JAMTARA,2026-10-07,0.0,9.2,-1.0,LD
JHARKHAND,JAMTARA,2026-10-08,11.7,5.4,1.17,LE
JHARKHAND,JAMTARA,2026-10-09,0.0,6.2,-1.0,NR
JHARKHAND,KHUNTI,2026-08-19,17.0,14.2,0.2,E
JHARKHAND,KHUNTI,2026-08-20,3.5,13.4,-0.74,LD
JHARKHAND,KHUNTI,2026-08-21,0.0,12.7,-1.0,NR
JHARKHAND,KHUNTI,2026-08-22,0.0,8.8,-1.0,NR
JHARKHAND,KHUNTI,2026-08-23,0.0,10.4,-1.0,NR
JHARKHAND,KHUNTI,2026-08-24,13.4,5.8,1.31,LE
JHARKHAND,KHUNTI,2026-08-25,8.8,9.5,-0.08,N
JHARKHAND,KHUNTI,2026-08-26,2.5,9.2,-0.73,LD
JHARKHAND,KHUNTI,2026-08-27,3.2,12.4,-0.74,LD
JHARKHAND,KHUNTI,2026-08-28,8.7,14.0,-0.38,D
JHARKHAND,KHUNTI,2026-08-29,9.7,8.9,0.09,N
JHARKHAND,KHUNTI,2026-08-30,2.9,8.3,-0.65,LD
JHARKHAND,KHUNTI,2026-08-31,13.6,6.2,1.19,LE
JHARKHAND,KHUNTI,2026-09-01,4.2,7.0,-0.4,D
JHARKHAND,KHUNTI,2026-09-02,12.9,10.6,0.22,E
JHARKHAND,KHUNTI,2026-09-03,2.3,10.0,-0.77,LD
JHARKHAND,KHUNTI,2026-09-04,0.0,13.1,-1.0,NR
JHARKHAND,KHUNTI,2026-09-05,0.0,10.0,-1.0,NR
JHARKHAND,KHUNTI,2026-09-06,0.0,10.9,-1.0,NR
JHARKHAND,KHUNTI,2026-09-07,0.0,9.4,-1.0,NR
JHARKHAND,KHUNTI,2026-09-08,0.0,7.9,-1.0,NR
JHARKHAND,KHUNTI,2026-09-09,5.8,10.3,-0.44,D
JHARKHAND,KHUNTI,2026-09-10,4.9,10.1,-0.51,D
JHARKHAND,KHUNTI,2026-09-11,12.2,10.1,0.21,E
JHARKHAND,KHUNTI,2026-09-12,7.5,12.5,-0.4,D
JHARKHAND,KHUNTI,2026-09-13,0.5,6.7,-0.93,LD
JHARKHAND,KHUNTI,2026-09-14,0.0,5.1,-1.0,NR
JHARKHAND,KHUNTI,2026-09-15,0.6,8.1,-0.92,LD
JHARKHAND,KHUNTI,2026-09-16,3.5,5.9,-0.42,D
JHARKHAND,KHUNTI,2026-09-17,0.0,7.9,-1.0,NR
JHARKHAND,KHUNTI,2026-09-18,12.7,9.5,0.34,E
JHARKHAND,KHUNTI,2026-09-19,10.4,7.4,0.4,E
JHARKHAND,KHUNTI,2026-09-20,0.0,5.4,-1.0,NR
JHARKHAND,KHUNTI,2026-09-21,2.5,5.6,-0.56,D
JHARKHAND,KHUNTI,2026-09-22,2.3,7.5,-0.7,LD
JHARKHAND,KHUNTI,2026-09-23,14.6,7.5,0.95,LE
JHARKHAND,KHUNTI,2026-09-24,38.1,6.7,4.69,LE
JHARKHAND,KHUNTI,2026-09-25,47.7,5.8,7.22,LE
JHARKHAND,KHUNTI,2026-09-26,34.5,7.4,3.67,LE
JHARKHAND,KHUNTI,2026-09-27,1.5,5.1,-0.71,LD
JHARKHAND,KHUNTI,2026-09-28,0.0,3.6,-1.0,NR
JHARKHAND,KHUNTI,2026-09-29,0.0,4.2,-1.0,NR
JHARKHAND,KHUNTI,2026-09-30,0.0,4.1,-1.0,NR
JHARKHAND,KHUNTI,2026-10-01,0.0,4.6,-1.0,NR
JHARKHAND,KHUNTI,2026-10-02,0.0,4.5,-1.0,NR
JHARKHAND,KHUNTI,2026-10-03,0.0,4.9,-1.0,NR
JHARKHAND,KHUNTI,2026-10-04,0.0,4.0,-1.0,NR
JHARKHAND,KHUNTI,2026-10-05,0.0,5.0,-1.0,NR
JHARKHAND,KHUNTI,2026-10-06,0.0,3.5,-1.0,NR
JHARKHAND,KHUNTI,2026-10-07,2.1,4.2,-0.49,D
JHARKHAND,KHUNTI,2026-10-08,0.2,4.7,-0.95,LD
JHARKHAND,KHUNTI,2026-10-09,0.0,5.3,-1.0,NR
JHARKHAND,KODERMA,2026-08-19,10.4,9.4,0.11,N
JHARKHAND,KODERMA,2026-08-20,1.2,6.5,-0.82,LD
JHARKHAND,KODERMA,2026-08-21,0.0,8.9,-1.0,NR
JHARKHAND,KODERMA,2026-08-22,0.0,11.4,-1.0,NR
JHARKHAND,KODERMA,2026-08-23,0.3,7.2,-0.96,LD
JHARKHAND,KODERMA,2026-08-24,7.1,4.5,0.59,E
JHARKHAND,KODERMA,2026-08-25,11.2,6.9,0.62,LE
JHARKHAND,KODERMA,2026-08-26,1.1,6.0,-0.82,LD
JHARKHAND,KODERMA,2026-08-27,3.3,5.9,-0.43,D
JHARKHAND,KODERMA,2026-08-28,4.4,6.4,-0.31,D
JHARKHAND,KODERMA,2026-08-29,8.4,4.1,1.06,LE
JHARKHAND,KODERMA,2026-08-30,4.6,3.9,0.17,N
JHARKHAND,KODERMA,2026-08-31,22.9,6.3,2.64,LE
JHARKHAND,KODERMA,2026-09-01,41.2,8.4,3.91,LE
JHARKHAND,KODERMA,2026-09-02,77.5,8.0,8.69,LE
JHARKHAND,KODERMA,2026-09-03,6.2,5.9,0.06,N
JHARKHAND,KODERMA,2026-09-04,0.0,4.6,-1.0,NR
JHARKHAND,KODERMA,2026-09-05,0.0,7.6,-1.0,NR
JHARKHAND,KODERMA,2026-09-06,0.1,9.6,-0.99,LD
JHARKHAND,KODERMA,2026-09-07,42.1,12.4,2.39,LE
JHARKHAND,KODERMA,2026-09-08,3.1,7.1,-0.56,D
JHARKHAND,KODERMA,2026-09-09,6.3,9.5,-0.34,D
JHARKHAND,KODERMA,2026-09-10,12.1,7.6,0.6,LE
JHARKHAND,KODERMA,2026-09-11,3.5,7.3,-0.52,D
JHARKHAND,KODERMA,2026-09-12,2.2,6.9,-0.68,LD
JHARKHAND,KODERMA,2026-09-13,0.0,8.0,-1.0,NR
JHARKHAND,KODERMA,2026-09-14,0.0,7.1,-1.0,NR
JHARKHAND,KODERMA,2026-09-15,0.0,4.6,-0.99,LD
JHARKHAND,KODERMA,2026-09-16,0.0,5.0,-1.0,NR
JHARKHAND,KODERMA,2026-09-17,3.4,5.9,-0.43,D
JHARKHAND,KODERMA,2026-09-18,0.0,10.6,-1.0,NR
JHARKHAND,KODERMA,2026-09-19,0.0,4.9,-1.0,NR
JHARKHAND,KODERMA,2026-09-20,13.0,5.7,1.27,LE
JHARKHAND,KODERMA,2026-09-21,0.5,6.6,-0.93,LD
JHARKHAND,KODERMA,2026-09-22,0.3,8.4,-0.97,LD
JHARKHAND,KODERMA,2026-09-23,9.1,9.0,0.01,N
JHARKHAND,KODERMA,2026-09-24,35.7,5.4,5.61,LE
JHARKHAND,KODERMA,2026-09-25,21.3,8.7,1.45,LE
JHARKHAND,KODERMA,2026-09-26,13.8,6.8,1.03,LE
JHARKHAND,KODERMA,2026-09-27,13.7,8.5,0.62,LE
JHARKHAND,KODERMA,2026-09-28,0.0,8.5,-1.0,NR
JHARKHAND,KODERMA,2026-09-29,0.0,5.7,-1.0,NR
JHARKHAND,KODERMA,2026-09-30,0.0,2.9,-1.0,NR
JHARKHAND,KODERMA,2026-10-01,0.0,2.8,-1.0,NR
JHARKHAND,KODERMA,2026-10-02,0.0,3.1,-1.0,NR
JHARKHAND,KODERMA,2026-10-03,0.0,3.6,-1.0,NR
JHARKHAND,KODERMA,2026-10-04,0.0,4.4,-1.0,NR
JHARKHAND,KODERMA,2026-10-05,0.0,5.0,-1.0,NR
JHARKHAND,KODERMA,2026-10-06,0.0,5.3,-1.0,NR
JHARKHAND,KODERMA,2026-10-07,23.8,5.5,3.33,LE
JHARKHAND,KODERMA,2026-10-08,12.8,3.1,3.14,LE
JHARKHAND,KODERMA,2026-10-09,0.0,5.5,-1.0,NR
JHARKHAND,LATEHAR,2026-08-19,101.0,14.1,6.16,LE
JHARKHAND,LATEHAR,2026-08-20,4.0,12.5,-0.68,LD
JHARKHAND,LATEHAR,2026-08-21,1.3,8.5,-0.84,LD
JHARKHAND,LATEHAR,2026-08-22,0.0,8.7,-1.0,NR
JHARKHAND,LATEHAR,2026-08-23,2.4,7.0,-0.66,LD
JHARKHAND,LATEHAR,2026-08-24,39.4,5.3,6.43,LE
JHARKHAND,LATEHAR,2026-08-25,38.5,5.2,6.41,LE
JHARKHAND,LATEHAR,2026-08-26,9.9,8.0,0.24,E
JHARKHAND,LATEHAR,2026-08-27,3.2,8.7,-0.64,LD
JHARKHAND,LATEHAR,2026-08-28,11.0,11.7,-0.06,N
JHARKHAND,LATEHAR,2026-08-29,59.6,8.8,5.77,LE
JHARKHAND,LATEHAR,2026-08-30,75.8,6.7,10.31,LE
JHARKHAND,LATEHAR,2026-08-31,35.7,7.4,3.83,LE
JHARKHAND,LATEHAR,2026-09-01,29.8,8.5,2.5,LE
JHARKHAND,LATEHAR,2026-09-02,10.8,9.6,0.13,N
JHARKHAND,LATEHAR,2026-09-03,0.0,8.7,-1.0,NR
JHARKHAND,LATEHAR,2026-09-04,0.0,7.6,-1.0,NR
JHARKHAND,LATEHAR,2026-09-05,0.0,8.4,-1.0,NR
JHARKHAND,LATEHAR,2026-09-06,0.0,11.3,-1.0,NR
JHARKHAND,LATEHAR,2026-09-07,17.9,7.6,1.36,LE
JHARKHAND,LATEHAR,2026-09-08,0.0,8.0,-1.0,NR
JHARKHAND,LATEHAR,2026-09-09,19.9,5.2,2.83,LE
JHARKHAND,LATEHAR,2026-09-10,11.8,8.6,0.37,E
JHARKHAND,LATEHAR,2026-09-11,4.4,8.9,-0.5,D
JHARKHAND,LATEHAR,2026-09-12,0.0,8.7,-1.0,NR
JHARKHAND,LATEHAR,2026-09-13,0.0,6.5,-1.0,NR
JHARKHAND,LATEHAR,2026-09-14,0.0,5.3,-1.0,NR
JHARKHAND,LATEHAR,2026-09-15,0.0,11.7,-1.0,NR
JHARKHAND,LATEHAR,2026-09-16,0.0,5.9,-1.0,NR
JHARKHAND,LATEHAR,2026-09-17,2.0,4.9,-0.59,LD
JHARKHAND,LATEHAR,2026-09-18,0.6,10.4,-0.94,LD
JHARKHAND,LATEHAR,2026-09-19,0.0,6.1,-1.0,NR
JHARKHAND,LATEHAR,2026-09-20,8.5,3.6,1.36,LE
JHARKHAND,LATEHAR,2026-09-21,13.1,5.8,1.26,LE
JHARKHAND,LATEHAR,2026-09-22,1.0,5.4,-0.81,LD
JHARKHAND,LATEHAR,2026-09-23,0.5,6.4,-0.92,LD
JHARKHAND,LATEHAR,2026-09-24,26.2,6.5,3.03,LE
JHARKHAND,LATEHAR,2026-09-25,13.8,5.1,1.7,LE
JHARKHAND,LATEHAR,2026-09-26,27.5,5.6,3.91,LE
JHARKHAND,LATEHAR,2026-09-27,0.2,4.5,-0.96,LD
JHARKHAND,LATEHAR,2026-09-28,0.0,5.0,-1.0,NR
JHARKHAND,LATEHAR,2026-09-29,0.0,3.1,-1.0,NR
JHARKHAND,LATEHAR,2026-09-30,0.0,2.5,-1.0,NR
JHARKHAND,LATEHAR,2026-10-01,0.0,2.7,-1.0,NR
JHARKHAND,LATEHAR,2026-10-02,0.0,4.9,-1.0,NR
JHARKHAND,LATEHAR,2026-10-03,0.0,3.5,-1.0,NR
JHARKHAND,LATEHAR,2026-10-04,0.0,2.3,-1.0,NR
JHARKHAND,LATEHAR,2026-10-05,0.0,2.7,-1.0,NR
JHARKHAND,LATEHAR,2026-10-06,0.0,2.7,-1.0,NR
JHARKHAND,LATEHAR,2026-10-07,12.1,4.5,1.68,LE
JHARKHAND,LATEHAR,2026-10-08,11.9,3.7,2.21,LE
JHARKHAND,LATEHAR,2026-10-09,0.0,5.1,-1.0,NR
JHARKHAND,LOHARDAGA,2026-08-19,60.1,11.9,4.05,LE
JHARKHAND,LOHARDAGA,2026-08-20,6.2,10.0,-0.38,D
JHARKHAND,LOHARDAGA,2026-08-21,0.0,9.4,-1.0,NR
JHARKHAND,LOHARDAGA,2026-08-22,0.0,7.6,-1.0,NR
JHARKHAND,LOHARDAGA,2026-08-23,4.5,7.7,-0.42,D
JHARKHAND,LOHARDAGA,2026-08-24,21.6,5.8,2.72,LE
JHARKHAND,LOHARDAGA,2026-08-25,6.5,5.0,0.3,E
JHARKHAND,LOHARDAGA,2026-08-26,0.5,7.8,-0.94,LD
JHARKHAND,LOHARDAGA,2026-08-27,0.4,7.6,-0.95,LD
JHARKHAND,LOHARDAGA,2026-08-28,20.5,8.8,1.33,LE
JHARKHAND,LOHARDAGA,2026-08-29,3.3,7.1,-0.54,D
JHARKHAND,LOHARDAGA,2026-08-30,11.5,3.0,2.83,LE
JHARKHAND,LOHARDAGA,2026-08-31,25.3,6.0,3.21,LE
JHARKHAND,LOHARDAGA,2026-09-01,16.4,7.5,1.19,LE
JHARKHAND,LOHARDAGA,2026-09-02,5.8,7.2,-0.2,D
JHARKHAND,LOHARDAGA,2026-09-03,0.0,9.0,-1.0,NR
JHARKHAND,LOHARDAGA,2026-09-04,0.0,6.8,-1.0,NR
JHARKHAND,LOHARDAGA,2026-09-05,0.0,7.1,-1.0,NR
JHARKHAND,LOHARDAGA,2026-09-06,0.0,10.3,,ND
JHARKHAND,LOHARDAGA,2026-09-07,0.0,9.4,-1.0,NR
JHARKHAND,LOHARDAGA,2026-09-08,10.4,5.0,1.08,LE
JHARKHAND,LOHARDAGA,2026-09-09,44.5,4.6,8.67,LE
JHARKHAND,LOHARDAGA,2026-09-10,1.8,7.8,-0.78,LD
JHARKHAND,LOHARDAGA,2026-09-11,23.1,8.1,1.85,LE
JHARKHAND,LOHARDAGA,2026-09-12,0.5,9.4,-0.95,LD
JHARKHAND,LOHARDAGA,2026-09-13,0.0,5.7,-1.0,NR
JHARKHAND,LOHARDAGA,2026-09-14,0.0,5.0,-1.0,NR
JHARKHAND,LOHARDAGA,2026-09-15,0.0,10.2,-1.0,NR
JHARKHAND,LOHARDAGA,2026-09-16,0.0,8.6,-1.0,NR
JHARKHAND,LOHARDAGA,2026-09-17,21.0,5.5,2.82,LE
JHARKHAND,LOHARDAGA,2026-09-18,6.3,11.3,-0.44,D
JHARKHAND,LOHARDAGA,2026-09-19,0.0,5.8,-1.0,NR
JHARKHAND,LOHARDAGA,2026-09-20,0.0,5.8,-1.0,NR
JHARKHAND,LOHARDAGA,2026-09-21,2.3,6.6,-0.65,LD
JHARKHAND,LOHARDAGA,2026-09-22,0.0,4.8,-1.0,NR
JHARKHAND,LOHARDAGA,2026-09-23,9.5,7.5,0.27,E
JHARKHAND,LOHARDAGA,2026-09-24,31.2,6.4,3.87,LE
JHARKHAND,LOHARDAGA,2026-09-25,26.4,5.4,3.89,LE
JHARKHAND,LOHARDAGA,2026-09-26,30.0,6.2,3.84,LE
JHARKHAND,LOHARDAGA,2026-09-27,23.0,5.1,3.51,LE
JHARKHAND,LOHARDAGA,2026-09-28,0.0,4.8,-1.0,NR
JHARKHAND,LOHARDAGA,2026-09-29,0.0,5.3,-1.0,NR
JHARKHAND,LOHARDAGA,2026-09-30,0.0,3.6,-1.0,NR
JHARKHAND,LOHARDAGA,2026-10-01,0.0,3.0,-1.0,NR
JHARKHAND,LOHARDAGA,2026-10-02,0.0,4.4,-1.0,NR
JHARKHAND,LOHARDAGA,2026-10-03,0.0,4.1,-1.0,NR
JHARKHAND,LOHARDAGA,2026-10-04,0.0,4.0,-1.0,NR
JHARKHAND,LOHARDAGA,2026-10-05,0.0,3.4,-1.0,NR
JHARKHAND,LOHARDAGA,2026-10-06,0.0,4.0,-1.0,NR
JHARKHAND,LOHARDAGA,2026-10-07,9.6,5.3,0.81,LE
JHARKHAND,LOHARDAGA,2026-10-08,26.6,3.2,7.3,LE
JHARKHAND,LOHARDAGA,2026-10-09,0.0,3.9,-1.0,NR
JHARKHAND,PAKUR,2026-08-19,14.0,8.7,0.61,LE
JHARKHAND,PAKUR,2026-08-20,1.4,10.1,-0.86,LD
JHARKHAND,PAKUR,2026-08-21,0.0,10.0,-1.0,NR
JHARKHAND,PAKUR,2026-08-22,0.0,11.6,-1.0,NR
JHARKHAND,PAKUR,2026-08-23,5.2,7.5,-0.3,D
JHARKHAND,PAKUR,2026-08-24,0.0,12.1,-1.0,NR
JHARKHAND,PAKUR,2026-08-25,19.9,9.4,1.11,LE
JHARKHAND,PAKUR,2026-08-26,6.6,9.4,-0.29,D
JHARKHAND,PAKUR,2026-08-27,3.1,8.4,-0.63,LD
JHARKHAND,PAKUR,2026-08-28,2.2,11.8,-0.82,LD
JHARKHAND,PAKUR,2026-08-29,0.0,6.6,-1.0,NR
JHARKHAND,PAKUR,2026-08-30,10.9,7.9,0.38,E
JHARKHAND,PAKUR,2026-08-31,14.0,8.9,0.57,E
JHARKHAND,PAKUR,2026-09-01,13.6,8.5,0.6,LE
JHARKHAND,PAKUR,2026-09-02,18.6,9.1,1.05,LE
JHARKHAND,PAKUR,2026-09-03,33.5,6.9,3.85,LE
JHARKHAND,PAKUR,2026-09-04,5.4,9.6,-0.44,D
JHARKHAND,PAKUR,2026-09-05,0.5,7.5,-0.93,LD
JHARKHAND,PAKUR,2026-09-06,6.7,11.4,-0.41,D
JHARKHAND,PAKUR,2026-09-07,6.9,9.2,-0.25,D
JHARKHAND,PAKUR,2026-09-08,0.0,6.8,-1.0,NR
JHARKHAND,PAKUR,2026-09-09,1.5,11.7,-0.87,LD
JHARKHAND,PAKUR,2026-09-10,0.8,7.4,-0.9,LD
JHARKHAND,PAKUR,2026-09-11,11.2,8.0,0.4,E
JHARKHAND,PAKUR,2026-09-12,5.2,9.5,-0.45,D
JHARKHAND,PAKUR,2026-09-13,1.7,8.1,-0.79,LD
JHARKHAND,PAKUR,2026-09-14,0.0,10.3,-1.0,NR
JHARKHAND,PAKUR,2026-09-15,0.0,8.4,-1.0,NR
JHARKHAND,PAKUR,2026-09-16,6.0,6.9,-0.14,N
JHARKHAND,PAKUR,2026-09-17,0.0,11.2,-1.0,NR
JHARKHAND,PAKUR,2026-09-18,0.4,15.7,-0.97,LD
JHARKHAND,PAKUR,2026-09-19,0.0,14.5,-1.0,NR
JHARKHAND,PAKUR,2026-09-20,0.0,13.1,-1.0,NR
JHARKHAND,PAKUR,2026-09-21,1.2,11.5,-0.89,LD
JHARKHAND,PAKUR,2026-09-22,0.0,16.3,-1.0,NR
JHARKHAND,PAKUR,2026-09-23,5.0,11.2,-0.55,D
JHARKHAND,PAKUR,2026-09-24,16.4,12.9,0.27,E
JHARKHAND,PAKUR,2026-09-25,12.4,18.3,-0.32,D
JHARKHAND,PAKUR,2026-09-26,8.5,11.9,-0.28,D
JHARKHAND,PAKUR,2026-09-27,0.0,13.7,-1.0,NR
JHARKHAND,PAKUR,2026-09-28,0.0,11.1,-1.0,NR
JHARKHAND,PAKUR,2026-09-29,0.0,10.7,-1.0,NR
JHARKHAND,PAKUR,2026-09-30,0.0,11.5,-1.0,NR
JHARKHAND,PAKUR,2026-10-01,0.0,3.7,-1.0,NR
JHARKHAND,PAKUR,2026-10-02,0.0,6.7,-1.0,NR
JHARKHAND,PAKUR,2026-10-03,0.0,7.1,-1.0,NR
JHARKHAND,PAKUR,2026-10-04,0.0,10.9,-1.0,NR
JHARKHAND,PAKUR,2026-10-05,0.0,6.5,-1.0,NR
JHARKHAND,PAKUR,2026-10-06,0.0,7.7,-1.0,NR
JHARKHAND,PAKUR,2026-10-07,0.0,12.2,-1.0,NR
JHARKHAND,PAKUR,2026-10-08,0.3,8.6,-0.96,LD
JHARKHAND,PAKUR,2026-10-09,0.0,5.9,-1.0,NR
JHARKHAND,PALAMU,2026-08-19,38.5,11.8,2.27,LE
JHARKHAND,PALAMU,2026-08-20,3.8,9.5,-0.6,LD
JHARKHAND,PALAMU,2026-08-21,1.0,7.0,-0.86,LD
JHARKHAND,PALAMU,2026-08-22,4.9,8.6,-0.43,D
JHARKHAND,PALAMU,2026-08-23,2.0,6.5,-0.69,LD
JHARKHAND,PALAMU,2026-08-24,17.1,6.2,1.76,LE
JHARKHAND,PALAMU,2026-08-25,22.7,7.0,2.25,LE
JHARKHAND,PALAMU,2026-08-26,10.1,6.7,0.51,E
JHARKHAND,PALAMU,2026-08-27,0.0,7.4,-1.0,LD
JHARKHAND,PALAMU,2026-08-28,53.6,11.0,3.87,LE
JHARKHAND,PALAMU,2026-08-29,10.2,7.5,0.37,E
JHARKHAND,PALAMU,2026-08-30,8.6,5.2,0.64,LE
JHARKHAND,PALAMU,2026-08-31,29.4,6.4,3.6,LE
JHARKHAND,PALAMU,2026-09-01,47.4,7.3,5.49,LE
JHARKHAND,PALAMU,2026-09-02,18.6,10.5,0.77,LE
JHARKHAND,PALAMU,2026-09-03,0.5,6.6,-0.92,LD
JHARKHAND,PALAMU,2026-09-04,0.0,6.0,-1.0,NR
JHARKHAND,PALAMU,2026-09-05,0.0,9.6,-1.0,NR
JHARKHAND,PALAMU,2026-09-06,0.0,7.3,,ND
JHARKHAND,PALAMU,2026-09-07,5.0,10.0,-0.5,D
JHARKHAND,PALAMU,2026-09-08,4.4,7.1,-0.39,D
JHARKHAND,PALAMU,2026-09-09,9.0,5.8,0.55,E
JHARKHAND,PALAMU,2026-09-10,7.9,5.8,0.35,E
JHARKHAND,PALAMU,2026-09-11,11.9,7.7,0.55,E
JHARKHAND,PALAMU,2026-09-12,2.4,7.4,-0.68,LD
JHARKHAND,PALAMU,2026-09-13,4.1,7.2,-0.43,D
JHARKHAND,PALAMU,2026-09-14,0.0,5.0,-1.0,NR
JHARKHAND,PALAMU,2026-09-15,1.2,10.4,-0.88,LD
JHARKHAND,PALAMU,2026-09-16,2.1,7.1,-0.7,LD
JHARKHAND,PALAMU,2026-09-17,1.6,8.2,-0.8,LD
JHARKHAND,PALAMU,2026-09-18,1.0,7.1,-0.86,LD
JHARKHAND,PALAMU,2026-09-19,1.2,4.1,-0.72,LD
JHARKHAND,PALAMU,2026-09-20,2.6,2.3,0.13,N
JHARKHAND,PALAMU,2026-09-21,0.0,3.0,-1.0,NR
JHARKHAND,PALAMU,2026-09-22,0.0,4.4,-1.0,NR
JHARKHAND,PALAMU,2026-09-23,1.8,5.0,-0.64,LD
JHARKHAND,PALAMU,2026-09-24,13.5,6.1,1.21,LE
JHARKHAND,PALAMU,2026-09-25,18.1,4.5,3.03,LE
JHARKHAND,PALAMU,2026-09-26,21.0,4.8,3.37,LE
JHARKHAND,PALAMU,2026-09-27,0.0,5.9,-1.0,NR
JHARKHAND,PALAMU,2026-09-28,0.0,4.8,-1.0,NR
JHARKHAND,PALAMU,2026-09-29,0.0,3.7,-1.0,NR
JHARKHAND,PALAMU,2026-09-30,0.0,2.1,-1.0,NR
JHARKHAND,PALAMU,2026-10-01,0.0,1.6,-1.0,NR
JHARKHAND,PALAMU,2026-10-02,0.0,3.6,-1.0,NR
JHARKHAND,PALAMU,2026-10-03,0.0,2.9,-1.0,NR
JHARKHAND,PALAMU,2026-10-04,0.0,1.8,-1.0,NR
JHARKHAND,PALAMU,2026-10-05,0.0,2.6,-1.0,NR
JHARKHAND,PALAMU,2026-10-06,0.0,1.7,-1.0,NR
JHARKHAND,PALAMU,2026-10-07,2.9,1.9,0.53,E
JHARKHAND,PALAMU,2026-10-08,14.5,3.4,3.26,LE
JHARKHAND,PALAMU,2026-10-09,0.2,3.6,-0.95,LD
JHARKHAND,RAMGARH,2026-08-19,77.2,10.5,6.36,LE
JHARKHAND,RAMGARH,2026-08-20,0.7,10.8,-0.94,LD
JHARKHAND,RAMGARH,2026-08-21,0.0,9.5,-1.0,NR
JHARKHAND,RAMGARH,2026-08-22,0.0,9.8,-1.0,NR
JHARKHAND,RAMGARH,2026-08-23,3.9,7.3,-0.46,D
JHARKHAND,RAMGARH,2026-08-24,13.7,5.9,1.32,LE
JHARKHAND,RAMGARH,2026-08-25,12.3,7.6,0.62,LE
JHARKHAND,RAMGARH,2026-08-26,2.3,9.7,-0.76,LD
JHARKHAND,RAMGARH,2026-08-27,0.9,10.1,-0.91,LD
JHARKHAND,RAMGARH,2026-08-28,8.5,9.0,-0.05,N
JHARKHAND,RAMGARH,2026-08-29,11.3,8.0,0.42,E
JHARKHAND,RAMGARH,2026-08-30,1.5,7.0,-0.79,LD
JHARKHAND,RAMGARH,2026-08-31,14.5,6.7,1.16,LE
JHARKHAND,RAMGARH,2026-09-01,60.2,8.6,6.0,LE
JHARKHAND,RAMGARH,2026-09-02,38.1,9.2,3.14,LE
JHARKHAND,RAMGARH,2026-09-03,1.2,7.2,-0.83,LD
JHARKHAND,RAMGARH,2026-09-04,0.0,8.1,-1.0,NR
JHARKHAND,RAMGARH,2026-09-05,0.0,8.1,-1.0,NR
JHARKHAND,RAMGARH,2026-09-06,0.0,13.2,-1.0,NR
JHARKHAND,RAMGARH,2026-09-07,8.3,11.7,-0.29,D
JHARKHAND,RAMGARH,2026-09-08,10.1,6.8,0.48,E
JHARKHAND,RAMGARH,2026-09-09,10.7,5.9,0.81,LE
JHARKHAND,RAMGARH,2026-09-10,23.3,9.2,1.53,LE
JHARKHAND,RAMGARH,2026-09-11,11.8,9.5,0.24,E
JHARKHAND,RAMGARH,2026-09-12,4.9,10.0,-0.51,D
JHARKHAND,RAMGARH,2026-09-13,2.2,5.9,-0.62,LD
JHARKHAND,RAMGARH,2026-09-14,0.0,5.2,-1.0,NR
JHARKHAND,RAMGARH,2026-09-15,1.4,7.4,-0.82,LD
JHARKHAND,RAMGARH,2026-09-16,0.0,6.0,-1.0,NR
JHARKHAND,RAMGARH,2026-09-17,3.5,5.8,-0.39,D
JHARKHAND,RAMGARH,2026-09-18,4.8,10.0,-0.52,D
JHARKHAND,RAMGARH,2026-09-19,2.7,6.3,-0.56,D
JHARKHAND,RAMGARH,2026-09-20,1.6,3.6,-0.56,D
JHARKHAND,RAMGARH,2026-09-21,0.3,5.1,-0.95,LD
JHARKHAND,RAMGARH,2026-09-22,2.0,10.4,-0.81,LD
JHARKHAND,RAMGARH,2026-09-23,2.0,9.4,-0.78,LD
JHARKHAND,RAMGARH,2026-09-24,46.4,5.3,7.76,LE
JHARKHAND,RAMGARH,2026-09-25,51.6,5.0,9.32,LE
JHARKHAND,RAMGARH,2026-09-26,44.3,5.8,6.64,LE
JHARKHAND,RAMGARH,2026-09-27,10.2,6.7,0.52,E
JHARKHAND,RAMGARH,2026-09-28,0.0,3.5,-1.0,NR
JHARKHAND,RAMGARH,2026-09-29,0.0,4.1,-1.0,NR
JHARKHAND,RAMGARH,2026-09-30,0.0,4.8,-1.0,NR
JHARKHAND,RAMGARH,2026-10-01,0.0,4.2,-1.0,NR
JHARKHAND,RAMGARH,2026-10-02,0.0,6.2,-1.0,NR
JHARKHAND,RAMGARH,2026-10-03,0.0,3.1,-1.0,NR
JHARKHAND,RAMGARH,2026-10-04,0.0,2.6,-1.0,NR
JHARKHAND,RAMGARH,2026-10-05,0.0,4.2,-1.0,NR
JHARKHAND,RAMGARH,2026-10-06,0.0,3.8,-1.0,NR
JHARKHAND,RAMGARH,2026-10-07,3.9,4.1,-0.04,N
JHARKHAND,RAMGARH,2026-10-08,11.2,2.5,3.47,LE
JHARKHAND,RAMGARH,2026-10-09,0.0,7.3,-1.0,NR
JHARKHAND,RANCHI,2026-08-19,46.4,10.4,3.46,LE
JHARKHAND,RANCHI,2026-08-20,3.1,11.5,-0.73,LD
JHARKHAND,RANCHI,2026-08-21,0.0,9.5,-1.0,LD
JHARKHAND,RANCHI,2026-08-22,0.1,8.9,-0.99,LD
JHARKHAND,RANCHI,2026-08-23,2.2,7.7,-0.72,LD
JHARKHAND,RANCHI,2026-08-24,16.3,5.8,1.82,LE
JHARKHAND,RANCHI,2026-08-25,15.1,6.1,1.47,LE
JHARKHAND,RANCHI,2026-08-26,2.3,8.7,-0.73,LD
JHARKHAND,RANCHI,2026-08-27,11.0,8.5,0.29,E
JHARKHAND,RANCHI,2026-08-28,10.3,10.0,0.03,N
JHARKHAND,RANCHI,2026-08-29,30.2,9.6,2.14,LE
JHARKHAND,RANCHI,2026-08-30,14.4,5.6,1.58,LE
JHARKHAND,RANCHI,2026-08-31,11.0,5.4,1.04,LE
JHARKHAND,RANCHI,2026-09-01,25.2,8.5,1.96,LE
JHARKHAND,RANCHI,2026-09-02,72.8,7.7,8.45,LE
JHARKHAND,RANCHI,2026-09-03,3.2,9.5,-0.67,LD
JHARKHAND,RANCHI,2026-09-04,0.0,7.1,-1.0,LD
JHARKHAND,RANCHI,2026-09-05,0.0,7.7,-1.0,NR
JHARKHAND,RANCHI,2026-09-06,0.0,12.3,-1.0,NR
JHARKHAND,RANCHI,2026-09-07,0.9,8.9,-0.9,LD
JHARKHAND,RANCHI,2026-09-08,20.1,6.9,1.91,LE
JHARKHAND,RANCHI,2026-09-09,15.0,7.6,0.98,LE
JHARKHAND,RANCHI,2026-09-10,7.3,9.6,-0.24,D
JHARKHAND,RANCHI,2026-09-11,11.3,8.9,0.27,E
JHARKHAND,RANCHI,2026-09-12,5.6,8.5,-0.34,D
JHARKHAND,RANCHI,2026-09-13,0.0,6.7,-1.0,NR
JHARKHAND,RANCHI,2026-09-14,0.0,6.7,-1.0,NR
JHARKHAND,RANCHI,2026-09-15,6.5,6.6,-0.01,N
JHARKHAND,RANCHI,2026-09-16,9.8,6.2,0.57,E
JHARKHAND,RANCHI,2026-09-17,5.7,9.2,-0.38,D
JHARKHAND,RANCHI,2026-09-18,5.2,11.7,-0.55,D
JHARKHAND,RANCHI,2026-09-19,0.0,5.5,-1.0,NR
JHARKHAND,RANCHI,2026-09-20,0.0,4.0,-1.0,NR
JHARKHAND,RANCHI,2026-09-21,1.2,5.1,-0.76,LD
JHARKHAND,RANCHI,2026-09-22,2.2,7.2,-0.69,LD
JHARKHAND,RANCHI,2026-09-23,10.9,8.4,0.3,E
JHARKHAND,RANCHI,2026-09-24,42.1,7.3,4.77,LE
JHARKHAND,RANCHI,2026-09-25,30.7,5.1,5.02,LE
JHARKHAND,RANCHI,2026-09-26,45.2,5.6,7.08,LE
JHARKHAND,RANCHI,2026-09-27,12.2,4.8,1.53,LE
JHARKHAND,RANCHI,2026-09-28,0.0,2.8,-1.0,NR
JHARKHAND,RANCHI,2026-09-29,0.0,3.4,-1.0,NR
JHARKHAND,RANCHI,2026-09-30,0.0,2.8,-1.0,NR
JHARKHAND,RANCHI,2026-10-01,0.0,2.9,-1.0,NR
JHARKHAND,RANCHI,2026-10-02,0.0,5.0,-1.0,NR
JHARKHAND,RANCHI,2026-10-03,0.0,3.1,-1.0,NR
JHARKHAND,RANCHI,2026-10-04,0.0,3.4,-1.0,NR
JHARKHAND,RANCHI,2026-10-05,0.0,3.5,-1.0,NR
JHARKHAND,RANCHI,2026-10-06,0.0,3.0,-1.0,NR
JHARKHAND,RANCHI,2026-10-07,3.8,4.2,-0.1,N
JHARKHAND,RANCHI,2026-10-08,6.1,2.6,1.35,LE
JHARKHAND,RANCHI,2026-10-09,0.0,3.5,-1.0,NR
JHARKHAND,SAHEBGANJ,2026-08-19,0.0,7.4,,ND
JHARKHAND,SAHEBGANJ,2026-08-20,0.0,9.7,,ND
JHARKHAND,SAHEBGANJ,2026-08-21,0.0,9.7,,ND
JHARKHAND,SAHEBGANJ,2026-08-22,0.0,9.0,,ND
JHARKHAND,SAHEBGANJ,2026-08-23,0.0,9.7,,ND
JHARKHAND,SAHEBGANJ,2026-08-24,0.0,8.2,,ND
JHARKHAND,SAHEBGANJ,2026-08-25,0.0,6.2,,ND
JHARKHAND,SAHEBGANJ,2026-08-26,0.0,6.8,,ND
JHARKHAND,SAHEBGANJ,2026-08-27,0.0,9.0,,ND
JHARKHAND,SAHEBGANJ,2026-08-28,0.0,10.1,,ND
JHARKHAND,SAHEBGANJ,2026-08-29,0.0,8.7,,ND
JHARKHAND,SAHEBGANJ,2026-08-30,0.0,10.1,,ND
JHARKHAND,SAHEBGANJ,2026-08-31,0.0,8.2,,ND
JHARKHAND,SAHEBGANJ,2026-09-01,0.0,6.9,,ND
JHARKHAND,SAHEBGANJ,2026-09-02,0.0,9.0,,ND
JHARKHAND,SAHEBGANJ,2026-09-03,19.2,7.7,1.49,LE
JHARKHAND,SAHEBGANJ,2026-09-04,0.0,9.3,,ND
JHARKHAND,SAHEBGANJ,2026-09-05,0.0,5.5,,ND
JHARKHAND,SAHEBGANJ,2026-09-06,0.0,11.9,,ND
JHARKHAND,SAHEBGANJ,2026-09-07,0.0,7.6,,ND
JHARKHAND,SAHEBGANJ,2026-09-08,0.0,8.2,,ND
JHARKHAND,SAHEBGANJ,2026-09-09,0.0,14.2,,ND
JHARKHAND,SAHEBGANJ,2026-09-10,0.0,8.6,,ND
JHARKHAND,SAHEBGANJ,2026-09-11,0.0,7.0,,ND
JHARKHAND,SAHEBGANJ,2026-09-12,0.0,6.5,,ND
JHARKHAND,SAHEBGANJ,2026-09-13,0.0,7.8,,ND
JHARKHAND,SAHEBGANJ,2026-09-14,0.0,9.1,,ND
JHARKHAND,SAHEBGANJ,2026-09-15,0.0,10.0,,ND
JHARKHAND,SAHEBGANJ,2026-09-16,0.0,10.2,,ND
JHARKHAND,SAHEBGANJ,2026-09-17,0.0,10.0,,ND
JHARKHAND,SAHEBGANJ,2026-09-18,0.0,9.9,,ND
JHARKHAND,SAHEBGANJ,2026-09-19,0.0,11.4,,ND
JHARKHAND,SAHEBGANJ,2026-09-20,0.0,9.5,,ND
JHARKHAND,SAHEBGANJ,2026-09-21,0.0,9.6,,ND
JHARKHAND,SAHEBGANJ,2026-09-22,0.0,15.5,,ND
JHARKHAND,SAHEBGANJ,2026-09-23,0.0,7.3,,ND
JHARKHAND,SAHEBGANJ,2026-09-24,0.0,10.8,,ND
JHARKHAND,SAHEBGANJ,2026-09-25,0.0,25.1,,ND
JHARKHAND,SAHEBGANJ,2026-09-26,0.0,17.4,,ND
JHARKHAND,SAHEBGANJ,2026-09-27,0.0,11.6,,ND
JHARKHAND,SAHEBGANJ,2026-09-28,0.0,14.1,,ND
JHARKHAND,SAHEBGANJ,2026-09-29,0.0,13.2,,ND
JHARKHAND,SAHEBGANJ,2026-09-30,0.0,12.6,,ND
JHARKHAND,SAHEBGANJ,2026-10-01,0.0,4.5,-1.0,NR
JHARKHAND,SAHEBGANJ,2026-10-02,0.0,3.8,-1.0,NR
JHARKHAND,SAHEBGANJ,2026-10-03,0.0,6.0,-1.0,NR
JHARKHAND,SAHEBGANJ,2026-10-04,0.0,3.6,-1.0,NR
JHARKHAND,SAHEBGANJ,2026-10-05,0.0,5.4,-1.0,NR
JHARKHAND,SAHEBGANJ,2026-10-06,0.0,8.0,-1.0,NR
JHARKHAND,SAHEBGANJ,2026-10-07,0.0,11.1,,ND
JHARKHAND,SAHEBGANJ,2026-10-08,0.0,12.0,-1.0,NR
JHARKHAND,SAHEBGANJ,2026-10-09,0.0,6.6,-1.0,NR
JHARKHAND,SARAIKELA,2026-08-19,4.5,11.1,-0.59,LD
JHARKHAND,SARAIKELA,2026-08-20,0.0,12.3,,ND
JHARKHAND,SARAIKELA,2026-08-21,0.0,7.3,-1.0,NR
JHARKHAND,SARAIKELA,2026-08-22,0.0,6.4,,ND
JHARKHAND,SARAIKELA,2026-08-23,0.0,8.2,,ND
JHARKHAND,SARAIKELA,2026-08-24,35.1,6.7,4.24,LE
JHARKHAND,SARAIKELA,2026-08-25,13.3,5.7,1.33,LE
JHARKHAND,SARAIKELA,2026-08-26,1.2,7.3,-0.84,LD
JHARKHAND,SARAIKELA,2026-08-27,0.0,9.5,-1.0,NR
JHARKHAND,SARAIKELA,2026-08-28,0.0,10.2,,ND
JHARKHAND,SARAIKELA,2026-08-29,44.8,6.8,5.59,LE
JHARKHAND,SARAIKELA,2026-08-30,9.2,5.5,0.67,LE
JHARKHAND,SARAIKELA,2026-08-31,57.0,5.7,9.0,LE
JHARKHAND,SARAIKELA,2026-09-01,33.3,9.3,2.58,LE
JHARKHAND,SARAIKELA,2026-09-02,45.9,8.1,4.67,LE
JHARKHAND,SARAIKELA,2026-09-03,0.0,8.5,-1.0,NR
JHARKHAND,SARAIKELA,2026-09-04,0.0,9.9,-1.0,NR
JHARKHAND,SARAIKELA,2026-09-05,0.0,10.7,-1.0,NR
JHARKHAND,SARAIKELA,2026-09-06,0.0,12.5,-1.0,NR
JHARKHAND,SARAIKELA,2026-09-07,0.0,7.8,-1.0,NR
JHARKHAND,SARAIKELA,2026-09-08,0.0,8.7,-1.0,NR
JHARKHAND,SARAIKELA,2026-09-09,10.3,8.3,0.24,E
JHARKHAND,SARAIKELA,2026-09-10,44.8,8.2,4.46,LE
JHARKHAND,SARAIKELA,2026-09-11,5.6,7.5,-0.25,D
JHARKHAND,SARAIKELA,2026-09-12,23.6,8.4,1.81,LE
JHARKHAND,SARAIKELA,2026-09-13,0.0,5.9,,ND
JHARKHAND,SARAIKELA,2026-09-14,0.0,5.9,-1.0,NR
JHARKHAND,SARAIKELA,2026-09-15,0.0,7.1,-1.0,NR
JHARKHAND,SARAIKELA,2026-09-16,0.0,7.8,-1.0,NR
JHARKHAND,SARAIKELA,2026-09-17,0.0,6.1,-1.0,NR
JHARKHAND,SARAIKELA,2026-09-18,0.0,6.5,-1.0,NR
JHARKHAND,SARAIKELA,2026-09-19,0.0,6.1,-1.0,NR
JHARKHAND,SARAIKELA,2026-09-20,0.0,4.7,,ND
JHARKHAND,SARAIKELA,2026-09-21,3.7,6.8,-0.45,D
JHARKHAND,SARAIKELA,2026-09-22,0.0,7.0,-1.0,NR
JHARKHAND,SARAIKELA,2026-09-23,48.0,9.2,4.22,LE
JHARKHAND,SARAIKELA,2026-09-24,59.3,6.1,8.72,LE
JHARKHAND,SARAIKELA,2026-09-25,45.7,3.9,10.71,LE
JHARKHAND,SARAIKELA,2026-09-26,35.8,7.9,3.53,LE
JHARKHAND,SARAIKELA,2026-09-27,0.0,8.0,-1.0,NR
JHARKHAND,SARAIKELA,2026-09-28,0.0,3.6,-1.0,NR
JHARKHAND,SARAIKELA,2026-09-29,0.0,2.9,-1.0,NR
JHARKHAND,SARAIKELA,2026-09-30,0.0,3.8,-1.0,NR
JHARKHAND,SARAIKELA,2026-10-01,0.0,1.8,-1.0,NR
JHARKHAND,SARAIKELA,2026-10-02,0.0,3.0,-1.0,NR
JHARKHAND,SARAIKELA,2026-10-03,0.0,3.5,-1.0,NR
JHARKHAND,SARAIKELA,2026-10-04,0.0,2.8,-1.0,NR
JHARKHAND,SARAIKELA,2026-10-05,0.0,2.8,-1.0,NR
JHARKHAND,SARAIKELA,2026-10-06,0.0,2.2,-1.0,NR
JHARKHAND,SARAIKELA,2026-10-07,39.8,2.3,16.3,LE
JHARKHAND,SARAIKELA,2026-10-08,0.0,3.8,-1.0,NR
JHARKHAND,SARAIKELA,2026-10-09,0.8,3.0,-0.73,LD
JHARKHAND,SIMDEGA,2026-08-19,23.3,14.3,0.63,LE
JHARKHAND,SIMDEGA,2026-08-20,5.1,17.8,-0.71,LD
JHARKHAND,SIMDEGA,2026-08-21,0.7,10.5,-0.94,LD
JHARKHAND,SIMDEGA,2026-08-22,0.0,12.3,-1.0,NR
JHARKHAND,SIMDEGA,2026-08-23,14.7,10.2,0.44,E
JHARKHAND,SIMDEGA,2026-08-24,35.5,6.1,4.81,LE
JHARKHAND,SIMDEGA,2026-08-25,13.0,7.6,0.71,LE
JHARKHAND,SIMDEGA,2026-08-26,5.5,9.0,-0.39,D
JHARKHAND,SIMDEGA,2026-08-27,1.2,10.7,-0.89,LD
JHARKHAND,SIMDEGA,2026-08-28,15.4,10.0,0.54,E
JHARKHAND,SIMDEGA,2026-08-29,3.5,13.2,-0.74,LD
JHARKHAND,SIMDEGA,2026-08-30,3.5,7.3,-0.52,D
JHARKHAND,SIMDEGA,2026-08-31,9.1,9.7,-0.06,N
JHARKHAND,SIMDEGA,2026-09-01,35.8,10.4,2.44,LE
JHARKHAND,SIMDEGA,2026-09-02,0.7,12.7,-0.95,LD
JHARKHAND,SIMDEGA,2026-09-03,3.1,13.7,-0.77,LD
JHARKHAND,SIMDEGA,2026-09-04,3.8,10.6,-0.64,LD
JHARKHAND,SIMDEGA,2026-09-05,0.0,11.3,-1.0,NR
JHARKHAND,SIMDEGA,2026-09-06,1.0,13.1,-0.92,LD
JHARKHAND,SIMDEGA,2026-09-07,1.2,10.5,-0.88,LD
JHARKHAND,SIMDEGA,2026-09-08,0.5,9.3,-0.95,LD
JHARKHAND,SIMDEGA,2026-09-09,3.5,9.8,-0.65,LD
JHARKHAND,SIMDEGA,2026-09-10,5.3,12.7,-0.58,D
JHARKHAND,SIMDEGA,2026-09-11,19.7,12.3,0.6,LE
JHARKHAND,SIMDEGA,2026-09-12,5.8,15.5,-0.63,LD
JHARKHAND,SIMDEGA,2026-09-13,2.8,11.1,-0.75,LD
JHARKHAND,SIMDEGA,2026-09-14,4.7,8.5,-0.45,D
JHARKHAND,SIMDEGA,2026-09-15,2.8,7.1,-0.61,LD
JHARKHAND,SIMDEGA,2026-09-16,14.1,8.4,0.68,LE
JHARKHAND,SIMDEGA,2026-09-17,2.8,5.2,-0.46,D
JHARKHAND,SIMDEGA,2026-09-18,4.0,7.0,-0.42,D
JHARKHAND,SIMDEGA,2026-09-19,16.9,7.0,1.41,LE
JHARKHAND,SIMDEGA,2026-09-20,4.2,5.7,-0.25,D
JHARKHAND,SIMDEGA,2026-09-21,4.4,6.3,-0.31,D
JHARKHAND,SIMDEGA,2026-09-22,6.8,5.5,0.24,E
JHARKHAND,SIMDEGA,2026-09-23,6.3,7.2,-0.12,N
JHARKHAND,SIMDEGA,2026-09-24,2.5,7.3,-0.66,LD
JHARKHAND,SIMDEGA,2026-09-25,25.9,7.0,2.7,LE
JHARKHAND,SIMDEGA,2026-09-26,52.3,6.3,7.31,LE
JHARKHAND,SIMDEGA,2026-09-27,7.5,6.7,0.11,N
JHARKHAND,SIMDEGA,2026-09-28,3.5,6.3,-0.45,D
JHARKHAND,SIMDEGA,2026-09-29,2.5,5.0,-0.5,D
JHARKHAND,SIMDEGA,2026-09-30,0.0,4.5,-1.0,NR
JHARKHAND,SIMDEGA,2026-10-01,0.0,2.2,-1.0,NR
JHARKHAND,SIMDEGA,2026-10-02,0.0,4.0,-1.0,NR
JHARKHAND,SIMDEGA,2026-10-03,0.0,5.3,-1.0,NR
JHARKHAND,SIMDEGA,2026-10-04,0.0,3.5,-1.0,NR
JHARKHAND,SIMDEGA,2026-10-05,0.0,3.1,-1.0,NR
JHARKHAND,SIMDEGA,2026-10-06,5.4,3.3,0.64,LE
JHARKHAND,SIMDEGA,2026-10-07,4.5,6.8,-0.34,D
JHARKHAND,SIMDEGA,2026-10-08,3.2,3.6,-0.11,N
JHARKHAND,SIMDEGA,2026-10-09,5.0,4.0,0.25,E
JHARKHAND,WEST SINGHBHUM,2026-08-19,11.5,11.0,0.04,N
JHARKHAND,WEST SINGHBHUM,2026-08-20,1.2,15.8,-0.93,LD
JHARKHAND,WEST SINGHBHUM,2026-08-21,2.2,13.5,-0.84,LD
JHARKHAND,WEST SINGHBHUM,2026-08-22,0.1,8.7,-0.98,LD
JHARKHAND,WEST SINGHBHUM,2026-08-23,3.2,7.7,-0.58,D
JHARKHAND,WEST SINGHBHUM,2026-08-24,52.6,5.5,8.56,LE
JHARKHAND,WEST SINGHBHUM,2026-08-25,11.9,6.6,0.81,LE
JHARKHAND,WEST SINGHBHUM,2026-08-26,1.4,8.1,-0.82,LD
JHARKHAND,WEST SINGHBHUM,2026-08-27,5.3,11.4,-0.54,D
JHARKHAND,WEST SINGHBHUM,2026-08-28,12.4,10.6,0.17,N
JHARKHAND,WEST SINGHBHUM,2026-08-29,24.0,9.5,1.53,LE
JHARKHAND,WEST SINGHBHUM,2026-08-30,42.6,6.2,5.86,LE
JHARKHAND,WEST SINGHBHUM,2026-08-31,45.5,5.2,7.75,LE
JHARKHAND,WEST SINGHBHUM,2026-09-01,27.5,7.2,2.82,LE
JHARKHAND,WEST SINGHBHUM,2026-09-02,4.9,8.1,-0.39,D
JHARKHAND,WEST SINGHBHUM,2026-09-03,0.2,7.8,-0.97,LD
JHARKHAND,WEST SINGHBHUM,2026-09-04,0.1,8.8,-0.98,LD
JHARKHAND,WEST SINGHBHUM,2026-09-05,0.2,10.5,-0.98,LD
JHARKHAND,WEST SINGHBHUM,2026-09-06,0.0,10.4,-1.0,NR
JHARKHAND,WEST SINGHBHUM,2026-09-07,1.9,7.3,-0.74,LD
JHARKHAND,WEST SINGHBHUM,2026-09-08,0.0,5.1,-1.0,NR
JHARKHAND,WEST SINGHBHUM,2026-09-09,8.0,6.6,0.21,E
JHARKHAND,WEST SINGHBHUM,2026-09-10,17.9,8.4,1.14,LE
JHARKHAND,WEST SINGHBHUM,2026-09-11,2.0,7.3,-0.73,LD
JHARKHAND,WEST SINGHBHUM,2026-09-12,6.6,8.2,-0.2,D
JHARKHAND,WEST SINGHBHUM,2026-09-13,8.7,4.8,0.82,LE
JHARKHAND,WEST SINGHBHUM,2026-09-14,0.0,5.8,-1.0,NR
JHARKHAND,WEST SINGHBHUM,2026-09-15,1.9,5.9,-0.69,LD
JHARKHAND,WEST SINGHBHUM,2026-09-16,0.6,6.6,-0.91,LD
JHARKHAND,WEST SINGHBHUM,2026-09-17,0.0,5.5,-1.0,NR
JHARKHAND,WEST SINGHBHUM,2026-09-18,7.9,5.9,0.34,E
JHARKHAND,WEST SINGHBHUM,2026-09-19,1.3,5.9,-0.78,LD
JHARKHAND,WEST SINGHBHUM,2026-09-20,5.8,4.1,0.41,E
JHARKHAND,WEST SINGHBHUM,2026-09-21,11.0,5.5,0.99,LE
JHARKHAND,WEST SINGHBHUM,2026-09-22,3.8,7.3,-0.47,D
JHARKHAND,WEST SINGHBHUM,2026-09-23,18.1,8.3,1.18,LE
JHARKHAND,WEST SINGHBHUM,2026-09-24,24.6,5.4,3.56,LE
JHARKHAND,WEST SINGHBHUM,2026-09-25,48.0,5.7,7.43,LE
JHARKHAND,WEST SINGHBHUM,2026-09-26,25.8,6.1,3.24,LE
JHARKHAND,WEST SINGHBHUM,2026-09-27,5.0,4.5,0.12,N
JHARKHAND,WEST SINGHBHUM,2026-09-28,0.0,3.0,-1.0,NR
JHARKHAND,WEST SINGHBHUM,2026-09-29,0.0,4.1,-1.0,NR
JHARKHAND,WEST SINGHBHUM,2026-09-30,0.0,3.7,-1.0,NR
JHARKHAND,WEST SINGHBHUM,2026-10-01,0.0,2.4,-1.0,NR
JHARKHAND,WEST SINGHBHUM,2026-10-02,0.0,4.2,-1.0,NR
JHARKHAND,WEST SINGHBHUM,2026-10-03,0.0,2.8,-1.0,NR
JHARKHAND,WEST SINGHBHUM,2026-10-04,0.0,3.6,-1.0,NR
JHARKHAND,WEST SINGHBHUM,2026-10-05,0.0,3.7,-1.0,NR
JHARKHAND,WEST SINGHBHUM,2026-10-06,0.0,3.3,-1.0,NR
JHARKHAND,WEST SINGHBHUM,2026-10-07,1.0,4.8,-0.79,LD
JHARKHAND,WEST SINGHBHUM,2026-10-08,8.1,3.6,1.24,LE
JHARKHAND,WEST SINGHBHUM,2026-10-09,5.9,3.9,0.51,E
MADHYA PRADESH,AGAR-MALWA,2026-08-19,0.0,10.4,-1.0,NR
MADHYA PRADESH,AGAR-MALWA,2026-08-20,0.0,14.1,-1.0,NR
MADHYA PRADESH,AGAR-MALWA,2026-08-21,0.8,14.5,-0.94,LD
MADHYA PRADESH,AGAR-MALWA,2026-08-22,0.0,7.7,-1.0,NR
MADHYA PRADESH,AGAR-MALWA,2026-08-23,0.2,11.0,-0.98,LD
MADHYA PRADESH,AGAR-MALWA,2026-08-24,0.0,11.6,-1.0,NR
MADHYA PRADESH,AGAR-MALWA,2026-08-25,6.8,9.1,-0.25,D
MADHYA PRADESH,AGAR-MALWA,2026-08-26,42.2,5.6,6.54,LE
MADHYA PRADESH,AGAR-MALWA,2026-08-27,103.6,6.2,15.71,LE
MADHYA PRADESH,AGAR-MALWA,2026-08-28,5.2,5.5,-0.05,N
MADHYA PRADESH,AGAR-MALWA,2026-08-29,0.0,9.6,-1.0,NR
MADHYA PRADESH,AGAR-MALWA,2026-08-30,0.0,11.9,-1.0,NR
MADHYA PRADESH,AGAR-MALWA,2026-08-31,0.0,10.3,-1.0,NR
MADHYA PRADESH,AGAR-MALWA,2026-09-01,0.0,10.6,-1.0,NR
MADHYA PRADESH,AGAR-MALWA,2026-09-02,0.0,4.7,-1.0,NR
MADHYA PRADESH,AGAR-MALWA,2026-09-03,0.0,11.0,-1.0,NR
MADHYA PRADESH,AGAR-MALWA,2026-09-04,21.6,8.7,1.48,LE
MADHYA PRADESH,AGAR-MALWA,2026-09-05,33.3,5.9,4.65,LE
MADHYA PRADESH,AGAR-MALWA,2026-09-06,13.7,7.9,0.73,LE
MADHYA PRADESH,AGAR-MALWA,2026-09-07,22.2,4.7,3.72,LE
MADHYA PRADESH,AGAR-MALWA,2026-09-08,0.0,3.5,-1.0,NR
MADHYA PRADESH,AGAR-MALWA,2026-09-09,0.0,7.2,-1.0,NR
MADHYA PRADESH,AGAR-MALWA,2026-09-10,0.0,4.0,-1.0,NR
MADHYA PRADESH,AGAR-MALWA,2026-09-11,0.0,4.9,-1.0,NR
MADHYA PRADESH,AGAR-MALWA,2026-09-12,7.8,6.2,0.26,E
MADHYA PRADESH,AGAR-MALWA,2026-09-13,26.4,3.7,6.14,LE
MADHYA PRADESH,AGAR-MALWA,2026-09-14,23.6,7.1,2.32,LE
MADHYA PRADESH,AGAR-MALWA,2026-09-15,35.9,6.5,4.53,LE
MADHYA PRADESH,AGAR-MALWA,2026-09-16,0.0,9.8,-1.0,NR
MADHYA PRADESH,AGAR-MALWA,2026-09-17,0.0,2.1,-1.0,NR
MADHYA PRADESH,AGAR-MALWA,2026-09-18,0.2,2.4,-0.92,LD
MADHYA PRADESH,AGAR-MALWA,2026-09-19,64.1,1.6,39.05,LE
MADHYA PRADESH,AGAR-MALWA,2026-09-20,3.6,2.6,0.38,E
MADHYA PRADESH,AGAR-MALWA,2026-09-21,1.4,4.0,-0.65,LD
MADHYA PRADESH,AGAR-MALWA,2026-09-22,0.0,8.0,-1.0,NR
MADHYA PRADESH,AGAR-MALWA,2026-09-23,0.0,8.1,-1.0,NR
MADHYA PRADESH,AGAR-MALWA,2026-09-24,0.0,5.1,-1.0,NR
MADHYA PRADESH,AGAR-MALWA,2026-09-25,0.0,2.4,-1.0,NR
MADHYA PRADESH,AGAR-MALWA,2026-09-26,0.0,2.0,-1.0,NR
MADHYA PRADESH,AGAR-MALWA,2026-09-27,0.0,1.1,-1.0,NR
MADHYA PRADESH,AGAR-MALWA,2026-09-28,0.0,1.7,-1.0,NR
MADHYA PRADESH,AGAR-MALWA,2026-09-29,0.0,0.9,-1.0,NR
MADHYA PRADESH,AGAR-MALWA,2026-09-30,0.0,0.5,-1.0,NR
MADHYA PRADESH,AGAR-MALWA,2026-10-01,0.0,1.3,-1.0,NR
MADHYA PRADESH,AGAR-MALWA,2026-10-02,0.0,0.2,-1.0,NR
MADHYA PRADESH,AGAR-MALWA,2026-10-03,0.0,2.7,-1.0,NR
MADHYA PRADESH,AGAR-MALWA,2026-10-04,0.0,3.8,-1.0,NR
MADHYA PRADESH,AGAR-MALWA,2026-10-05,0.0,1.0,-1.0,NR
MADHYA PRADESH,AGAR-MALWA,2026-10-06,0.0,1.4,-1.0,NR
MADHYA PRADESH,AGAR-MALWA,2026-10-07,0.0,0.9,-1.0,NR
MADHYA PRADESH,AGAR-MALWA,2026-10-08,0.0,0.6,-1.0,NR
MADHYA PRADESH,AGAR-MALWA,2026-10-09,0.0,2.5,-1.0,NR
MADHYA PRADESH,ALIRAJPUR,2026-08-19,0.0,5.8,-1.0,NR
MADHYA PRADESH,ALIRAJPUR,2026-08-20,1.0,4.8,-0.79,LD
MADHYA PRADESH,ALIRAJPUR,2026-08-21,5.5,6.5,-0.16,N
MADHYA PRADESH,ALIRAJPUR,2026-08-22,1.6,6.1,-0.73,LD
MADHYA PRADESH,ALIRAJPUR,2026-08-23,0.2,8.1,-0.98,LD
MADHYA PRADESH,ALIRAJPUR,2026-08-24,2.4,16.9,-0.86,LD
MADHYA PRADESH,ALIRAJPUR,2026-08-25,5.1,9.0,-0.43,D
MADHYA PRADESH,ALIRAJPUR,2026-08-26,1.9,8.0,-0.77,LD
MADHYA PRADESH,ALIRAJPUR,2026-08-27,0.0,9.9,-1.0,NR
MADHYA PRADESH,ALIRAJPUR,2026-08-28,0.0,8.7,-1.0,NR
MADHYA PRADESH,ALIRAJPUR,2026-08-29,0.0,5.3,-1.0,NR
MADHYA PRADESH,ALIRAJPUR,2026-08-30,0.0,9.2,-1.0,NR
MADHYA PRADESH,ALIRAJPUR,2026-08-31,0.0,10.0,-1.0,NR
MADHYA PRADESH,ALIRAJPUR,2026-09-01,0.0,7.5,-1.0,NR
MADHYA PRADESH,ALIRAJPUR,2026-09-02,0.0,3.2,-1.0,NR
MADHYA PRADESH,ALIRAJPUR,2026-09-03,0.7,5.8,-0.89,LD
MADHYA PRADESH,ALIRAJPUR,2026-09-04,6.6,6.7,-0.01,N
MADHYA PRADESH,ALIRAJPUR,2026-09-05,2.4,5.5,-0.56,D
MADHYA PRADESH,ALIRAJPUR,2026-09-06,0.4,9.3,-0.96,LD
MADHYA PRADESH,ALIRAJPUR,2026-09-07,0.0,13.0,-1.0,NR
MADHYA PRADESH,ALIRAJPUR,2026-09-08,0.0,6.9,-1.0,NR
MADHYA PRADESH,ALIRAJPUR,2026-09-09,0.0,7.5,-1.0,NR
MADHYA PRADESH,ALIRAJPUR,2026-09-10,0.0,4.1,-1.0,NR
MADHYA PRADESH,ALIRAJPUR,2026-09-11,0.0,3.9,-1.0,NR
MADHYA PRADESH,ALIRAJPUR,2026-09-12,14.9,6.5,1.29,LE
MADHYA PRADESH,ALIRAJPUR,2026-09-13,21.9,2.9,6.53,LE
MADHYA PRADESH,ALIRAJPUR,2026-09-14,32.4,8.4,2.85,LE
MADHYA PRADESH,ALIRAJPUR,2026-09-15,1.2,3.7,-0.67,LD
MADHYA PRADESH,ALIRAJPUR,2026-09-16,0.0,5.7,-1.0,NR
MADHYA PRADESH,ALIRAJPUR,2026-09-17,0.0,5.5,-1.0,NR
MADHYA PRADESH,ALIRAJPUR,2026-09-18,4.4,3.8,0.15,N
MADHYA PRADESH,ALIRAJPUR,2026-09-19,14.7,4.4,2.33,LE
MADHYA PRADESH,ALIRAJPUR,2026-09-20,0.0,4.1,-1.0,NR
MADHYA PRADESH,ALIRAJPUR,2026-09-21,0.0,4.3,-1.0,NR
MADHYA PRADESH,ALIRAJPUR,2026-09-22,1.7,6.6,-0.75,LD
MADHYA PRADESH,ALIRAJPUR,2026-09-23,0.0,7.7,-1.0,NR
MADHYA PRADESH,ALIRAJPUR,2026-09-24,0.0,7.0,-1.0,NR
MADHYA PRADESH,ALIRAJPUR,2026-09-25,0.0,3.8,-1.0,NR
MADHYA PRADESH,ALIRAJPUR,2026-09-26,0.0,5.5,-1.0,NR
MADHYA PRADESH,ALIRAJPUR,2026-09-27,0.0,3.7,-1.0,NR
MADHYA PRADESH,ALIRAJPUR,2026-09-28,0.0,3.0,-1.0,NR
MADHYA PRADESH,ALIRAJPUR,2026-09-29,0.0,2.0,-1.0,NR
MADHYA PRADESH,ALIRAJPUR,2026-09-30,0.0,1.6,-1.0,NR
MADHYA PRADESH,ALIRAJPUR,2026-10-01,0.0,2.2,-1.0,NR
MADHYA PRADESH,ALIRAJPUR,2026-10-02,0.0,3.2,-1.0,NR
MADHYA PRADESH,ALIRAJPUR,2026-10-03,0.0,1.8,-1.0,NR
MADHYA PRADESH,ALIRAJPUR,2026-10-04,0.0,2.5,-1.0,NR
MADHYA PRADESH,ALIRAJPUR,2026-10-05,0.0,1.1,-1.0,NR
MADHYA PRADESH,ALIRAJPUR,2026-10-06,0.0,1.0,-1.0,NR
MADHYA PRADESH,ALIRAJPUR,2026-10-07,0.0,0.7,-1.0,NR
MADHYA PRADESH,ALIRAJPUR,2026-10-08,0.0,1.4,-1.0,NR
MADHYA PRADESH,ALIRAJPUR,2026-10-09,0.0,2.0,-1.0,NR
MADHYA PRADESH,ANUPPUR,2026-08-19,43.3,9.6,3.52,LE
MADHYA PRADESH,ANUPPUR,2026-08-20,22.6,9.5,1.37,LE
MADHYA PRADESH,ANUPPUR,2026-08-21,6.8,11.2,-0.39,D
MADHYA PRADESH,ANUPPUR,2026-08-22,19.1,10.8,0.77,LE
MADHYA PRADESH,ANUPPUR,2026-08-23,37.2,12.4,2.0,LE
MADHYA PRADESH,ANUPPUR,2026-08-24,3.9,10.7,-0.64,LD
MADHYA PRADESH,ANUPPUR,2026-08-25,8.7,6.4,0.36,E
MADHYA PRADESH,ANUPPUR,2026-08-26,4.4,5.3,-0.17,N
MADHYA PRADESH,ANUPPUR,2026-08-27,3.0,6.7,-0.55,D
MADHYA PRADESH,ANUPPUR,2026-08-28,1.6,8.3,-0.81,LD
MADHYA PRADESH,ANUPPUR,2026-08-29,1.0,10.9,-0.9,LD
MADHYA PRADESH,ANUPPUR,2026-08-30,10.3,8.8,0.17,N
MADHYA PRADESH,ANUPPUR,2026-08-31,15.2,5.4,1.82,LE
MADHYA PRADESH,ANUPPUR,2026-09-01,6.0,9.4,-0.36,D
MADHYA PRADESH,ANUPPUR,2026-09-02,10.2,7.6,0.34,E
MADHYA PRADESH,ANUPPUR,2026-09-03,23.0,11.2,1.05,LE
MADHYA PRADESH,ANUPPUR,2026-09-04,9.4,7.9,0.19,N
MADHYA PRADESH,ANUPPUR,2026-09-05,0.2,8.9,-0.97,LD
MADHYA PRADESH,ANUPPUR,2026-09-06,0.4,7.0,-0.94,LD
MADHYA PRADESH,ANUPPUR,2026-09-07,0.0,9.3,-1.0,NR
MADHYA PRADESH,ANUPPUR,2026-09-08,0.5,10.7,-0.96,LD
MADHYA PRADESH,ANUPPUR,2026-09-09,0.6,5.9,-0.9,LD
MADHYA PRADESH,ANUPPUR,2026-09-10,1.1,7.5,-0.85,LD
MADHYA PRADESH,ANUPPUR,2026-09-11,3.6,7.6,-0.53,D
MADHYA PRADESH,ANUPPUR,2026-09-12,8.1,10.2,-0.21,D
MADHYA PRADESH,ANUPPUR,2026-09-13,8.2,4.5,0.83,LE
MADHYA PRADESH,ANUPPUR,2026-09-14,1.1,7.0,-0.85,LD
MADHYA PRADESH,ANUPPUR,2026-09-15,0.0,6.0,-1.0,NR
MADHYA PRADESH,ANUPPUR,2026-09-16,2.0,6.8,-0.71,LD
MADHYA PRADESH,ANUPPUR,2026-09-17,2.9,7.0,-0.59,LD
MADHYA PRADESH,ANUPPUR,2026-09-18,6.4,8.2,-0.22,D
MADHYA PRADESH,ANUPPUR,2026-09-19,10.8,7.8,0.39,E
MADHYA PRADESH,ANUPPUR,2026-09-20,4.7,5.2,-0.1,N
MADHYA PRADESH,ANUPPUR,2026-09-21,11.9,3.7,2.22,LE
MADHYA PRADESH,ANUPPUR,2026-09-22,6.2,4.2,0.46,E
MADHYA PRADESH,ANUPPUR,2026-09-23,1.6,3.0,-0.47,D
MADHYA PRADESH,ANUPPUR,2026-09-24,6.9,3.6,0.91,LE
MADHYA PRADESH,ANUPPUR,2026-09-25,24.2,3.5,5.91,LE
MADHYA PRADESH,ANUPPUR,2026-09-26,67.4,5.9,10.42,LE
MADHYA PRADESH,ANUPPUR,2026-09-27,16.6,4.6,2.62,LE
MADHYA PRADESH,ANUPPUR,2026-09-28,0.0,2.1,-1.0,NR
MADHYA PRADESH,ANUPPUR,2026-09-29,0.7,3.2,-0.8,LD
MADHYA PRADESH,ANUPPUR,2026-09-30,0.5,1.8,-0.71,LD
MADHYA PRADESH,ANUPPUR,2026-10-01,0.0,1.3,-1.0,NR
MADHYA PRADESH,ANUPPUR,2026-10-02,0.0,3.0,-1.0,NR
MADHYA PRADESH,ANUPPUR,2026-10-03,0.0,1.5,-1.0,NR
MADHYA PRADESH,ANUPPUR,2026-10-04,0.0,4.6,-1.0,NR
MADHYA PRADESH,ANUPPUR,2026-10-05,0.0,1.7,-1.0,NR
MADHYA PRADESH,ANUPPUR,2026-10-06,0.0,2.1,-1.0,NR
MADHYA PRADESH,ANUPPUR,2026-10-07,1.8,4.3,-0.59,LD
MADHYA PRADESH,ANUPPUR,2026-10-08,4.3,4.8,-0.1,N
MADHYA PRADESH,ANUPPUR,2026-10-09,0.2,1.8,-0.86,LD
MADHYA PRADESH,ASHOKNAGAR,2026-08-19,1.8,12.5,-0.86,LD
MADHYA PRADESH,ASHOKNAGAR,2026-08-20,0.2,15.4,-0.98,LD
MADHYA PRADESH,ASHOKNAGAR,2026-08-21,9.2,10.0,-0.08,N
MADHYA PRADESH,ASHOKNAGAR,2026-08-22,4.0,10.4,-0.62,LD
MADHYA PRADESH,ASHOKNAGAR,2026-08-23,6.0,9.6,-0.38,D
MADHYA PRADESH,ASHOKNAGAR,2026-08-24,26.2,8.6,2.05,LE
MADHYA PRADESH,ASHOKNAGAR,2026-08-25,6.0,7.9,-0.24,D
MADHYA PRADESH,ASHOKNAGAR,2026-08-26,6.0,7.1,-0.15,N
MADHYA PRADESH,ASHOKNAGAR,2026-08-27,12.2,5.3,1.31,LE
MADHYA PRADESH,ASHOKNAGAR,2026-08-28,10.2,7.4,0.39,E
MADHYA PRADESH,ASHOKNAGAR,2026-08-29,29.5,9.0,2.28,LE
MADHYA PRADESH,ASHOKNAGAR,2026-08-30,0.2,7.8,-0.97,LD
MADHYA PRADESH,ASHOKNAGAR,2026-08-31,0.0,5.0,-1.0,NR
MADHYA PRADESH,ASHOKNAGAR,2026-09-01,0.0,8.1,-1.0,NR
MADHYA PRADESH,ASHOKNAGAR,2026-09-02,1.2,11.7,-0.89,LD
MADHYA PRADESH,ASHOKNAGAR,2026-09-03,8.0,7.1,0.13,N
MADHYA PRADESH,ASHOKNAGAR,2026-09-04,42.5,9.3,3.57,LE
MADHYA PRADESH,ASHOKNAGAR,2026-09-05,22.0,7.7,1.86,LE
MADHYA PRADESH,ASHOKNAGAR,2026-09-06,5.8,4.6,0.25,E
MADHYA PRADESH,ASHOKNAGAR,2026-09-07,2.5,5.9,-0.58,D
MADHYA PRADESH,ASHOKNAGAR,2026-09-08,0.0,4.3,-1.0,NR
MADHYA PRADESH,ASHOKNAGAR,2026-09-09,0.0,5.3,-1.0,NR
MADHYA PRADESH,ASHOKNAGAR,2026-09-10,0.0,5.6,-1.0,NR
MADHYA PRADESH,ASHOKNAGAR,2026-09-11,4.8,6.0,-0.21,D
MADHYA PRADESH,ASHOKNAGAR,2026-09-12,14.8,5.8,1.54,LE
MADHYA PRADESH,ASHOKNAGAR,2026-09-13,0.2,8.4,-0.97,LD
MADHYA PRADESH,ASHOKNAGAR,2026-09-14,3.0,5.0,-0.4,D
MADHYA PRADESH,ASHOKNAGAR,2026-09-15,12.5,4.4,1.84,LE
MADHYA PRADESH,ASHOKNAGAR,2026-09-16,0.0,5.5,-1.0,NR
MADHYA PRADESH,ASHOKNAGAR,2026-09-17,4.8,6.3,-0.25,D
MADHYA PRADESH,ASHOKNAGAR,2026-09-18,13.8,3.6,2.82,LE
MADHYA PRADESH,ASHOKNAGAR,2026-09-19,9.2,2.6,2.56,LE
MADHYA PRADESH,ASHOKNAGAR,2026-09-20,41.5,5.6,6.41,LE
MADHYA PRADESH,ASHOKNAGAR,2026-09-21,0.0,5.5,-1.0,NR
MADHYA PRADESH,ASHOKNAGAR,2026-09-22,2.2,7.9,-0.72,LD
MADHYA PRADESH,ASHOKNAGAR,2026-09-23,0.0,2.3,-1.0,NR
MADHYA PRADESH,ASHOKNAGAR,2026-09-24,3.2,6.3,-0.48,D
MADHYA PRADESH,ASHOKNAGAR,2026-09-25,0.0,0.9,-1.0,NR
MADHYA PRADESH,ASHOKNAGAR,2026-09-26,1.2,1.4,-0.11,N
MADHYA PRADESH,ASHOKNAGAR,2026-09-27,0.0,2.4,-1.0,NR
MADHYA PRADESH,ASHOKNAGAR,2026-09-28,0.0,0.9,-1.0,NR
MADHYA PRADESH,ASHOKNAGAR,2026-09-29,0.0,1.2,-1.0,NR
MADHYA PRADESH,ASHOKNAGAR,2026-09-30,0.0,1.3,-1.0,NR
MADHYA PRADESH,ASHOKNAGAR,2026-10-01,0.0,0.9,-1.0,NR
MADHYA PRADESH,ASHOKNAGAR,2026-10-02,0.0,1.9,-1.0,NR
MADHYA PRADESH,ASHOKNAGAR,2026-10-03,0.0,0.7,-1.0,NR
MADHYA PRADESH,ASHOKNAGAR,2026-10-04,0.0,2.6,-1.0,NR
MADHYA PRADESH,ASHOKNAGAR,2026-10-05,0.0,2.5,-1.0,NR
MADHYA PRADESH,ASHOKNAGAR,2026-10-06,0.0,1.9,-1.0,NR
MADHYA PRADESH,ASHOKNAGAR,2026-10-07,0.0,1.5,-1.0,NR
MADHYA PRADESH,ASHOKNAGAR,2026-10-08,0.0,1.2,-1.0,NR
MADHYA PRADESH,ASHOKNAGAR,2026-10-09,0.0,1.9,-1.0,NR
MADHYA PRADESH,BALAGHAT,2026-08-19,9.5,15.9,-0.4,D
MADHYA PRADESH,BALAGHAT,2026-08-20,14.2,14.8,-0.04,N
MADHYA PRADESH,BALAGHAT,2026-08-21,6.8,13.0,-0.48,D
MADHYA PRADESH,BALAGHAT,2026-08-22,11.3,12.1,-0.06,N
MADHYA PRADESH,BALAGHAT,2026-08-23,31.6,13.2,1.4,LE
MADHYA PRADESH,BALAGHAT,2026-08-24,8.0,9.2,-0.13,N
MADHYA PRADESH,BALAGHAT,2026-08-25,8.7,8.5,0.03,N
MADHYA PRADESH,BALAGHAT,2026-08-26,13.7,9.6,0.42,E
MADHYA PRADESH,BALAGHAT,2026-08-27,11.4,7.4,0.54,E
MADHYA PRADESH,BALAGHAT,2026-08-28,1.1,11.9,-0.91,LD
MADHYA PRADESH,BALAGHAT,2026-08-29,4.1,14.3,-0.71,LD
MADHYA PRADESH,BALAGHAT,2026-08-30,7.6,11.9,-0.36,D
MADHYA PRADESH,BALAGHAT,2026-08-31,2.2,12.0,-0.82,LD
MADHYA PRADESH,BALAGHAT,2026-09-01,0.0,8.8,-1.0,LD
MADHYA PRADESH,BALAGHAT,2026-09-02,7.8,11.1,-0.29,D
MADHYA PRADESH,BALAGHAT,2026-09-03,38.4,9.2,3.17,LE
MADHYA PRADESH,BALAGHAT,2026-09-04,11.0,8.9,0.23,E
MADHYA PRADESH,BALAGHAT,2026-09-05,4.8,12.2,-0.6,LD
MADHYA PRADESH,BALAGHAT,2026-09-06,7.0,9.9,-0.3,D
MADHYA PRADESH,BALAGHAT,2026-09-07,2.2,9.4,-0.77,LD
MADHYA PRADESH,BALAGHAT,2026-09-08,2.7,8.8,-0.69,LD
MADHYA PRADESH,BALAGHAT,2026-09-09,3.2,6.2,-0.49,D
MADHYA PRADESH,BALAGHAT,2026-09-10,0.1,5.1,-0.98,LD
MADHYA PRADESH,BALAGHAT,2026-09-11,2.4,7.0,-0.66,LD
MADHYA PRADESH,BALAGHAT,2026-09-12,16.0,6.6,1.42,LE
MADHYA PRADESH,BALAGHAT,2026-09-13,21.6,10.1,1.13,LE
MADHYA PRADESH,BALAGHAT,2026-09-14,9.7,10.0,-0.03,N
MADHYA PRADESH,BALAGHAT,2026-09-15,0.4,10.5,-0.97,LD
MADHYA PRADESH,BALAGHAT,2026-09-16,0.0,4.6,-1.0,NR
MADHYA PRADESH,BALAGHAT,2026-09-17,3.3,4.6,-0.28,D
MADHYA PRADESH,BALAGHAT,2026-09-18,2.8,6.4,-0.57,D
MADHYA PRADESH,BALAGHAT,2026-09-19,2.3,5.5,-0.59,D
MADHYA PRADESH,BALAGHAT,2026-09-20,1.2,6.3,-0.81,LD
MADHYA PRADESH,BALAGHAT,2026-09-21,7.0,7.4,-0.05,N
MADHYA PRADESH,BALAGHAT,2026-09-22,2.3,6.4,-0.64,LD
MADHYA PRADESH,BALAGHAT,2026-09-23,8.2,3.0,1.72,LE
MADHYA PRADESH,BALAGHAT,2026-09-24,5.1,2.5,1.02,LE
MADHYA PRADESH,BALAGHAT,2026-09-25,2.8,3.6,-0.21,D
MADHYA PRADESH,BALAGHAT,2026-09-26,64.4,3.4,17.94,LE
MADHYA PRADESH,BALAGHAT,2026-09-27,0.5,4.1,-0.89,LD
MADHYA PRADESH,BALAGHAT,2026-09-28,0.0,3.8,-1.0,NR
MADHYA PRADESH,BALAGHAT,2026-09-29,0.0,4.7,-1.0,NR
MADHYA PRADESH,BALAGHAT,2026-09-30,0.0,2.4,-1.0,NR
MADHYA PRADESH,BALAGHAT,2026-10-01,0.0,2.5,-1.0,NR
MADHYA PRADESH,BALAGHAT,2026-10-02,0.0,1.8,-1.0,NR
MADHYA PRADESH,BALAGHAT,2026-10-03,0.0,4.2,-1.0,NR
MADHYA PRADESH,BALAGHAT,2026-10-04,0.0,2.5,-1.0,NR
MADHYA PRADESH,BALAGHAT,2026-10-05,0.0,3.0,-1.0,NR
MADHYA PRADESH,BALAGHAT,2026-10-06,0.0,2.7,-1.0,NR
MADHYA PRADESH,BALAGHAT,2026-10-07,0.0,3.7,-1.0,NR
MADHYA PRADESH,BALAGHAT,2026-10-08,0.0,3.5,-1.0,NR
MADHYA PRADESH,BALAGHAT,2026-10-09,0.0,1.2,-1.0,NR
MADHYA PRADESH,BARWANI,2026-08-19,0.2,6.0,-0.96,LD
MADHYA PRADESH,BARWANI,2026-08-20,0.0,4.8,-1.0,NR
MADHYA PRADESH,BARWANI,2026-08-21,1.1,5.7,-0.8,LD
MADHYA PRADESH,BARWANI,2026-08-22,1.0,4.3,-0.77,LD
MADHYA PRADESH,BARWANI,2026-08-23,1.9,7.7,-0.76,LD
MADHYA PRADESH,BARWANI,2026-08-24,0.5,11.9,-0.96,LD
MADHYA PRADESH,BARWANI,2026-08-25,0.7,6.8,-0.89,LD
MADHYA PRADESH,BARWANI,2026-08-26,4.0,6.9,-0.41,D
MADHYA PRADESH,BARWANI,2026-08-27,0.9,7.2,-0.88,LD
MADHYA PRADESH,BARWANI,2026-08-28,0.0,6.6,-1.0,NR
MADHYA PRADESH,BARWANI,2026-08-29,0.0,6.7,-1.0,NR
MADHYA PRADESH,BARWANI,2026-08-30,0.0,7.7,-1.0,NR
MADHYA PRADESH,BARWANI,2026-08-31,0.0,6.9,-1.0,NR
MADHYA PRADESH,BARWANI,2026-09-01,0.3,6.1,-0.95,LD
MADHYA PRADESH,BARWANI,2026-09-02,0.0,5.9,-1.0,NR
MADHYA PRADESH,BARWANI,2026-09-03,0.2,9.0,-0.98,LD
MADHYA PRADESH,BARWANI,2026-09-04,2.0,6.0,-0.67,LD
MADHYA PRADESH,BARWANI,2026-09-05,2.4,4.6,-0.49,D
MADHYA PRADESH,BARWANI,2026-09-06,2.1,6.6,-0.68,LD
MADHYA PRADESH,BARWANI,2026-09-07,0.7,5.7,-0.87,LD
MADHYA PRADESH,BARWANI,2026-09-08,7.0,6.3,0.11,N
MADHYA PRADESH,BARWANI,2026-09-09,5.0,5.0,0.01,N
MADHYA PRADESH,BARWANI,2026-09-10,0.0,2.7,-1.0,NR
MADHYA PRADESH,BARWANI,2026-09-11,0.2,3.6,-0.93,LD
MADHYA PRADESH,BARWANI,2026-09-12,42.4,2.9,13.62,LE
MADHYA PRADESH,BARWANI,2026-09-13,23.4,3.9,4.99,LE
MADHYA PRADESH,BARWANI,2026-09-14,30.9,3.5,7.82,LE
MADHYA PRADESH,BARWANI,2026-09-15,2.9,2.8,0.04,N
MADHYA PRADESH,BARWANI,2026-09-16,0.0,4.0,-1.0,NR
MADHYA PRADESH,BARWANI,2026-09-17,0.0,3.9,-1.0,NR
MADHYA PRADESH,BARWANI,2026-09-18,0.0,3.3,-1.0,NR
MADHYA PRADESH,BARWANI,2026-09-19,0.8,3.2,-0.74,LD
MADHYA PRADESH,BARWANI,2026-09-20,0.1,2.3,-0.96,LD
MADHYA PRADESH,BARWANI,2026-09-21,0.0,4.7,-1.0,NR
MADHYA PRADESH,BARWANI,2026-09-22,0.0,8.2,-1.0,NR
MADHYA PRADESH,BARWANI,2026-09-23,0.5,7.7,-0.94,LD
MADHYA PRADESH,BARWANI,2026-09-24,0.0,4.8,-1.0,NR
MADHYA PRADESH,BARWANI,2026-09-25,3.1,4.1,-0.24,D
MADHYA PRADESH,BARWANI,2026-09-26,1.2,3.1,-0.63,LD
MADHYA PRADESH,BARWANI,2026-09-27,0.0,4.0,-1.0,NR
MADHYA PRADESH,BARWANI,2026-09-28,0.0,4.2,-1.0,NR
MADHYA PRADESH,BARWANI,2026-09-29,0.0,2.3,-1.0,NR
MADHYA PRADESH,BARWANI,2026-09-30,0.0,2.5,-1.0,NR
MADHYA PRADESH,BARWANI,2026-10-01,0.0,2.1,-1.0,NR
MADHYA PRADESH,BARWANI,2026-10-02,0.0,1.9,-1.0,NR
MADHYA PRADESH,BARWANI,2026-10-03,0.0,2.3,-1.0,NR
MADHYA PRADESH,BARWANI,2026-10-04,0.0,1.5,-1.0,NR
MADHYA PRADESH,BARWANI,2026-10-05,0.0,1.6,-1.0,NR
MADHYA PRADESH,BARWANI,2026-10-06,0.0,1.4,-1.0,NR
MADHYA PRADESH,BARWANI,2026-10-07,0.0,0.9,-1.0,NR
MADHYA PRADESH,BARWANI,2026-10-08,0.0,1.2,-1.0,NR
MADHYA PRADESH,BARWANI,2026-10-09,0.0,1.6,-1.0,NR
MADHYA PRADESH,BETUL,2026-08-19,0.7,9.9,-0.93,LD
MADHYA PRADESH,BETUL,2026-08-20,2.3,12.5,-0.82,LD
MADHYA PRADESH,BETUL,2026-08-21,0.3,9.0,-0.97,LD
MADHYA PRADESH,BETUL,2026-08-22,8.1,12.2,-0.34,D
MADHYA PRADESH,BETUL,2026-08-23,3.6,19.7,-0.82,LD
MADHYA PRADESH,BETUL,2026-08-24,0.8,11.5,-0.93,LD
MADHYA PRADESH,BETUL,2026-08-25,13.7,5.8,1.36,LE
MADHYA PRADESH,BETUL,2026-08-26,11.6,7.1,0.63,LE
MADHYA PRADESH,BETUL,2026-08-27,9.2,7.0,0.32,E
MADHYA PRADESH,BETUL,2026-08-28,4.9,7.8,-0.37,D
MADHYA PRADESH,BETUL,2026-08-29,1.5,12.3,-0.88,LD
MADHYA PRADESH,BETUL,2026-08-30,0.3,11.5,-0.97,LD
MADHYA PRADESH,BETUL,2026-08-31,0.0,10.1,-1.0,NR
MADHYA PRADESH,BETUL,2026-09-01,0.0,8.6,-1.0,NR
MADHYA PRADESH,BETUL,2026-09-02,1.2,9.8,-0.88,LD
MADHYA PRADESH,BETUL,2026-09-03,2.0,8.3,-0.76,LD
MADHYA PRADESH,BETUL,2026-09-04,4.3,6.1,-0.3,D
MADHYA PRADESH,BETUL,2026-09-05,11.2,11.1,0.01,N
MADHYA PRADESH,BETUL,2026-09-06,9.0,17.5,-0.49,D
MADHYA PRADESH,BETUL,2026-09-07,2.4,9.7,-0.76,LD
MADHYA PRADESH,BETUL,2026-09-08,0.3,7.3,-0.96,LD
MADHYA PRADESH,BETUL,2026-09-09,0.0,6.6,-1.0,NR
MADHYA PRADESH,BETUL,2026-09-10,0.0,4.9,-1.0,NR
MADHYA PRADESH,BETUL,2026-09-11,0.4,3.7,-0.89,LD
MADHYA PRADESH,BETUL,2026-09-12,8.3,5.6,0.48,E
MADHYA PRADESH,BETUL,2026-09-13,32.0,8.3,2.86,LE
MADHYA PRADESH,BETUL,2026-09-14,11.1,12.1,-0.08,N
MADHYA PRADESH,BETUL,2026-09-15,0.7,12.0,-0.94,LD
MADHYA PRADESH,BETUL,2026-09-16,4.0,4.5,-0.1,N
MADHYA PRADESH,BETUL,2026-09-17,0.0,4.0,-1.0,NR
MADHYA PRADESH,BETUL,2026-09-18,4.2,4.5,-0.06,N
MADHYA PRADESH,BETUL,2026-09-19,8.8,3.4,1.59,LE
MADHYA PRADESH,BETUL,2026-09-20,1.7,2.7,-0.36,D
MADHYA PRADESH,BETUL,2026-09-21,9.1,6.1,0.5,E
MADHYA PRADESH,BETUL,2026-09-22,3.9,9.0,-0.57,D
MADHYA PRADESH,BETUL,2026-09-23,0.7,3.3,-0.79,LD
MADHYA PRADESH,BETUL,2026-09-24,1.1,3.0,-0.63,LD
MADHYA PRADESH,BETUL,2026-09-25,3.6,2.7,0.33,E
MADHYA PRADESH,BETUL,2026-09-26,2.5,2.9,-0.14,N
MADHYA PRADESH,BETUL,2026-09-27,0.0,2.5,-1.0,NR
MADHYA PRADESH,BETUL,2026-09-28,0.0,2.0,-1.0,NR
MADHYA PRADESH,BETUL,2026-09-29,0.0,2.5,-1.0,NR
MADHYA PRADESH,BETUL,2026-09-30,0.0,1.4,-1.0,NR
MADHYA PRADESH,BETUL,2026-10-01,0.0,1.1,-1.0,NR
MADHYA PRADESH,BETUL,2026-10-02,0.0,2.2,-1.0,NR
MADHYA PRADESH,BETUL,2026-10-03,0.0,2.6,-1.0,NR
MADHYA PRADESH,BETUL,2026-10-04,0.0,3.1,-1.0,NR
MADHYA PRADESH,BETUL,2026-10-05,0.0,3.1,-1.0,NR
MADHYA PRADESH,BETUL,2026-10-06,0.0,1.7,-1.0,NR
MADHYA PRADESH,BETUL,2026-10-07,0.0,1.6,-1.0,NR
MADHYA PRADESH,BETUL,2026-10-08,0.2,1.6,-0.86,LD
MADHYA PRADESH,BETUL,2026-10-09,0.0,1.5,-1.0,NR
MADHYA PRADESH,BHIND,2026-08-19,11.3,7.0,0.61,LE
MADHYA PRADESH,BHIND,2026-08-20,20.2,5.9,2.42,LE
MADHYA PRADESH,BHIND,2026-08-21,12.8,5.7,1.24,LE
MADHYA PRADESH,BHIND,2026-08-22,16.5,5.4,2.05,LE
MADHYA PRADESH,BHIND,2026-08-23,7.8,7.1,0.1,N
MADHYA PRADESH,BHIND,2026-08-24,3.7,5.8,-0.36,D
MADHYA PRADESH,BHIND,2026-08-25,0.3,5.5,-0.95,LD
MADHYA PRADESH,BHIND,2026-08-26,20.6,3.2,5.44,LE
MADHYA PRADESH,BHIND,2026-08-27,42.6,4.5,8.47,LE
MADHYA PRADESH,BHIND,2026-08-28,4.3,5.1,-0.16,N
MADHYA PRADESH,BHIND,2026-08-29,0.6,5.6,-0.89,LD
MADHYA PRADESH,BHIND,2026-08-30,0.0,5.0,-1.0,NR
MADHYA PRADESH,BHIND,2026-08-31,0.0,6.5,-1.0,NR
MADHYA PRADESH,BHIND,2026-09-01,0.0,7.8,-1.0,LD
MADHYA PRADESH,BHIND,2026-09-02,8.3,5.4,0.53,E
MADHYA PRADESH,BHIND,2026-09-03,24.2,6.6,2.67,LE
MADHYA PRADESH,BHIND,2026-09-04,37.2,6.5,4.73,LE
MADHYA PRADESH,BHIND,2026-09-05,2.4,9.3,-0.75,LD
MADHYA PRADESH,BHIND,2026-09-06,7.0,5.8,0.21,E
MADHYA PRADESH,BHIND,2026-09-07,11.2,7.4,0.51,E
MADHYA PRADESH,BHIND,2026-09-08,2.1,6.7,-0.69,LD
MADHYA PRADESH,BHIND,2026-09-09,0.0,4.6,-1.0,NR
MADHYA PRADESH,BHIND,2026-09-10,0.0,4.1,-1.0,NR
MADHYA PRADESH,BHIND,2026-09-11,1.7,5.9,-0.72,LD
MADHYA PRADESH,BHIND,2026-09-12,9.3,5.1,0.83,LE
MADHYA PRADESH,BHIND,2026-09-13,0.3,7.3,-0.95,LD
MADHYA PRADESH,BHIND,2026-09-14,0.0,2.2,-0.99,LD
MADHYA PRADESH,BHIND,2026-09-15,0.0,5.5,-1.0,NR
MADHYA PRADESH,BHIND,2026-09-16,9.4,4.6,1.05,LE
MADHYA PRADESH,BHIND,2026-09-17,1.1,4.7,-0.76,LD
MADHYA PRADESH,BHIND,2026-09-18,7.8,2.8,1.8,LE
MADHYA PRADESH,BHIND,2026-09-19,0.0,1.7,-1.0,NR
MADHYA PRADESH,BHIND,2026-09-20,1.3,1.2,0.11,N
MADHYA PRADESH,BHIND,2026-09-21,0.0,3.5,-1.0,NR
MADHYA PRADESH,BHIND,2026-09-22,0.0,2.6,-1.0,NR
MADHYA PRADESH,BHIND,2026-09-23,4.2,3.8,0.1,N
MADHYA PRADESH,BHIND,2026-09-24,1.2,2.1,-0.42,D
MADHYA PRADESH,BHIND,2026-09-25,0.0,1.4,-1.0,NR
MADHYA PRADESH,BHIND,2026-09-26,57.0,0.8,70.31,LE
MADHYA PRADESH,BHIND,2026-09-27,14.9,1.4,9.63,LE
MADHYA PRADESH,BHIND,2026-09-28,0.0,0.5,-1.0,NR
MADHYA PRADESH,BHIND,2026-09-29,0.0,0.4,-1.0,NR
MADHYA PRADESH,BHIND,2026-09-30,0.0,0.4,-1.0,NR
MADHYA PRADESH,BHIND,2026-10-01,0.0,0.5,-1.0,NR
MADHYA PRADESH,BHIND,2026-10-02,0.0,1.1,-1.0,NR
MADHYA PRADESH,BHIND,2026-10-03,0.0,1.1,-1.0,NR
MADHYA PRADESH,BHIND,2026-10-04,0.0,3.8,-1.0,NR
MADHYA PRADESH,BHIND,2026-10-05,0.0,3.2,-1.0,NR
MADHYA PRADESH,BHIND,2026-10-06,0.0,3.5,-1.0,NR
MADHYA PRADESH,BHIND,2026-10-07,0.0,0.6,-1.0,NR
MADHYA PRADESH,BHIND,2026-10-08,0.0,0.3,-1.0,NR
MADHYA PRADESH,BHIND,2026-10-09,0.0,0.5,-1.0,NR
MADHYA PRADESH,BHOPAL,2026-08-19,0.6,15.7,-0.96,LD
MADHYA PRADESH,BHOPAL,2026-08-20,0.1,18.0,-0.99,LD
MADHYA PRADESH,BHOPAL,2026-08-21,0.3,12.9,-0.98,LD
MADHYA PRADESH,BHOPAL,2026-08-22,1.2,10.0,-0.88,LD
MADHYA PRADESH,BHOPAL,2026-08-23,0.1,11.0,-0.99,LD
MADHYA PRADESH,BHOPAL,2026-08-24,55.5,13.9,2.99,LE
MADHYA PRADESH,BHOPAL,2026-08-25,18.7,9.2,1.03,LE
MADHYA PRADESH,BHOPAL,2026-08-26,4.9,8.3,-0.41,D
MADHYA PRADESH,BHOPAL,2026-08-27,28.9,6.0,3.82,LE
MADHYA PRADESH,BHOPAL,2026-08-28,7.4,8.9,-0.17,N
MADHYA PRADESH,BHOPAL,2026-08-29,1.5,12.6,-0.88,LD
MADHYA PRADESH,BHOPAL,2026-08-30,0.0,14.8,-1.0,NR
MADHYA PRADESH,BHOPAL,2026-08-31,0.0,8.5,-1.0,NR
MADHYA PRADESH,BHOPAL,2026-09-01,0.0,13.4,-1.0,NR
MADHYA PRADESH,BHOPAL,2026-09-02,0.0,7.1,-1.0,NR
MADHYA PRADESH,BHOPAL,2026-09-03,0.3,5.5,-0.94,LD
MADHYA PRADESH,BHOPAL,2026-09-04,13.9,6.6,1.11,LE
MADHYA PRADESH,BHOPAL,2026-09-05,59.3,4.2,13.12,LE
MADHYA PRADESH,BHOPAL,2026-09-06,9.3,9.4,-0.01,N
MADHYA PRADESH,BHOPAL,2026-09-07,1.7,6.9,-0.75,LD
MADHYA PRADESH,BHOPAL,2026-09-08,0.1,4.2,-0.98,LD
MADHYA PRADESH,BHOPAL,2026-09-09,0.0,5.0,-1.0,NR
MADHYA PRADESH,BHOPAL,2026-09-10,0.0,7.8,-1.0,NR
MADHYA PRADESH,BHOPAL,2026-09-11,0.1,8.8,-0.99,LD
MADHYA PRADESH,BHOPAL,2026-09-12,16.2,4.0,3.06,LE
MADHYA PRADESH,BHOPAL,2026-09-13,5.5,3.2,0.71,LE
MADHYA PRADESH,BHOPAL,2026-09-14,18.1,5.4,2.36,LE
MADHYA PRADESH,BHOPAL,2026-09-15,3.6,10.9,-0.67,LD
MADHYA PRADESH,BHOPAL,2026-09-16,0.0,6.7,-1.0,NR
MADHYA PRADESH,BHOPAL,2026-09-17,3.4,3.0,0.15,N
MADHYA PRADESH,BHOPAL,2026-09-18,6.8,3.0,1.25,LE
MADHYA PRADESH,BHOPAL,2026-09-19,7.8,4.4,0.76,LE
MADHYA PRADESH,BHOPAL,2026-09-20,0.4,1.8,-0.76,LD
MADHYA PRADESH,BHOPAL,2026-09-21,0.4,3.6,-0.88,LD
MADHYA PRADESH,BHOPAL,2026-09-22,8.7,4.7,0.85,LE
MADHYA PRADESH,BHOPAL,2026-09-23,0.0,5.5,-1.0,NR
MADHYA PRADESH,BHOPAL,2026-09-24,1.2,3.6,-0.66,LD
MADHYA PRADESH,BHOPAL,2026-09-25,0.0,3.0,-1.0,NR
MADHYA PRADESH,BHOPAL,2026-09-26,0.0,3.4,-1.0,NR
MADHYA PRADESH,BHOPAL,2026-09-27,0.2,1.8,-0.87,LD
MADHYA PRADESH,BHOPAL,2026-09-28,0.0,2.0,-1.0,NR
MADHYA PRADESH,BHOPAL,2026-09-29,0.0,2.3,-1.0,NR
MADHYA PRADESH,BHOPAL,2026-09-30,0.0,1.7,-1.0,NR
MADHYA PRADESH,BHOPAL,2026-10-01,0.0,1.6,-1.0,NR
MADHYA PRADESH,BHOPAL,2026-10-02,0.0,0.9,-1.0,NR
MADHYA PRADESH,BHOPAL,2026-10-03,0.0,1.2,-1.0,NR
MADHYA PRADESH,BHOPAL,2026-10-04,0.0,2.0,-1.0,NR
MADHYA PRADESH,BHOPAL,2026-10-05,0.0,3.0,-1.0,NR
MADHYA PRADESH,BHOPAL,2026-10-06,0.0,5.8,-1.0,NR
MADHYA PRADESH,BHOPAL,2026-10-07,0.0,0.9,-1.0,NR
MADHYA PRADESH,BHOPAL,2026-10-08,0.0,1.8,-1.0,NR
MADHYA PRADESH,BHOPAL,2026-10-09,0.0,1.9,-1.0,NR
MADHYA PRADESH,BURHANPUR,2026-08-19,4.0,7.9,-0.5,D
MADHYA PRADESH,BURHANPUR,2026-08-20,0.7,6.0,-0.89,LD
MADHYA PRADESH,BURHANPUR,2026-08-21,0.2,6.2,-0.96,LD
MADHYA PRADESH,BURHANPUR,2026-08-22,0.0,9.2,-1.0,NR
MADHYA PRADESH,BURHANPUR,2026-08-23,1.4,9.4,-0.85,LD
MADHYA PRADESH,BURHANPUR,2026-08-24,1.2,8.6,-0.85,LD
MADHYA PRADESH,BURHANPUR,2026-08-25,1.0,6.7,-0.85,LD
MADHYA PRADESH,BURHANPUR,2026-08-26,4.0,9.0,-0.56,D
MADHYA PRADESH,BURHANPUR,2026-08-27,0.8,9.3,-0.92,LD
MADHYA PRADESH,BURHANPUR,2026-08-28,0.0,6.6,-1.0,NR
MADHYA PRADESH,BURHANPUR,2026-08-29,0.0,7.0,-1.0,NR
MADHYA PRADESH,BURHANPUR,2026-08-30,0.0,6.9,-1.0,NR
MADHYA PRADESH,BURHANPUR,2026-08-31,0.0,8.5,-1.0,NR
MADHYA PRADESH,BURHANPUR,2026-09-01,0.0,6.9,-1.0,NR
MADHYA PRADESH,BURHANPUR,2026-09-02,0.8,10.5,-0.93,LD
MADHYA PRADESH,BURHANPUR,2026-09-03,5.5,10.4,-0.48,D
MADHYA PRADESH,BURHANPUR,2026-09-04,0.2,3.1,-0.92,LD
MADHYA PRADESH,BURHANPUR,2026-09-05,0.5,5.5,-0.91,LD
MADHYA PRADESH,BURHANPUR,2026-09-06,1.2,7.8,-0.85,LD
MADHYA PRADESH,BURHANPUR,2026-09-07,3.5,5.3,-0.34,D
MADHYA PRADESH,BURHANPUR,2026-09-08,21.0,5.7,2.68,LE
MADHYA PRADESH,BURHANPUR,2026-09-09,0.8,4.0,-0.81,LD
MADHYA PRADESH,BURHANPUR,2026-09-10,0.0,2.7,-1.0,NR
MADHYA PRADESH,BURHANPUR,2026-09-11,0.0,2.3,-1.0,NR
MADHYA PRADESH,BURHANPUR,2026-09-12,11.8,3.0,2.93,LE
MADHYA PRADESH,BURHANPUR,2026-09-13,22.9,5.9,2.88,LE
MADHYA PRADESH,BURHANPUR,2026-09-14,9.0,4.1,1.2,LE
MADHYA PRADESH,BURHANPUR,2026-09-15,0.0,8.2,-1.0,NR
MADHYA PRADESH,BURHANPUR,2026-09-16,0.0,5.2,-1.0,NR
MADHYA PRADESH,BURHANPUR,2026-09-17,0.0,4.3,-1.0,NR
MADHYA PRADESH,BURHANPUR,2026-09-18,0.8,4.2,-0.82,LD
MADHYA PRADESH,BURHANPUR,2026-09-19,0.0,3.2,-1.0,NR
MADHYA PRADESH,BURHANPUR,2026-09-20,0.0,3.0,-1.0,NR
MADHYA PRADESH,BURHANPUR,2026-09-21,0.0,7.8,-1.0,NR
MADHYA PRADESH,BURHANPUR,2026-09-22,0.0,7.5,-1.0,NR
MADHYA PRADESH,BURHANPUR,2026-09-23,0.0,3.7,-1.0,NR
MADHYA PRADESH,BURHANPUR,2026-09-24,1.5,3.7,-0.59,LD
MADHYA PRADESH,BURHANPUR,2026-09-25,0.0,3.9,-1.0,NR
MADHYA PRADESH,BURHANPUR,2026-09-26,0.0,1.3,-1.0,NR
MADHYA PRADESH,BURHANPUR,2026-09-27,0.0,2.2,-1.0,NR
MADHYA PRADESH,BURHANPUR,2026-09-28,0.0,1.2,-1.0,NR
MADHYA PRADESH,BURHANPUR,2026-09-29,0.0,3.0,-1.0,NR
MADHYA PRADESH,BURHANPUR,2026-09-30,0.0,2.3,-1.0,NR
MADHYA PRADESH,BURHANPUR,2026-10-01,0.0,1.9,-1.0,NR
MADHYA PRADESH,BURHANPUR,2026-10-02,0.0,3.6,-1.0,NR
MADHYA PRADESH,BURHANPUR,2026-10-03,0.0,4.3,-1.0,NR
MADHYA PRADESH,BURHANPUR,2026-10-04,0.0,3.0,-1.0,NR
MADHYA PRADESH,BURHANPUR,2026-10-05,0.0,1.7,-1.0,NR
MADHYA PRADESH,BURHANPUR,2026-10-06,0.0,1.4,-1.0,NR
MADHYA PRADESH,BURHANPUR,2026-10-07,0.0,1.1,-1.0,NR
MADHYA PRADESH,BURHANPUR,2026-10-08,0.0,2.5,-1.0,NR
MADHYA PRADESH,BURHANPUR,2026-10-09,0.0,2.8,-1.0,NR
MADHYA PRADESH,CHHATARPUR,2026-08-19,18.5,14.3,0.3,E
MADHYA PRADESH,CHHATARPUR,2026-08-20,66.3,12.2,4.43,LE
MADHYA PRADESH,CHHATARPUR,2026-08-21,21.7,7.1,2.05,LE
MADHYA PRADESH,CHHATARPUR,2026-08-22,15.4,12.7,0.21,E
MADHYA PRADESH,CHHATARPUR,2026-08-23,13.9,11.1,0.25,E
MADHYA PRADESH,CHHATARPUR,2026-08-24,7.9,9.8,-0.2,D
MADHYA PRADESH,CHHATARPUR,2026-08-25,15.8,7.9,1.0,LE
MADHYA PRADESH,CHHATARPUR,2026-08-26,37.1,7.0,4.3,LE
MADHYA PRADESH,CHHATARPUR,2026-08-27,27.1,8.6,2.15,LE
MADHYA PRADESH,CHHATARPUR,2026-08-28,17.5,13.4,0.3,E
MADHYA PRADESH,CHHATARPUR,2026-08-29,2.0,11.8,-0.83,LD
MADHYA PRADESH,CHHATARPUR,2026-08-30,1.8,8.4,-0.79,LD
MADHYA PRADESH,CHHATARPUR,2026-08-31,1.2,6.9,-0.83,LD
MADHYA PRADESH,CHHATARPUR,2026-09-01,4.8,9.1,-0.47,D
MADHYA PRADESH,CHHATARPUR,2026-09-02,9.7,12.4,-0.22,D
MADHYA PRADESH,CHHATARPUR,2026-09-03,84.8,12.3,5.9,LE
MADHYA PRADESH,CHHATARPUR,2026-09-04,56.1,12.2,3.6,LE
MADHYA PRADESH,CHHATARPUR,2026-09-05,1.2,9.2,-0.87,LD
MADHYA PRADESH,CHHATARPUR,2026-09-06,3.2,8.5,-0.63,LD
MADHYA PRADESH,CHHATARPUR,2026-09-07,6.1,5.6,0.1,N
MADHYA PRADESH,CHHATARPUR,2026-09-08,4.7,8.4,-0.44,D
MADHYA PRADESH,CHHATARPUR,2026-09-09,0.0,7.9,-1.0,NR
MADHYA PRADESH,CHHATARPUR,2026-09-10,0.0,11.2,-1.0,NR
MADHYA PRADESH,CHHATARPUR,2026-09-11,14.7,6.3,1.33,LE
MADHYA PRADESH,CHHATARPUR,2026-09-12,12.6,5.9,1.13,LE
MADHYA PRADESH,CHHATARPUR,2026-09-13,7.0,6.5,0.08,N
MADHYA PRADESH,CHHATARPUR,2026-09-14,3.3,4.1,-0.19,D
MADHYA PRADESH,CHHATARPUR,2026-09-15,0.2,8.8,-0.98,LD
MADHYA PRADESH,CHHATARPUR,2026-09-16,1.5,6.9,-0.78,LD
MADHYA PRADESH,CHHATARPUR,2026-09-17,0.8,6.0,-0.87,LD
MADHYA PRADESH,CHHATARPUR,2026-09-18,1.7,4.8,-0.65,LD
MADHYA PRADESH,CHHATARPUR,2026-09-19,0.0,5.0,-1.0,NR
MADHYA PRADESH,CHHATARPUR,2026-09-20,14.8,3.1,3.78,LE
MADHYA PRADESH,CHHATARPUR,2026-09-21,1.1,6.9,-0.84,LD
MADHYA PRADESH,CHHATARPUR,2026-09-22,1.7,2.2,-0.24,D
MADHYA PRADESH,CHHATARPUR,2026-09-23,1.4,3.3,-0.57,D
MADHYA PRADESH,CHHATARPUR,2026-09-24,3.7,2.6,0.43,E
MADHYA PRADESH,CHHATARPUR,2026-09-25,18.2,2.3,6.93,LE
MADHYA PRADESH,CHHATARPUR,2026-09-26,83.0,1.0,81.98,LE
MADHYA PRADESH,CHHATARPUR,2026-09-27,22.7,1.9,10.94,LE
MADHYA PRADESH,CHHATARPUR,2026-09-28,0.0,2.0,-1.0,NR
MADHYA PRADESH,CHHATARPUR,2026-09-29,0.0,1.8,-1.0,NR
MADHYA PRADESH,CHHATARPUR,2026-09-30,0.0,1.1,-1.0,NR
MADHYA PRADESH,CHHATARPUR,2026-10-01,0.0,0.9,-1.0,NR
MADHYA PRADESH,CHHATARPUR,2026-10-02,0.0,1.7,-1.0,NR
MADHYA PRADESH,CHHATARPUR,2026-10-03,0.0,2.9,-1.0,NR
MADHYA PRADESH,CHHATARPUR,2026-10-04,0.0,5.2,-1.0,NR
MADHYA PRADESH,CHHATARPUR,2026-10-05,0.0,2.4,-1.0,NR
MADHYA PRADESH,CHHATARPUR,2026-10-06,0.0,3.3,-1.0,NR
MADHYA PRADESH,CHHATARPUR,2026-10-07,0.0,2.0,-1.0,NR
MADHYA PRADESH,CHHATARPUR,2026-10-08,0.0,1.8,-1.0,NR
MADHYA PRADESH,CHHATARPUR,2026-10-09,0.0,3.0,-1.0,NR
MADHYA PRADESH,CHHINDWARA,2026-08-19,0.6,15.4,-0.96,LD
MADHYA PRADESH,CHHINDWARA,2026-08-20,5.6,12.5,-0.55,D
MADHYA PRADESH,CHHINDWARA,2026-08-21,7.6,11.7,-0.35,D
MADHYA PRADESH,CHHINDWARA,2026-08-22,10.0,10.2,-0.02,N
MADHYA PRADESH,CHHINDWARA,2026-08-23,13.8,13.1,0.05,N
MADHYA PRADESH,CHHINDWARA,2026-08-24,1.6,11.1,-0.86,LD
MADHYA PRADESH,CHHINDWARA,2026-08-25,4.6,6.3,-0.28,D
MADHYA PRADESH,CHHINDWARA,2026-08-26,0.4,6.3,-0.93,LD
MADHYA PRADESH,CHHINDWARA,2026-08-27,3.3,8.3,-0.6,LD
MADHYA PRADESH,CHHINDWARA,2026-08-28,10.6,9.6,0.11,N
MADHYA PRADESH,CHHINDWARA,2026-08-29,21.0,12.8,0.64,LE
MADHYA PRADESH,CHHINDWARA,2026-08-30,1.3,10.9,-0.88,LD
MADHYA PRADESH,CHHINDWARA,2026-08-31,0.0,12.1,-1.0,NR
MADHYA PRADESH,CHHINDWARA,2026-09-01,0.0,7.7,-1.0,NR
MADHYA PRADESH,CHHINDWARA,2026-09-02,0.7,7.2,-0.9,LD
MADHYA PRADESH,CHHINDWARA,2026-09-03,10.0,7.3,0.37,E
MADHYA PRADESH,CHHINDWARA,2026-09-04,10.2,5.6,0.81,LE
MADHYA PRADESH,CHHINDWARA,2026-09-05,4.2,10.7,-0.61,LD
MADHYA PRADESH,CHHINDWARA,2026-09-06,3.3,11.6,-0.72,LD
MADHYA PRADESH,CHHINDWARA,2026-09-07,3.0,7.5,-0.6,LD
MADHYA PRADESH,CHHINDWARA,2026-09-08,0.0,8.2,-1.0,NR
MADHYA PRADESH,CHHINDWARA,2026-09-09,0.4,9.9,-0.96,LD
MADHYA PRADESH,CHHINDWARA,2026-09-10,0.4,8.4,-0.95,LD
MADHYA PRADESH,CHHINDWARA,2026-09-11,2.3,7.6,-0.69,LD
MADHYA PRADESH,CHHINDWARA,2026-09-12,4.2,5.5,-0.23,D
MADHYA PRADESH,CHHINDWARA,2026-09-13,8.8,7.3,0.21,E
MADHYA PRADESH,CHHINDWARA,2026-09-14,13.9,8.9,0.56,E
MADHYA PRADESH,CHHINDWARA,2026-09-15,2.7,9.4,-0.71,LD
MADHYA PRADESH,CHHINDWARA,2026-09-16,7.8,8.3,-0.06,N
MADHYA PRADESH,CHHINDWARA,2026-09-17,0.4,6.3,-0.94,LD
MADHYA PRADESH,CHHINDWARA,2026-09-18,2.0,6.5,-0.69,LD
MADHYA PRADESH,CHHINDWARA,2026-09-19,17.0,4.9,2.46,LE
MADHYA PRADESH,CHHINDWARA,2026-09-20,7.9,4.1,0.92,LE
MADHYA PRADESH,CHHINDWARA,2026-09-21,15.2,5.5,1.77,LE
MADHYA PRADESH,CHHINDWARA,2026-09-22,7.5,6.0,0.25,E
MADHYA PRADESH,CHHINDWARA,2026-09-23,0.7,4.5,-0.85,LD
MADHYA PRADESH,CHHINDWARA,2026-09-24,0.0,2.5,-1.0,NR
MADHYA PRADESH,CHHINDWARA,2026-09-25,18.2,4.0,3.54,LE
MADHYA PRADESH,CHHINDWARA,2026-09-26,14.9,2.9,4.12,LE
MADHYA PRADESH,CHHINDWARA,2026-09-27,0.0,3.2,-1.0,NR
MADHYA PRADESH,CHHINDWARA,2026-09-28,0.0,3.8,-1.0,NR
MADHYA PRADESH,CHHINDWARA,2026-09-29,0.0,1.8,-1.0,NR
MADHYA PRADESH,CHHINDWARA,2026-09-30,0.0,2.4,-1.0,NR
MADHYA PRADESH,CHHINDWARA,2026-10-01,0.0,1.8,-1.0,NR
MADHYA PRADESH,CHHINDWARA,2026-10-02,0.0,2.0,-1.0,NR
MADHYA PRADESH,CHHINDWARA,2026-10-03,0.0,4.2,-1.0,NR
MADHYA PRADESH,CHHINDWARA,2026-10-04,0.0,5.2,-1.0,NR
MADHYA PRADESH,CHHINDWARA,2026-10-05,0.0,2.8,-1.0,NR
MADHYA PRADESH,CHHINDWARA,2026-10-06,0.0,2.0,-1.0,NR
MADHYA PRADESH,CHHINDWARA,2026-10-07,0.3,2.3,-0.86,LD
MADHYA PRADESH,CHHINDWARA,2026-10-08,0.5,2.1,-0.74,LD
MADHYA PRADESH,CHHINDWARA,2026-10-09,0.0,1.4,-1.0,NR
MADHYA PRADESH,DAMOH,2026-08-19,4.9,13.7,-0.64,LD
MADHYA PRADESH,DAMOH,2026-08-20,23.3,9.9,1.35,LE
MADHYA PRADESH,DAMOH,2026-08-21,10.4,15.7,-0.34,D
MADHYA PRADESH,DAMOH,2026-08-22,25.9,15.3,0.7,LE
MADHYA PRADESH,DAMOH,2026-08-23,18.4,10.7,0.72,LE
MADHYA PRADESH,DAMOH,2026-08-24,7.3,15.6,-0.53,D
MADHYA PRADESH,DAMOH,2026-08-25,7.6,11.0,-0.31,D
MADHYA PRADESH,DAMOH,2026-08-26,10.6,6.2,0.71,LE
MADHYA PRADESH,DAMOH,2026-08-27,10.9,6.6,0.66,LE
MADHYA PRADESH,DAMOH,2026-08-28,17.0,7.2,1.36,LE
MADHYA PRADESH,DAMOH,2026-08-29,27.0,18.8,0.44,E
MADHYA PRADESH,DAMOH,2026-08-30,0.3,11.6,-0.98,LD
MADHYA PRADESH,DAMOH,2026-08-31,0.0,7.0,-1.0,NR
MADHYA PRADESH,DAMOH,2026-09-01,0.3,7.5,-0.96,LD
MADHYA PRADESH,DAMOH,2026-09-02,5.8,7.7,-0.25,D
MADHYA PRADESH,DAMOH,2026-09-03,16.7,6.9,1.42,LE
MADHYA PRADESH,DAMOH,2026-09-04,13.6,9.0,0.51,E
MADHYA PRADESH,DAMOH,2026-09-05,5.9,7.3,-0.19,D
MADHYA PRADESH,DAMOH,2026-09-06,1.9,9.9,-0.81,LD
MADHYA PRADESH,DAMOH,2026-09-07,0.7,7.5,-0.9,LD
MADHYA PRADESH,DAMOH,2026-09-08,1.4,7.1,-0.81,LD
MADHYA PRADESH,DAMOH,2026-09-09,1.9,10.9,-0.83,LD
MADHYA PRADESH,DAMOH,2026-09-10,0.0,8.8,-1.0,NR
MADHYA PRADESH,DAMOH,2026-09-11,59.7,8.7,5.87,LE
MADHYA PRADESH,DAMOH,2026-09-12,14.9,9.5,0.57,E
MADHYA PRADESH,DAMOH,2026-09-13,13.2,5.6,1.36,LE
MADHYA PRADESH,DAMOH,2026-09-14,2.6,4.9,-0.46,D
MADHYA PRADESH,DAMOH,2026-09-15,1.0,11.0,-0.91,LD
MADHYA PRADESH,DAMOH,2026-09-16,0.7,9.9,-0.93,LD
MADHYA PRADESH,DAMOH,2026-09-17,8.0,5.3,0.51,E
MADHYA PRADESH,DAMOH,2026-09-18,1.3,3.5,-0.62,LD
MADHYA PRADESH,DAMOH,2026-09-19,2.8,7.8,-0.64,LD
MADHYA PRADESH,DAMOH,2026-09-20,5.2,4.6,0.14,N
MADHYA PRADESH,DAMOH,2026-09-21,9.2,5.2,0.76,LE
MADHYA PRADESH,DAMOH,2026-09-22,20.0,2.0,8.99,LE
MADHYA PRADESH,DAMOH,2026-09-23,0.6,3.2,-0.82,LD
MADHYA PRADESH,DAMOH,2026-09-24,8.7,3.1,1.79,LE
MADHYA PRADESH,DAMOH,2026-09-25,14.7,1.5,8.77,LE
MADHYA PRADESH,DAMOH,2026-09-26,41.4,2.1,18.71,LE
MADHYA PRADESH,DAMOH,2026-09-27,2.8,1.8,0.53,E
MADHYA PRADESH,DAMOH,2026-09-28,0.0,3.1,-1.0,NR
MADHYA PRADESH,DAMOH,2026-09-29,0.0,2.2,-1.0,NR
MADHYA PRADESH,DAMOH,2026-09-30,0.0,2.7,-1.0,NR
MADHYA PRADESH,DAMOH,2026-10-01,0.0,0.4,-1.0,NR
MADHYA PRADESH,DAMOH,2026-10-02,0.0,1.2,-1.0,NR
MADHYA PRADESH,DAMOH,2026-10-03,0.0,3.5,-1.0,NR
MADHYA PRADESH,DAMOH,2026-10-04,0.0,3.5,-1.0,NR
MADHYA PRADESH,DAMOH,2026-10-05,0.0,4.0,-1.0,NR
MADHYA PRADESH,DAMOH,2026-10-06,0.0,2.7,-1.0,NR
MADHYA PRADESH,DAMOH,2026-10-07,0.0,0.8,-1.0,NR
MADHYA PRADESH,DAMOH,2026-10-08,0.0,1.3,-1.0,NR
MADHYA PRADESH,DAMOH,2026-10-09,0.0,0.9,-1.0,NR
MADHYA PRADESH,DATIA,2026-08-19,8.8,11.6,-0.25,D
MADHYA PRADESH,DATIA,2026-08-20,2.0,10.7,-0.81,LD
MADHYA PRADESH,DATIA,2026-08-21,17.2,6.8,1.54,LE
MADHYA PRADESH,DATIA,2026-08-22,20.6,8.1,1.54,LE
MADHYA PRADESH,DATIA,2026-08-23,6.0,6.9,-0.13,N
MADHYA PRADESH,DATIA,2026-08-24,18.0,8.0,1.25,LE
MADHYA PRADESH,DATIA,2026-08-25,0.6,3.5,-0.83,LD
MADHYA PRADESH,DATIA,2026-08-26,12.3,5.7,1.16,LE
MADHYA PRADESH,DATIA,2026-08-27,101.3,3.5,27.94,LE
MADHYA PRADESH,DATIA,2026-08-28,19.7,7.6,1.59,LE
MADHYA PRADESH,DATIA,2026-08-29,0.6,5.1,-0.89,LD
MADHYA PRADESH,DATIA,2026-08-30,0.0,8.1,-1.0,NR
MADHYA PRADESH,DATIA,2026-08-31,0.0,5.7,-1.0,NR
MADHYA PRADESH,DATIA,2026-09-01,0.0,6.5,-1.0,NR
MADHYA PRADESH,DATIA,2026-09-02,0.8,8.7,-0.91,LD
MADHYA PRADESH,DATIA,2026-09-03,28.6,7.2,2.97,LE
MADHYA PRADESH,DATIA,2026-09-04,52.0,9.8,4.31,LE
MADHYA PRADESH,DATIA,2026-09-05,9.5,10.8,-0.12,N
MADHYA PRADESH,DATIA,2026-09-06,8.0,5.5,0.45,E
MADHYA PRADESH,DATIA,2026-09-07,19.4,2.4,7.07,LE
MADHYA PRADESH,DATIA,2026-09-08,0.5,6.5,-0.92,LD
MADHYA PRADESH,DATIA,2026-09-09,0.0,6.5,-1.0,NR
MADHYA PRADESH,DATIA,2026-09-10,0.0,5.7,-1.0,NR
MADHYA PRADESH,DATIA,2026-09-11,0.0,9.0,-1.0,NR
MADHYA PRADESH,DATIA,2026-09-12,12.9,7.2,0.8,LE
MADHYA PRADESH,DATIA,2026-09-13,0.0,5.4,-1.0,NR
MADHYA PRADESH,DATIA,2026-09-14,5.8,2.8,1.05,LE
MADHYA PRADESH,DATIA,2026-09-15,0.0,4.0,-1.0,NR
MADHYA PRADESH,DATIA,2026-09-16,26.4,8.0,2.29,LE
MADHYA PRADESH,DATIA,2026-09-17,0.0,2.7,-1.0,NR
MADHYA PRADESH,DATIA,2026-09-18,3.0,3.8,-0.21,D
MADHYA PRADESH,DATIA,2026-09-19,0.2,3.1,-0.94,LD
MADHYA PRADESH,DATIA,2026-09-20,0.0,2.2,-1.0,NR
MADHYA PRADESH,DATIA,2026-09-21,0.0,6.7,-1.0,NR
MADHYA PRADESH,DATIA,2026-09-22,0.0,3.5,-1.0,NR
MADHYA PRADESH,DATIA,2026-09-23,0.0,3.3,-1.0,NR
MADHYA PRADESH,DATIA,2026-09-24,0.5,1.0,-0.5,D
MADHYA PRADESH,DATIA,2026-09-25,0.1,0.8,-0.88,LD
MADHYA PRADESH,DATIA,2026-09-26,28.6,1.2,22.83,LE
MADHYA PRADESH,DATIA,2026-09-27,6.5,1.9,2.42,LE
MADHYA PRADESH,DATIA,2026-09-28,0.0,2.2,-1.0,NR
MADHYA PRADESH,DATIA,2026-09-29,0.0,0.8,-1.0,NR
MADHYA PRADESH,DATIA,2026-09-30,0.0,0.6,-1.0,NR
MADHYA PRADESH,DATIA,2026-10-01,0.0,0.9,-1.0,NR
MADHYA PRADESH,DATIA,2026-10-02,0.0,0.3,-1.0,NR
MADHYA PRADESH,DATIA,2026-10-03,0.0,1.2,-1.0,NR
MADHYA PRADESH,DATIA,2026-10-04,0.0,4.9,-1.0,NR
MADHYA PRADESH,DATIA,2026-10-05,0.0,3.9,-1.0,NR
MADHYA PRADESH,DATIA,2026-10-06,0.0,2.0,-1.0,NR
MADHYA PRADESH,DATIA,2026-10-07,0.0,0.7,-1.0,NR
MADHYA PRADESH,DATIA,2026-10-08,0.0,1.6,-1.0,NR
MADHYA PRADESH,DATIA,2026-10-09,0.0,1.3,-1.0,NR
MADHYA PRADESH,DEWAS,2026-08-19,0.0,10.2,-1.0,NR
MADHYA PRADESH,DEWAS,2026-08-20,0.3,11.1,-0.97,LD
MADHYA PRADESH,DEWAS,2026-08-21,0.0,7.5,-1.0,NR
MADHYA PRADESH,DEWAS,2026-08-22,0.2,7.5,-0.97,LD
MADHYA PRADESH,DEWAS,2026-08-23,0.0,12.7,-1.0,NR
MADHYA PRADESH,DEWAS,2026-08-24,1.0,14.5,-0.93,LD
MADHYA PRADESH,DEWAS,2026-08-25,15.8,7.6,1.08,LE
MADHYA PRADESH,DEWAS,2026-08-26,14.7,7.1,1.07,LE
MADHYA PRADESH,DEWAS,2026-08-27,0.9,8.8,-0.9,LD
MADHYA PRADESH,DEWAS,2026-08-28,2.4,8.6,-0.72,LD
MADHYA PRADESH,DEWAS,2026-08-29,0.0,9.6,-1.0,NR
MADHYA PRADESH,DEWAS,2026-08-30,0.0,13.6,-1.0,NR
MADHYA PRADESH,DEWAS,2026-08-31,0.0,11.5,-1.0,NR
MADHYA PRADESH,DEWAS,2026-09-01,0.0,8.7,-1.0,NR
MADHYA PRADESH,DEWAS,2026-09-02,2.4,6.5,-0.62,LD
MADHYA PRADESH,DEWAS,2026-09-03,0.0,9.7,-1.0,NR
MADHYA PRADESH,DEWAS,2026-09-04,9.8,7.5,0.3,E
MADHYA PRADESH,DEWAS,2026-09-05,12.0,6.6,0.82,LE
MADHYA PRADESH,DEWAS,2026-09-06,0.4,12.6,-0.96,LD
MADHYA PRADESH,DEWAS,2026-09-07,0.2,6.5,-0.97,LD
MADHYA PRADESH,DEWAS,2026-09-08,8.0,4.3,0.86,LE
MADHYA PRADESH,DEWAS,2026-09-09,0.0,4.4,-1.0,NR
MADHYA PRADESH,DEWAS,2026-09-10,4.4,4.2,0.06,N
MADHYA PRADESH,DEWAS,2026-09-11,0.0,4.1,-1.0,NR
MADHYA PRADESH,DEWAS,2026-09-12,0.8,5.4,-0.86,LD
MADHYA PRADESH,DEWAS,2026-09-13,24.7,3.7,5.67,LE
MADHYA PRADESH,DEWAS,2026-09-14,20.9,8.6,1.43,LE
MADHYA PRADESH,DEWAS,2026-09-15,2.2,6.7,-0.67,LD
MADHYA PRADESH,DEWAS,2026-09-16,0.0,4.5,-1.0,NR
MADHYA PRADESH,DEWAS,2026-09-17,6.9,2.8,1.46,LE
MADHYA PRADESH,DEWAS,2026-09-18,3.7,2.8,0.31,E
MADHYA PRADESH,DEWAS,2026-09-19,6.7,2.6,1.56,LE
MADHYA PRADESH,DEWAS,2026-09-20,0.0,3.2,-1.0,NR
MADHYA PRADESH,DEWAS,2026-09-21,0.0,4.9,-1.0,NR
MADHYA PRADESH,DEWAS,2026-09-22,1.6,6.2,-0.75,LD
MADHYA PRADESH,DEWAS,2026-09-23,0.0,7.0,-1.0,NR
MADHYA PRADESH,DEWAS,2026-09-24,0.4,4.0,-0.89,LD
MADHYA PRADESH,DEWAS,2026-09-25,0.0,2.1,-1.0,NR
MADHYA PRADESH,DEWAS,2026-09-26,0.0,3.0,-1.0,NR
MADHYA PRADESH,DEWAS,2026-09-27,0.0,3.2,-1.0,NR
MADHYA PRADESH,DEWAS,2026-09-28,0.0,2.8,-1.0,NR
MADHYA PRADESH,DEWAS,2026-09-29,0.0,3.0,-1.0,NR
MADHYA PRADESH,DEWAS,2026-09-30,0.0,1.3,-1.0,NR
MADHYA PRADESH,DEWAS,2026-10-01,0.0,1.2,-1.0,NR
MADHYA PRADESH,DEWAS,2026-10-02,0.0,1.5,-1.0,NR
MADHYA PRADESH,DEWAS,2026-10-03,0.0,2.2,-1.0,NR
MADHYA PRADESH,DEWAS,2026-10-04,0.0,1.3,-1.0,NR
MADHYA PRADESH,DEWAS,2026-10-05,0.0,1.9,-1.0,NR
MADHYA PRADESH,DEWAS,2026-10-06,0.0,2.4,-1.0,NR
MADHYA PRADESH,DEWAS,2026-10-07,0.0,0.9,-1.0,NR
MADHYA PRADESH,DEWAS,2026-10-08,0.0,1.0,-1.0,NR
MADHYA PRADESH,DEWAS,2026-10-09,0.0,1.7,-1.0,NR
MADHYA PRADESH,DHAR,2026-08-19,0.2,6.7,-0.96,LD
MADHYA PRADESH,DHAR,2026-08-20,0.4,7.1,-0.94,LD
MADHYA PRADESH,DHAR,2026-08-21,0.2,6.8,-0.97,LD
MADHYA PRADESH,DHAR,2026-08-22,0.0,6.0,-1.0,NR
MADHYA PRADESH,DHAR,2026-08-23,0.2,8.6,-0.97,LD
MADHYA PRADESH,DHAR,2026-08-24,0.0,14.8,-1.0,NR
MADHYA PRADESH,DHAR,2026-08-25,2.5,6.0,-0.58,D
MADHYA PRADESH,DHAR,2026-08-26,12.0,8.5,0.41,E
MADHYA PRADESH,DHAR,2026-08-27,0.2,9.2,-0.98,LD
MADHYA PRADESH,DHAR,2026-08-28,0.0,8.5,-1.0,NR
MADHYA PRADESH,DHAR,2026-08-29,0.0,7.2,-1.0,NR
MADHYA PRADESH,DHAR,2026-08-30,0.0,12.1,-1.0,NR
MADHYA PRADESH,DHAR,2026-08-31,0.0,8.8,-1.0,NR
MADHYA PRADESH,DHAR,2026-09-01,0.0,5.6,-1.0,LD
MADHYA PRADESH,DHAR,2026-09-02,0.0,6.1,-1.0,NR
MADHYA PRADESH,DHAR,2026-09-03,0.2,6.3,-0.97,LD
MADHYA PRADESH,DHAR,2026-09-04,5.9,7.4,-0.21,D
MADHYA PRADESH,DHAR,2026-09-05,4.5,5.9,-0.24,D
MADHYA PRADESH,DHAR,2026-09-06,0.1,9.3,-0.99,LD
MADHYA PRADESH,DHAR,2026-09-07,0.1,8.5,-0.99,LD
MADHYA PRADESH,DHAR,2026-09-08,3.0,8.6,-0.65,LD
MADHYA PRADESH,DHAR,2026-09-09,0.0,3.6,-1.0,NR
MADHYA PRADESH,DHAR,2026-09-10,0.0,4.2,-1.0,NR
MADHYA PRADESH,DHAR,2026-09-11,0.0,3.3,-1.0,NR
MADHYA PRADESH,DHAR,2026-09-12,26.6,3.9,5.81,LE
MADHYA PRADESH,DHAR,2026-09-13,21.7,3.7,4.88,LE
MADHYA PRADESH,DHAR,2026-09-14,20.4,9.6,1.13,LE
MADHYA PRADESH,DHAR,2026-09-15,1.3,5.9,-0.77,LD
MADHYA PRADESH,DHAR,2026-09-16,0.0,7.2,-1.0,NR
MADHYA PRADESH,DHAR,2026-09-17,0.2,4.6,-0.95,LD
MADHYA PRADESH,DHAR,2026-09-18,1.8,3.4,-0.47,D
MADHYA PRADESH,DHAR,2026-09-19,1.6,3.5,-0.54,D
MADHYA PRADESH,DHAR,2026-09-20,0.2,4.3,-0.95,LD
MADHYA PRADESH,DHAR,2026-09-21,0.0,6.7,-1.0,NR
MADHYA PRADESH,DHAR,2026-09-22,0.0,7.8,-1.0,NR
MADHYA PRADESH,DHAR,2026-09-23,0.0,8.4,-1.0,NR
MADHYA PRADESH,DHAR,2026-09-24,0.0,5.3,-1.0,NR
MADHYA PRADESH,DHAR,2026-09-25,0.0,4.0,-1.0,NR
MADHYA PRADESH,DHAR,2026-09-26,3.8,3.7,0.04,N
MADHYA PRADESH,DHAR,2026-09-27,0.0,3.2,-1.0,NR
MADHYA PRADESH,DHAR,2026-09-28,0.0,3.6,-1.0,NR
MADHYA PRADESH,DHAR,2026-09-29,0.0,3.6,-1.0,NR
MADHYA PRADESH,DHAR,2026-09-30,0.0,3.2,-1.0,NR
MADHYA PRADESH,DHAR,2026-10-01,0.1,2.5,-0.94,LD
MADHYA PRADESH,DHAR,2026-10-02,0.0,1.9,-1.0,NR
MADHYA PRADESH,DHAR,2026-10-03,0.0,2.4,-1.0,NR
MADHYA PRADESH,DHAR,2026-10-04,0.0,3.1,-1.0,NR
MADHYA PRADESH,DHAR,2026-10-05,0.0,2.4,-1.0,NR
MADHYA PRADESH,DHAR,2026-10-06,0.0,1.3,-1.0,NR
MADHYA PRADESH,DHAR,2026-10-07,0.0,1.5,-1.0,NR
MADHYA PRADESH,DHAR,2026-10-08,0.0,2.0,-1.0,NR
MADHYA PRADESH,DHAR,2026-10-09,0.0,1.7,-1.0,NR
MADHYA PRADESH,DINDORI,2026-08-19,32.0,11.3,1.83,LE
MADHYA PRADESH,DINDORI,2026-08-20,83.2,11.3,6.36,LE
MADHYA PRADESH,DINDORI,2026-08-21,27.5,17.3,0.59,LE
MADHYA PRADESH,DINDORI,2026-08-22,10.0,18.6,-0.46,D
MADHYA PRADESH,DINDORI,2026-08-23,22.9,9.9,1.31,LE
MADHYA PRADESH,DINDORI,2026-08-24,12.7,16.6,-0.24,D
MADHYA PRADESH,DINDORI,2026-08-25,15.8,5.6,1.83,LE
MADHYA PRADESH,DINDORI,2026-08-26,2.5,8.8,-0.72,LD
MADHYA PRADESH,DINDORI,2026-08-27,3.3,7.2,-0.54,D
MADHYA PRADESH,DINDORI,2026-08-28,2.1,7.6,-0.72,LD
MADHYA PRADESH,DINDORI,2026-08-29,6.6,16.0,-0.59,D
MADHYA PRADESH,DINDORI,2026-08-30,11.7,8.6,0.36,E
MADHYA PRADESH,DINDORI,2026-08-31,2.1,8.8,-0.77,LD
MADHYA PRADESH,DINDORI,2026-09-01,2.6,7.0,-0.62,LD
MADHYA PRADESH,DINDORI,2026-09-02,16.1,9.4,0.72,LE
MADHYA PRADESH,DINDORI,2026-09-03,19.2,8.9,1.16,LE
MADHYA PRADESH,DINDORI,2026-09-04,11.2,7.4,0.51,E
MADHYA PRADESH,DINDORI,2026-09-05,1.0,8.4,-0.88,LD
MADHYA PRADESH,DINDORI,2026-09-06,0.9,10.5,-0.92,LD
MADHYA PRADESH,DINDORI,2026-09-07,0.0,10.5,-1.0,NR
MADHYA PRADESH,DINDORI,2026-09-08,0.1,12.8,-0.99,LD
MADHYA PRADESH,DINDORI,2026-09-09,2.2,13.3,-0.84,LD
MADHYA PRADESH,DINDORI,2026-09-10,0.0,9.9,-1.0,NR
MADHYA PRADESH,DINDORI,2026-09-11,1.5,9.7,-0.85,LD
MADHYA PRADESH,DINDORI,2026-09-12,5.8,11.7,-0.51,D
MADHYA PRADESH,DINDORI,2026-09-13,0.0,5.0,-1.0,NR
MADHYA PRADESH,DINDORI,2026-09-14,0.4,6.0,-0.93,LD
MADHYA PRADESH,DINDORI,2026-09-15,2.3,15.1,-0.85,LD
MADHYA PRADESH,DINDORI,2026-09-16,0.0,6.3,-1.0,NR
MADHYA PRADESH,DINDORI,2026-09-17,2.6,4.5,-0.41,D
MADHYA PRADESH,DINDORI,2026-09-18,0.2,5.0,-0.97,LD
MADHYA PRADESH,DINDORI,2026-09-19,7.2,3.8,0.89,LE
MADHYA PRADESH,DINDORI,2026-09-20,1.9,5.6,-0.66,LD
MADHYA PRADESH,DINDORI,2026-09-21,13.1,3.1,3.23,LE
MADHYA PRADESH,DINDORI,2026-09-22,0.1,3.5,-0.96,LD
MADHYA PRADESH,DINDORI,2026-09-23,3.7,2.6,0.43,E
MADHYA PRADESH,DINDORI,2026-09-24,6.4,1.5,3.24,LE
MADHYA PRADESH,DINDORI,2026-09-25,14.6,2.4,5.09,LE
MADHYA PRADESH,DINDORI,2026-09-26,92.9,2.2,41.22,LE
MADHYA PRADESH,DINDORI,2026-09-27,15.7,5.9,1.66,LE
MADHYA PRADESH,DINDORI,2026-09-28,0.0,2.2,-1.0,NR
MADHYA PRADESH,DINDORI,2026-09-29,0.0,4.3,-1.0,NR
MADHYA PRADESH,DINDORI,2026-09-30,0.0,1.5,-1.0,NR
MADHYA PRADESH,DINDORI,2026-10-01,0.0,1.7,-1.0,NR
MADHYA PRADESH,DINDORI,2026-10-02,0.0,2.4,-1.0,NR
MADHYA PRADESH,DINDORI,2026-10-03,0.0,2.4,-1.0,NR
MADHYA PRADESH,DINDORI,2026-10-04,0.0,1.6,-1.0,NR
MADHYA PRADESH,DINDORI,2026-10-05,0.0,1.8,-1.0,NR
MADHYA PRADESH,DINDORI,2026-10-06,0.0,0.7,-1.0,NR
MADHYA PRADESH,DINDORI,2026-10-07,0.3,3.5,-0.92,LD
MADHYA PRADESH,DINDORI,2026-10-08,0.0,1.2,-1.0,NR
MADHYA PRADESH,DINDORI,2026-10-09,0.0,1.0,-1.0,NR
MADHYA PRADESH,GUNA,2026-08-19,1.3,9.9,-0.87,LD
MADHYA PRADESH,GUNA,2026-08-20,0.0,11.3,-1.0,NR
MADHYA PRADESH,GUNA,2026-08-21,9.8,12.8,-0.23,D
MADHYA PRADESH,GUNA,2026-08-22,2.7,15.6,-0.83,LD
MADHYA PRADESH,GUNA,2026-08-23,0.3,11.8,-0.98,LD
MADHYA PRADESH,GUNA,2026-08-24,2.6,9.8,-0.73,LD
MADHYA PRADESH,GUNA,2026-08-25,0.0,14.5,-1.0,NR
MADHYA PRADESH,GUNA,2026-08-26,1.3,10.9,-0.88,LD
MADHYA PRADESH,GUNA,2026-08-27,19.1,6.1,2.14,LE
MADHYA PRADESH,GUNA,2026-08-28,24.9,8.5,1.92,LE
MADHYA PRADESH,GUNA,2026-08-29,1.5,8.5,-0.83,LD
MADHYA PRADESH,GUNA,2026-08-30,0.0,11.1,-1.0,NR
MADHYA PRADESH,GUNA,2026-08-31,0.0,7.3,-1.0,NR
MADHYA PRADESH,GUNA,2026-09-01,0.1,9.0,-0.99,LD
MADHYA PRADESH,GUNA,2026-09-02,0.0,7.7,-1.0,NR
MADHYA PRADESH,GUNA,2026-09-03,1.6,7.4,-0.78,LD
MADHYA PRADESH,GUNA,2026-09-04,43.2,10.7,3.04,LE
MADHYA PRADESH,GUNA,2026-09-05,26.7,8.5,2.14,LE
MADHYA PRADESH,GUNA,2026-09-06,26.9,5.7,3.71,LE
MADHYA PRADESH,GUNA,2026-09-07,9.5,6.1,0.56,E
MADHYA PRADESH,GUNA,2026-09-08,0.0,4.1,-1.0,NR
MADHYA PRADESH,GUNA,2026-09-09,0.0,6.6,-1.0,NR
MADHYA PRADESH,GUNA,2026-09-10,0.0,6.9,-1.0,NR
MADHYA PRADESH,GUNA,2026-09-11,0.0,6.1,-1.0,NR
MADHYA PRADESH,GUNA,2026-09-12,17.7,3.3,4.36,LE
MADHYA PRADESH,GUNA,2026-09-13,2.2,5.4,-0.6,LD
MADHYA PRADESH,GUNA,2026-09-14,5.5,4.5,0.22,E
MADHYA PRADESH,GUNA,2026-09-15,8.1,4.8,0.68,LE
MADHYA PRADESH,GUNA,2026-09-16,0.0,5.9,-1.0,NR
MADHYA PRADESH,GUNA,2026-09-17,0.0,4.2,-1.0,NR
MADHYA PRADESH,GUNA,2026-09-18,17.0,4.7,2.62,LE
MADHYA PRADESH,GUNA,2026-09-19,51.6,4.4,10.72,LE
MADHYA PRADESH,GUNA,2026-09-20,15.1,2.5,5.05,LE
MADHYA PRADESH,GUNA,2026-09-21,0.0,3.2,-1.0,NR
MADHYA PRADESH,GUNA,2026-09-22,10.5,3.8,1.77,LE
MADHYA PRADESH,GUNA,2026-09-23,0.0,3.7,-1.0,NR
MADHYA PRADESH,GUNA,2026-09-24,1.1,7.3,-0.84,LD
MADHYA PRADESH,GUNA,2026-09-25,0.0,0.9,-1.0,NR
MADHYA PRADESH,GUNA,2026-09-26,0.0,0.9,-1.0,NR
MADHYA PRADESH,GUNA,2026-09-27,0.4,2.5,-0.83,LD
MADHYA PRADESH,GUNA,2026-09-28,0.0,2.2,-1.0,NR
MADHYA PRADESH,GUNA,2026-09-29,0.0,2.2,-1.0,NR
MADHYA PRADESH,GUNA,2026-09-30,0.0,1.2,-1.0,NR
MADHYA PRADESH,GUNA,2026-10-01,0.0,1.2,-1.0,NR
MADHYA PRADESH,GUNA,2026-10-02,0.0,1.5,-1.0,NR
MADHYA PRADESH,GUNA,2026-10-03,0.0,0.6,-1.0,NR
MADHYA PRADESH,GUNA,2026-10-04,0.0,1.5,-1.0,NR
MADHYA PRADESH,GUNA,2026-10-05,0.0,1.6,-1.0,NR
MADHYA PRADESH,GUNA,2026-10-06,0.0,3.0,-1.0,NR
MADHYA PRADESH,GUNA,2026-10-07,0.0,0.5,-1.0,NR
MADHYA PRADESH,GUNA,2026-10-08,0.0,1.4,-1.0,NR
MADHYA PRADESH,GUNA,2026-10-09,0.0,6.8,-1.0,NR
MADHYA PRADESH,GWALIOR,2026-08-19,0.8,10.3,-0.92,LD
MADHYA PRADESH,GWALIOR,2026-08-20,2.2,9.0,-0.76,LD
MADHYA PRADESH,GWALIOR,2026-08-21,14.0,8.5,0.65,LE
MADHYA PRADESH,GWALIOR,2026-08-22,3.1,6.5,-0.53,D
MADHYA PRADESH,GWALIOR,2026-08-23,2.7,6.1,-0.55,D
MADHYA PRADESH,GWALIOR,2026-08-24,11.5,9.2,0.25,E
MADHYA PRADESH,GWALIOR,2026-08-25,0.1,6.4,-0.99,LD
MADHYA PRADESH,GWALIOR,2026-08-26,14.6,7.1,1.06,LE
MADHYA PRADESH,GWALIOR,2026-08-27,14.8,6.7,1.2,LE
MADHYA PRADESH,GWALIOR,2026-08-28,26.2,8.8,1.97,LE
MADHYA PRADESH,GWALIOR,2026-08-29,6.2,5.9,0.05,N
MADHYA PRADESH,GWALIOR,2026-08-30,0.0,8.5,-1.0,NR
MADHYA PRADESH,GWALIOR,2026-08-31,0.0,6.5,-1.0,NR
MADHYA PRADESH,GWALIOR,2026-09-01,0.0,8.1,-1.0,NR
MADHYA PRADESH,GWALIOR,2026-09-02,0.1,6.8,-0.99,LD
MADHYA PRADESH,GWALIOR,2026-09-03,8.4,7.6,0.11,N
MADHYA PRADESH,GWALIOR,2026-09-04,48.2,9.8,3.92,LE
MADHYA PRADESH,GWALIOR,2026-09-05,21.7,8.7,1.49,LE
MADHYA PRADESH,GWALIOR,2026-09-06,19.4,6.9,1.82,LE
MADHYA PRADESH,GWALIOR,2026-09-07,13.9,4.3,2.22,LE
MADHYA PRADESH,GWALIOR,2026-09-08,0.0,3.6,-1.0,NR
MADHYA PRADESH,GWALIOR,2026-09-09,0.0,6.9,-1.0,NR
MADHYA PRADESH,GWALIOR,2026-09-10,0.0,6.2,-1.0,NR
MADHYA PRADESH,GWALIOR,2026-09-11,0.0,8.4,-1.0,NR
MADHYA PRADESH,GWALIOR,2026-09-12,15.9,6.5,1.45,LE
MADHYA PRADESH,GWALIOR,2026-09-13,0.2,4.5,-0.96,LD
MADHYA PRADESH,GWALIOR,2026-09-14,3.2,3.3,-0.02,N
MADHYA PRADESH,GWALIOR,2026-09-15,0.6,5.0,-0.88,LD
MADHYA PRADESH,GWALIOR,2026-09-16,1.5,6.7,-0.78,LD
MADHYA PRADESH,GWALIOR,2026-09-17,0.0,7.0,-1.0,NR
MADHYA PRADESH,GWALIOR,2026-09-18,14.0,5.1,1.75,LE
MADHYA PRADESH,GWALIOR,2026-09-19,0.0,3.6,-1.0,NR
MADHYA PRADESH,GWALIOR,2026-09-20,0.0,4.0,-1.0,NR
MADHYA PRADESH,GWALIOR,2026-09-21,0.0,6.5,-1.0,NR
MADHYA PRADESH,GWALIOR,2026-09-22,0.0,4.3,-1.0,NR
MADHYA PRADESH,GWALIOR,2026-09-23,0.0,3.4,-1.0,NR
MADHYA PRADESH,GWALIOR,2026-09-24,0.0,1.5,-1.0,NR
MADHYA PRADESH,GWALIOR,2026-09-25,0.0,0.4,-1.0,NR
MADHYA PRADESH,GWALIOR,2026-09-26,9.5,0.6,14.8,LE
MADHYA PRADESH,GWALIOR,2026-09-27,0.0,0.8,-1.0,NR
MADHYA PRADESH,GWALIOR,2026-09-28,0.5,1.5,-0.65,LD
MADHYA PRADESH,GWALIOR,2026-09-29,0.0,0.3,-1.0,NR
MADHYA PRADESH,GWALIOR,2026-09-30,0.0,1.7,-1.0,NR
MADHYA PRADESH,GWALIOR,2026-10-01,1.0,1.3,-0.22,D
MADHYA PRADESH,GWALIOR,2026-10-02,0.0,0.7,-1.0,NR
MADHYA PRADESH,GWALIOR,2026-10-03,0.0,1.0,-1.0,NR
MADHYA PRADESH,GWALIOR,2026-10-04,0.0,5.8,-1.0,NR
MADHYA PRADESH,GWALIOR,2026-10-05,0.0,1.5,-1.0,NR
MADHYA PRADESH,GWALIOR,2026-10-06,0.0,3.5,-1.0,NR
MADHYA PRADESH,GWALIOR,2026-10-07,0.0,0.6,-1.0,NR
MADHYA PRADESH,GWALIOR,2026-10-08,0.0,2.0,-1.0,NR
MADHYA PRADESH,GWALIOR,2026-10-09,0.0,0.6,-1.0,NR
MADHYA PRADESH,HARDA,2026-08-19,3.5,17.9,-0.81,LD
MADHYA PRADESH,HARDA,2026-08-20,0.0,14.9,-1.0,NR
MADHYA PRADESH,HARDA,2026-08-21,0.0,6.8,-1.0,NR
MADHYA PRADESH,HARDA,2026-08-22,2.5,8.6,-0.71,LD
MADHYA PRADESH,HARDA,2026-08-23,0.0,16.2,-1.0,NR
MADHYA PRADESH,HARDA,2026-08-24,0.1,10.2,-0.99,LD
MADHYA PRADESH,HARDA,2026-08-25,6.0,7.0,-0.15,N
MADHYA PRADESH,HARDA,2026-08-26,12.8,6.4,1.01,LE
MADHYA PRADESH,HARDA,2026-08-27,2.4,8.6,-0.72,LD
MADHYA PRADESH,HARDA,2026-08-28,1.0,9.6,-0.9,LD
MADHYA PRADESH,HARDA,2026-08-29,0.0,10.5,-1.0,NR
MADHYA PRADESH,HARDA,2026-08-30,0.0,15.3,-1.0,NR
MADHYA PRADESH,HARDA,2026-08-31,0.0,8.7,-1.0,NR
MADHYA PRADESH,HARDA,2026-09-01,0.0,10.2,-1.0,NR
MADHYA PRADESH,HARDA,2026-09-02,0.0,11.7,-1.0,NR
MADHYA PRADESH,HARDA,2026-09-03,2.7,13.1,-0.79,LD
MADHYA PRADESH,HARDA,2026-09-04,10.6,4.7,1.25,LE
MADHYA PRADESH,HARDA,2026-09-05,7.3,8.2,-0.11,N
MADHYA PRADESH,HARDA,2026-09-06,3.9,17.1,-0.77,LD
MADHYA PRADESH,HARDA,2026-09-07,0.8,8.6,-0.91,LD
MADHYA PRADESH,HARDA,2026-09-08,0.0,3.1,-1.0,NR
MADHYA PRADESH,HARDA,2026-09-09,0.0,6.2,-1.0,NR
MADHYA PRADESH,HARDA,2026-09-10,0.0,2.5,-1.0,NR
MADHYA PRADESH,HARDA,2026-09-11,1.8,5.5,-0.67,LD
MADHYA PRADESH,HARDA,2026-09-12,7.4,5.3,0.4,E
MADHYA PRADESH,HARDA,2026-09-13,14.7,1.6,8.21,LE
MADHYA PRADESH,HARDA,2026-09-14,18.4,8.6,1.13,LE
MADHYA PRADESH,HARDA,2026-09-15,0.0,6.8,-1.0,NR
MADHYA PRADESH,HARDA,2026-09-16,0.0,5.4,-1.0,NR
MADHYA PRADESH,HARDA,2026-09-17,0.0,4.7,-1.0,NR
MADHYA PRADESH,HARDA,2026-09-18,0.0,4.7,-1.0,NR
MADHYA PRADESH,HARDA,2026-09-19,15.1,3.5,3.3,LE
MADHYA PRADESH,HARDA,2026-09-20,0.0,3.9,-1.0,NR
MADHYA PRADESH,HARDA,2026-09-21,0.0,4.1,-1.0,NR
MADHYA PRADESH,HARDA,2026-09-22,0.0,5.7,-1.0,NR
MADHYA PRADESH,HARDA,2026-09-23,0.0,5.8,-1.0,NR
MADHYA PRADESH,HARDA,2026-09-24,7.8,2.3,2.4,LE
MADHYA PRADESH,HARDA,2026-09-25,0.9,2.0,-0.55,D
MADHYA PRADESH,HARDA,2026-09-26,0.0,2.5,-1.0,NR
MADHYA PRADESH,HARDA,2026-09-27,0.0,2.8,-1.0,NR
MADHYA PRADESH,HARDA,2026-09-28,0.0,3.4,-1.0,NR
MADHYA PRADESH,HARDA,2026-09-29,0.0,2.8,-1.0,NR
MADHYA PRADESH,HARDA,2026-09-30,0.0,1.9,-1.0,NR
MADHYA PRADESH,HARDA,2026-10-01,0.0,0.1,-1.0,NR
MADHYA PRADESH,HARDA,2026-10-02,0.0,2.8,-1.0,NR
MADHYA PRADESH,HARDA,2026-10-03,0.0,5.6,-1.0,NR
MADHYA PRADESH,HARDA,2026-10-04,0.0,3.1,-1.0,NR
MADHYA PRADESH,HARDA,2026-10-05,0.0,3.7,-1.0,NR
MADHYA PRADESH,HARDA,2026-10-06,0.0,3.7,-1.0,NR
MADHYA PRADESH,HARDA,2026-10-07,0.0,0.6,-1.0,NR
MADHYA PRADESH,HARDA,2026-10-08,0.0,0.3,-1.0,NR
MADHYA PRADESH,HARDA,2026-10-09,0.0,1.1,-1.0,NR
MADHYA PRADESH,INDORE,2026-08-19,0.0,11.5,-1.0,NR
MADHYA PRADESH,INDORE,2026-08-20,0.8,9.7,-0.92,LD
MADHYA PRADESH,INDORE,2026-08-21,0.0,8.2,-1.0,LD
MADHYA PRADESH,INDORE,2026-08-22,0.0,7.8,-1.0,NR
MADHYA PRADESH,INDORE,2026-08-23,0.1,9.4,-0.99,LD
MADHYA PRADESH,INDORE,2026-08-24,0.0,17.8,-1.0,NR
MADHYA PRADESH,INDORE,2026-08-25,2.1,7.4,-0.72,LD
MADHYA PRADESH,INDORE,2026-08-26,21.5,7.5,1.87,LE
MADHYA PRADESH,INDORE,2026-08-27,0.7,6.7,-0.9,LD
MADHYA PRADESH,INDORE,2026-08-28,0.0,7.8,-1.0,NR
MADHYA PRADESH,INDORE,2026-08-29,0.0,8.5,-1.0,NR
MADHYA PRADESH,INDORE,2026-08-30,0.0,17.3,-1.0,NR
MADHYA PRADESH,INDORE,2026-08-31,0.0,11.9,-1.0,NR
MADHYA PRADESH,INDORE,2026-09-01,0.1,7.7,-0.99,LD
MADHYA PRADESH,INDORE,2026-09-02,0.0,5.1,-1.0,NR
MADHYA PRADESH,INDORE,2026-09-03,0.0,9.5,-1.0,NR
MADHYA PRADESH,INDORE,2026-09-04,10.2,6.8,0.5,E
MADHYA PRADESH,INDORE,2026-09-05,13.5,5.2,1.59,LE
MADHYA PRADESH,INDORE,2026-09-06,0.2,13.6,-0.99,LD
MADHYA PRADESH,INDORE,2026-09-07,0.0,11.0,-1.0,LD
MADHYA PRADESH,INDORE,2026-09-08,16.2,4.9,2.3,LE
MADHYA PRADESH,INDORE,2026-09-09,0.0,2.7,-1.0,NR
MADHYA PRADESH,INDORE,2026-09-10,0.0,3.7,-1.0,NR
MADHYA PRADESH,INDORE,2026-09-11,0.0,4.2,-1.0,LD
MADHYA PRADESH,INDORE,2026-09-12,2.1,5.6,-0.63,LD
MADHYA PRADESH,INDORE,2026-09-13,28.7,4.8,4.99,LE
MADHYA PRADESH,INDORE,2026-09-14,28.7,6.3,3.56,LE
MADHYA PRADESH,INDORE,2026-09-15,1.5,6.7,-0.77,LD
MADHYA PRADESH,INDORE,2026-09-16,0.0,5.4,-1.0,NR
MADHYA PRADESH,INDORE,2026-09-17,0.0,3.7,-1.0,NR
MADHYA PRADESH,INDORE,2026-09-18,0.0,2.6,-1.0,NR
MADHYA PRADESH,INDORE,2026-09-19,5.5,2.6,1.13,LE
MADHYA PRADESH,INDORE,2026-09-20,0.1,3.8,-0.97,LD
MADHYA PRADESH,INDORE,2026-09-21,0.0,4.5,-1.0,NR
MADHYA PRADESH,INDORE,2026-09-22,0.0,7.1,-1.0,NR
MADHYA PRADESH,INDORE,2026-09-23,0.0,9.3,-1.0,NR
MADHYA PRADESH,INDORE,2026-09-24,0.0,4.6,-1.0,NR
MADHYA PRADESH,INDORE,2026-09-25,0.0,3.2,-1.0,NR
MADHYA PRADESH,INDORE,2026-09-26,0.0,3.9,-1.0,NR
MADHYA PRADESH,INDORE,2026-09-27,0.0,2.5,-1.0,NR
MADHYA PRADESH,INDORE,2026-09-28,0.0,3.5,-1.0,NR
MADHYA PRADESH,INDORE,2026-09-29,0.0,3.0,-1.0,NR
MADHYA PRADESH,INDORE,2026-09-30,0.0,1.7,-1.0,NR
MADHYA PRADESH,INDORE,2026-10-01,0.0,1.3,-1.0,NR
MADHYA PRADESH,INDORE,2026-10-02,0.0,3.3,-1.0,NR
MADHYA PRADESH,INDORE,2026-10-03,0.0,2.1,-1.0,NR
MADHYA PRADESH,INDORE,2026-10-04,0.0,1.0,-1.0,NR
MADHYA PRADESH,INDORE,2026-10-05,0.0,2.9,-1.0,NR
MADHYA PRADESH,INDORE,2026-10-06,0.0,2.2,-1.0,NR
MADHYA PRADESH,INDORE,2026-10-07,0.0,1.4,-1.0,NR
MADHYA PRADESH,INDORE,2026-10-08,0.0,1.3,-1.0,NR
MADHYA PRADESH,INDORE,2026-10-09,0.0,4.1,-1.0,NR
MADHYA PRADESH,JABALPUR,2026-08-19,11.7,15.0,-0.22,D
MADHYA PRADESH,JABALPUR,2026-08-20,32.3,9.8,2.29,LE
MADHYA PRADESH,JABALPUR,2026-08-21,11.4,10.1,0.13,N
MADHYA PRADESH,JABALPUR,2026-08-22,73.6,16.3,3.51,LE
MADHYA PRADESH,JABALPUR,2026-08-23,10.1,11.5,-0.12,N
MADHYA PRADESH,JABALPUR,2026-08-24,0.0,15.4,-1.0,LD
MADHYA PRADESH,JABALPUR,2026-08-25,26.3,8.0,2.29,LE
MADHYA PRADESH,JABALPUR,2026-08-26,7.3,9.3,-0.22,D
MADHYA PRADESH,JABALPUR,2026-08-27,13.3,7.8,0.71,LE
MADHYA PRADESH,JABALPUR,2026-08-28,5.8,10.4,-0.44,D
MADHYA PRADESH,JABALPUR,2026-08-29,20.0,19.0,0.05,N
MADHYA PRADESH,JABALPUR,2026-08-30,2.3,12.2,-0.81,LD
MADHYA PRADESH,JABALPUR,2026-08-31,0.1,10.3,-1.0,LD
MADHYA PRADESH,JABALPUR,2026-09-01,0.0,10.5,-1.0,NR
MADHYA PRADESH,JABALPUR,2026-09-02,10.6,10.4,0.02,N
MADHYA PRADESH,JABALPUR,2026-09-03,36.2,9.6,2.78,LE
MADHYA PRADESH,JABALPUR,2026-09-04,5.5,9.8,-0.44,D
MADHYA PRADESH,JABALPUR,2026-09-05,7.3,11.3,-0.36,D
MADHYA PRADESH,JABALPUR,2026-09-06,2.6,8.0,-0.67,LD
MADHYA PRADESH,JABALPUR,2026-09-07,1.3,10.8,-0.88,LD
MADHYA PRADESH,JABALPUR,2026-09-08,5.3,10.5,-0.49,D
MADHYA PRADESH,JABALPUR,2026-09-09,2.7,13.1,-0.79,LD
MADHYA PRADESH,JABALPUR,2026-09-10,2.9,7.0,-0.59,LD
MADHYA PRADESH,JABALPUR,2026-09-11,18.9,8.7,1.17,LE
MADHYA PRADESH,JABALPUR,2026-09-12,9.7,5.4,0.79,LE
MADHYA PRADESH,JABALPUR,2026-09-13,1.1,4.9,-0.77,LD
MADHYA PRADESH,JABALPUR,2026-09-14,1.5,7.9,-0.81,LD
MADHYA PRADESH,JABALPUR,2026-09-15,0.0,9.6,-1.0,LD
MADHYA PRADESH,JABALPUR,2026-09-16,14.8,7.6,0.94,LE
MADHYA PRADESH,JABALPUR,2026-09-17,1.9,4.3,-0.57,D
MADHYA PRADESH,JABALPUR,2026-09-18,4.5,5.2,-0.14,N
MADHYA PRADESH,JABALPUR,2026-09-19,6.1,7.4,-0.17,N
MADHYA PRADESH,JABALPUR,2026-09-20,2.8,2.9,-0.04,N
MADHYA PRADESH,JABALPUR,2026-09-21,14.9,5.7,1.62,LE
MADHYA PRADESH,JABALPUR,2026-09-22,0.0,4.6,-1.0,NR
MADHYA PRADESH,JABALPUR,2026-09-23,2.0,2.5,-0.18,N
MADHYA PRADESH,JABALPUR,2026-09-24,3.8,3.2,0.18,N
MADHYA PRADESH,JABALPUR,2026-09-25,14.1,2.8,4.04,LE
MADHYA PRADESH,JABALPUR,2026-09-26,45.3,2.3,18.69,LE
MADHYA PRADESH,JABALPUR,2026-09-27,6.2,3.6,0.72,LE
MADHYA PRADESH,JABALPUR,2026-09-28,0.0,1.7,-1.0,NR
MADHYA PRADESH,JABALPUR,2026-09-29,0.0,2.9,-1.0,NR
MADHYA PRADESH,JABALPUR,2026-09-30,0.0,2.4,-1.0,NR
MADHYA PRADESH,JABALPUR,2026-10-01,0.0,3.2,-1.0,NR
MADHYA PRADESH,JABALPUR,2026-10-02,0.0,1.0,-1.0,NR
MADHYA PRADESH,JABALPUR,2026-10-03,0.0,3.6,-1.0,NR
MADHYA PRADESH,JABALPUR,2026-10-04,0.0,2.5,-1.0,NR
MADHYA PRADESH,JABALPUR,2026-10-05,0.0,1.6,-1.0,NR
MADHYA PRADESH,JABALPUR,2026-10-06,0.0,1.4,-1.0,NR
MADHYA PRADESH,JABALPUR,2026-10-07,0.0,1.1,-1.0,NR
MADHYA PRADESH,JABALPUR,2026-10-08,0.0,1.5,-1.0,NR
MADHYA PRADESH,JABALPUR,2026-10-09,0.0,1.2,-1.0,NR
MADHYA PRADESH,JHABUA,2026-08-19,0.0,7.1,-1.0,NR
MADHYA PRADESH,JHABUA,2026-08-20,0.9,5.1,-0.83,LD
MADHYA PRADESH,JHABUA,2026-08-21,2.1,6.9,-0.7,LD
MADHYA PRADESH,JHABUA,2026-08-22,0.1,8.3,-0.98,LD
MADHYA PRADESH,JHABUA,2026-08-23,0.9,10.6,-0.91,LD
MADHYA PRADESH,JHABUA,2026-08-24,1.0,17.0,-0.94,LD
MADHYA PRADESH,JHABUA,2026-08-25,4.2,6.7,-0.37,D
MADHYA PRADESH,JHABUA,2026-08-26,7.8,8.7,-0.11,N
MADHYA PRADESH,JHABUA,2026-08-27,0.0,10.4,-1.0,LD
MADHYA PRADESH,JHABUA,2026-08-28,0.0,11.0,-1.0,NR
MADHYA PRADESH,JHABUA,2026-08-29,0.0,11.5,-1.0,NR
MADHYA PRADESH,JHABUA,2026-08-30,0.0,12.5,-1.0,NR
MADHYA PRADESH,JHABUA,2026-08-31,0.0,11.1,-1.0,NR
MADHYA PRADESH,JHABUA,2026-09-01,0.0,8.3,-1.0,NR
MADHYA PRADESH,JHABUA,2026-09-02,0.0,5.4,-1.0,NR
MADHYA PRADESH,JHABUA,2026-09-03,0.3,5.9,-0.94,LD
MADHYA PRADESH,JHABUA,2026-09-04,5.0,4.3,0.16,N
MADHYA PRADESH,JHABUA,2026-09-05,9.3,4.1,1.28,LE
MADHYA PRADESH,JHABUA,2026-09-06,0.0,14.5,-1.0,NR
MADHYA PRADESH,JHABUA,2026-09-07,2.6,10.5,-0.76,LD
MADHYA PRADESH,JHABUA,2026-09-08,0.0,6.3,-1.0,NR
MADHYA PRADESH,JHABUA,2026-09-09,0.0,4.4,-1.0,NR
MADHYA PRADESH,JHABUA,2026-09-10,0.0,6.4,-1.0,NR
MADHYA PRADESH,JHABUA,2026-09-11,0.0,3.5,-1.0,NR
MADHYA PRADESH,JHABUA,2026-09-12,8.8,3.8,1.31,LE
MADHYA PRADESH,JHABUA,2026-09-13,12.2,4.0,2.05,LE
MADHYA PRADESH,JHABUA,2026-09-14,38.0,7.3,4.21,LE
MADHYA PRADESH,JHABUA,2026-09-15,2.1,3.5,-0.39,D
MADHYA PRADESH,JHABUA,2026-09-16,0.0,6.1,-1.0,NR
MADHYA PRADESH,JHABUA,2026-09-17,0.0,4.6,-1.0,NR
MADHYA PRADESH,JHABUA,2026-09-18,0.8,4.9,-0.84,LD
MADHYA PRADESH,JHABUA,2026-09-19,11.9,2.6,3.58,LE
MADHYA PRADESH,JHABUA,2026-09-20,0.6,3.5,-0.83,LD
MADHYA PRADESH,JHABUA,2026-09-21,2.2,3.8,-0.42,D
MADHYA PRADESH,JHABUA,2026-09-22,0.0,6.2,-1.0,NR
MADHYA PRADESH,JHABUA,2026-09-23,0.2,8.4,-0.98,LD
MADHYA PRADESH,JHABUA,2026-09-24,0.0,4.0,-1.0,NR
MADHYA PRADESH,JHABUA,2026-09-25,0.0,3.0,-1.0,NR
MADHYA PRADESH,JHABUA,2026-09-26,0.2,3.9,-0.96,LD
MADHYA PRADESH,JHABUA,2026-09-27,0.0,5.7,-1.0,NR
MADHYA PRADESH,JHABUA,2026-09-28,0.0,2.4,-1.0,NR
MADHYA PRADESH,JHABUA,2026-09-29,0.0,1.6,-1.0,NR
MADHYA PRADESH,JHABUA,2026-09-30,0.0,2.3,-1.0,NR
MADHYA PRADESH,JHABUA,2026-10-01,0.0,3.6,-1.0,NR
MADHYA PRADESH,JHABUA,2026-10-02,0.0,2.5,-1.0,NR
MADHYA PRADESH,JHABUA,2026-10-03,0.0,2.8,-1.0,NR
MADHYA PRADESH,JHABUA,2026-10-04,0.0,2.0,-1.0,NR
MADHYA PRADESH,JHABUA,2026-10-05,0.0,2.5,-1.0,NR
MADHYA PRADESH,JHABUA,2026-10-06,0.0,2.5,-1.0,NR
MADHYA PRADESH,JHABUA,2026-10-07,0.0,1.0,-1.0,NR
MADHYA PRADESH,JHABUA,2026-10-08,0.0,0.9,-1.0,NR
MADHYA PRADESH,JHABUA,2026-10-09,0.0,1.5,-1.0,NR
MADHYA PRADESH,KATNI,2026-08-19,38.6,12.7,2.04,LE
MADHYA PRADESH,KATNI,2026-08-20,45.0,6.2,6.26,LE
MADHYA PRADESH,KATNI,2026-08-21,30.6,10.5,1.92,LE
MADHYA PRADESH,KATNI,2026-08-22,20.6,14.7,0.4,E
MADHYA PRADESH,KATNI,2026-08-23,4.8,10.5,-0.55,D
MADHYA PRADESH,KATNI,2026-08-24,0.2,17.9,-0.99,LD
MADHYA PRADESH,KATNI,2026-08-25,19.6,8.3,1.36,LE
MADHYA PRADESH,KATNI,2026-08-26,7.7,7.3,0.05,N
MADHYA PRADESH,KATNI,2026-08-27,11.5,10.9,0.06,N
MADHYA PRADESH,KATNI,2026-08-28,6.7,6.5,0.04,N
MADHYA PRADESH,KATNI,2026-08-29,25.4,9.6,1.65,LE
MADHYA PRADESH,KATNI,2026-08-30,17.6,10.4,0.69,LE
MADHYA PRADESH,KATNI,2026-08-31,1.0,5.7,-0.82,LD
MADHYA PRADESH,KATNI,2026-09-01,3.5,11.9,-0.71,LD
MADHYA PRADESH,KATNI,2026-09-02,9.7,7.7,0.27,E
MADHYA PRADESH,KATNI,2026-09-03,15.0,8.5,0.76,LE
MADHYA PRADESH,KATNI,2026-09-04,22.6,8.7,1.6,LE
MADHYA PRADESH,KATNI,2026-09-05,2.2,4.3,-0.48,D
MADHYA PRADESH,KATNI,2026-09-06,2.3,6.1,-0.62,LD
MADHYA PRADESH,KATNI,2026-09-07,2.0,4.1,-0.52,D
MADHYA PRADESH,KATNI,2026-09-08,0.5,17.3,-0.97,LD
MADHYA PRADESH,KATNI,2026-09-09,0.7,10.7,-0.93,LD
MADHYA PRADESH,KATNI,2026-09-10,2.1,5.6,-0.63,LD
MADHYA PRADESH,KATNI,2026-09-11,17.0,6.0,1.84,LE
MADHYA PRADESH,KATNI,2026-09-12,12.4,3.4,2.65,LE
MADHYA PRADESH,KATNI,2026-09-13,6.6,3.4,0.94,LE
MADHYA PRADESH,KATNI,2026-09-14,1.7,5.6,-0.69,LD
MADHYA PRADESH,KATNI,2026-09-15,0.0,14.3,-1.0,NR
MADHYA PRADESH,KATNI,2026-09-16,0.4,6.8,-0.94,LD
MADHYA PRADESH,KATNI,2026-09-17,1.5,3.0,-0.5,D
MADHYA PRADESH,KATNI,2026-09-18,2.3,3.3,-0.31,D
MADHYA PRADESH,KATNI,2026-09-19,1.8,6.3,-0.71,LD
MADHYA PRADESH,KATNI,2026-09-20,0.6,5.1,-0.89,LD
MADHYA PRADESH,KATNI,2026-09-21,7.1,2.7,1.64,LE
MADHYA PRADESH,KATNI,2026-09-22,2.4,0.7,2.45,LE
MADHYA PRADESH,KATNI,2026-09-23,3.1,0.9,2.43,LE
MADHYA PRADESH,KATNI,2026-09-24,0.5,0.8,-0.38,D
MADHYA PRADESH,KATNI,2026-09-25,22.6,0.7,31.35,LE
MADHYA PRADESH,KATNI,2026-09-26,70.2,0.9,76.95,LE
MADHYA PRADESH,KATNI,2026-09-27,14.7,1.9,6.72,LE
MADHYA PRADESH,KATNI,2026-09-28,1.5,2.2,-0.32,D
MADHYA PRADESH,KATNI,2026-09-29,0.0,4.0,-1.0,NR
MADHYA PRADESH,KATNI,2026-09-30,0.0,6.1,-1.0,NR
MADHYA PRADESH,KATNI,2026-10-01,0.0,1.9,-1.0,NR
MADHYA PRADESH,KATNI,2026-10-02,0.0,2.1,-1.0,NR
MADHYA PRADESH,KATNI,2026-10-03,0.0,1.7,-1.0,NR
MADHYA PRADESH,KATNI,2026-10-04,0.0,3.4,-1.0,NR
MADHYA PRADESH,KATNI,2026-10-05,0.0,1.2,-1.0,NR
MADHYA PRADESH,KATNI,2026-10-06,0.0,0.9,-1.0,NR
MADHYA PRADESH,KATNI,2026-10-07,0.0,4.7,-1.0,NR
MADHYA PRADESH,KATNI,2026-10-08,0.2,2.1,-0.92,LD
MADHYA PRADESH,KATNI,2026-10-09,0.0,0.9,-1.0,NR
MADHYA PRADESH,KHANDWA,2026-08-19,0.6,6.2,-0.9,LD
MADHYA PRADESH,KHANDWA,2026-08-20,0.2,6.7,-0.97,LD
MADHYA PRADESH,KHANDWA,2026-08-21,0.0,4.8,-1.0,NR
MADHYA PRADESH,KHANDWA,2026-08-22,0.0,4.7,-1.0,NR
MADHYA PRADESH,KHANDWA,2026-08-23,0.2,10.4,-0.98,LD
MADHYA PRADESH,KHANDWA,2026-08-24,0.0,9.7,-1.0,NR
MADHYA PRADESH,KHANDWA,2026-08-25,0.0,5.6,-1.0,NR
MADHYA PRADESH,KHANDWA,2026-08-26,19.4,6.5,1.98,LE
MADHYA PRADESH,KHANDWA,2026-08-27,8.4,7.5,0.12,N
MADHYA PRADESH,KHANDWA,2026-08-28,0.0,6.4,-1.0,NR
MADHYA PRADESH,KHANDWA,2026-08-29,0.0,7.2,-1.0,NR
MADHYA PRADESH,KHANDWA,2026-08-30,0.0,9.3,-1.0,NR
MADHYA PRADESH,KHANDWA,2026-08-31,0.0,9.3,-1.0,NR
MADHYA PRADESH,KHANDWA,2026-09-01,0.0,6.2,-1.0,NR
MADHYA PRADESH,KHANDWA,2026-09-02,1.0,7.9,-0.87,LD
MADHYA PRADESH,KHANDWA,2026-09-03,0.0,9.8,-1.0,NR
MADHYA PRADESH,KHANDWA,2026-09-04,2.6,3.1,-0.16,N
MADHYA PRADESH,KHANDWA,2026-09-05,13.0,7.1,0.83,LE
MADHYA PRADESH,KHANDWA,2026-09-06,2.6,15.7,-0.83,LD
MADHYA PRADESH,KHANDWA,2026-09-07,0.0,7.1,-1.0,NR
MADHYA PRADESH,KHANDWA,2026-09-08,5.6,4.3,0.3,E
MADHYA PRADESH,KHANDWA,2026-09-09,0.0,3.8,-1.0,NR
MADHYA PRADESH,KHANDWA,2026-09-10,0.0,3.4,-1.0,NR
MADHYA PRADESH,KHANDWA,2026-09-11,0.0,3.2,-1.0,NR
MADHYA PRADESH,KHANDWA,2026-09-12,13.8,4.9,1.82,LE
MADHYA PRADESH,KHANDWA,2026-09-13,26.2,4.0,5.55,LE
MADHYA PRADESH,KHANDWA,2026-09-14,24.2,7.3,2.32,LE
MADHYA PRADESH,KHANDWA,2026-09-15,4.6,8.0,-0.43,D
MADHYA PRADESH,KHANDWA,2026-09-16,0.0,5.2,-1.0,NR
MADHYA PRADESH,KHANDWA,2026-09-17,2.4,4.4,-0.45,D
MADHYA PRADESH,KHANDWA,2026-09-18,0.6,3.7,-0.84,LD
MADHYA PRADESH,KHANDWA,2026-09-19,2.2,2.6,-0.15,N
MADHYA PRADESH,KHANDWA,2026-09-20,0.0,1.9,-1.0,NR
MADHYA PRADESH,KHANDWA,2026-09-21,0.0,4.6,-1.0,NR
MADHYA PRADESH,KHANDWA,2026-09-22,1.2,11.0,-0.89,LD
MADHYA PRADESH,KHANDWA,2026-09-23,0.0,3.2,-1.0,NR
MADHYA PRADESH,KHANDWA,2026-09-24,4.4,4.9,-0.1,N
MADHYA PRADESH,KHANDWA,2026-09-25,0.0,2.5,-1.0,NR
MADHYA PRADESH,KHANDWA,2026-09-26,0.0,3.2,-1.0,NR
MADHYA PRADESH,KHANDWA,2026-09-27,0.0,2.2,-1.0,NR
MADHYA PRADESH,KHANDWA,2026-09-28,0.0,3.1,-1.0,NR
MADHYA PRADESH,KHANDWA,2026-09-29,0.0,2.7,-1.0,NR
MADHYA PRADESH,KHANDWA,2026-09-30,0.0,3.3,-1.0,NR
MADHYA PRADESH,KHANDWA,2026-10-01,0.0,0.4,-1.0,NR
MADHYA PRADESH,KHANDWA,2026-10-02,0.0,1.6,-1.0,NR
MADHYA PRADESH,KHANDWA,2026-10-03,0.0,3.6,-1.0,NR
MADHYA PRADESH,KHANDWA,2026-10-04,0.0,2.5,-1.0,NR
MADHYA PRADESH,KHANDWA,2026-10-05,0.0,4.6,-1.0,NR
MADHYA PRADESH,KHANDWA,2026-10-06,0.0,2.6,-1.0,NR
MADHYA PRADESH,KHANDWA,2026-10-07,0.0,0.3,-1.0,NR
MADHYA PRADESH,KHANDWA,2026-10-08,0.0,1.6,-1.0,NR
MADHYA PRADESH,KHANDWA,2026-10-09,0.0,1.2,-1.0,NR
MADHYA PRADESH,KHARGONE,2026-08-19,1.8,6.2,-0.71,LD
MADHYA PRADESH,KHARGONE,2026-08-20,0.0,6.3,-1.0,NR
MADHYA PRADESH,KHARGONE,2026-08-21,0.0,6.2,-1.0,NR
MADHYA PRADESH,KHARGONE,2026-08-22,0.8,5.5,-0.85,LD
MADHYA PRADESH,KHARGONE,2026-08-23,0.8,10.8,-0.93,LD
MADHYA PRADESH,KHARGONE,2026-08-24,0.8,9.8,-0.92,LD
MADHYA PRADESH,KHARGONE,2026-08-25,0.0,5.5,-1.0,NR
MADHYA PRADESH,KHARGONE,2026-08-26,14.8,6.8,1.18,LE
MADHYA PRADESH,KHARGONE,2026-08-27,2.5,5.5,-0.55,D
MADHYA PRADESH,KHARGONE,2026-08-28,0.0,6.6,-1.0,NR
MADHYA PRADESH,KHARGONE,2026-08-29,0.0,6.7,-1.0,NR
MADHYA PRADESH,KHARGONE,2026-08-30,0.0,8.2,-1.0,NR
MADHYA PRADESH,KHARGONE,2026-08-31,0.0,9.8,-1.0,NR
MADHYA PRADESH,KHARGONE,2026-09-01,0.0,6.6,-1.0,NR
MADHYA PRADESH,KHARGONE,2026-09-02,0.0,7.5,-1.0,NR
MADHYA PRADESH,KHARGONE,2026-09-03,0.0,9.5,-1.0,NR
MADHYA PRADESH,KHARGONE,2026-09-04,4.8,4.4,0.09,N
MADHYA PRADESH,KHARGONE,2026-09-05,2.9,5.6,-0.48,D
MADHYA PRADESH,KHARGONE,2026-09-06,1.0,6.2,-0.84,LD
MADHYA PRADESH,KHARGONE,2026-09-07,1.1,8.5,-0.87,LD
MADHYA PRADESH,KHARGONE,2026-09-08,12.2,3.0,3.07,LE
MADHYA PRADESH,KHARGONE,2026-09-09,1.6,2.2,-0.27,D
MADHYA PRADESH,KHARGONE,2026-09-10,0.0,2.8,-1.0,NR
MADHYA PRADESH,KHARGONE,2026-09-11,0.0,3.2,-1.0,NR
MADHYA PRADESH,KHARGONE,2026-09-12,23.9,2.8,7.54,LE
MADHYA PRADESH,KHARGONE,2026-09-13,18.8,4.5,3.17,LE
MADHYA PRADESH,KHARGONE,2026-09-14,24.5,5.0,3.91,LE
MADHYA PRADESH,KHARGONE,2026-09-15,7.1,4.0,0.77,LE
MADHYA PRADESH,KHARGONE,2026-09-16,0.0,3.6,-1.0,NR
MADHYA PRADESH,KHARGONE,2026-09-17,4.2,3.8,0.09,N
MADHYA PRADESH,KHARGONE,2026-09-18,0.8,2.6,-0.69,LD
MADHYA PRADESH,KHARGONE,2026-09-19,0.0,4.1,-1.0,NR
MADHYA PRADESH,KHARGONE,2026-09-20,0.0,3.3,-1.0,NR
MADHYA PRADESH,KHARGONE,2026-09-21,0.0,6.4,-1.0,NR
MADHYA PRADESH,KHARGONE,2026-09-22,0.0,5.8,-1.0,NR
MADHYA PRADESH,KHARGONE,2026-09-23,0.4,5.8,-0.93,LD
MADHYA PRADESH,KHARGONE,2026-09-24,3.4,4.9,-0.3,D
MADHYA PRADESH,KHARGONE,2026-09-25,0.0,4.1,-1.0,NR
MADHYA PRADESH,KHARGONE,2026-09-26,11.0,3.1,2.56,LE
MADHYA PRADESH,KHARGONE,2026-09-27,0.0,3.5,-1.0,NR
MADHYA PRADESH,KHARGONE,2026-09-28,0.0,4.2,-1.0,NR
MADHYA PRADESH,KHARGONE,2026-09-29,0.0,3.3,-1.0,NR
MADHYA PRADESH,KHARGONE,2026-09-30,0.0,2.5,-1.0,NR
MADHYA PRADESH,KHARGONE,2026-10-01,0.0,2.0,-1.0,NR
MADHYA PRADESH,KHARGONE,2026-10-02,0.0,2.0,-1.0,NR
MADHYA PRADESH,KHARGONE,2026-10-03,0.0,2.1,-1.0,NR
MADHYA PRADESH,KHARGONE,2026-10-04,0.0,2.6,-1.0,NR
MADHYA PRADESH,KHARGONE,2026-10-05,0.0,1.8,-1.0,NR
MADHYA PRADESH,KHARGONE,2026-10-06,0.0,1.5,-1.0,NR
MADHYA PRADESH,KHARGONE,2026-10-07,0.0,1.5,-1.0,NR
MADHYA PRADESH,KHARGONE,2026-10-08,0.0,1.0,-1.0,NR
MADHYA PRADESH,KHARGONE,2026-10-09,0.0,2.8,-1.0,NR
MADHYA PRADESH,MANDLA,2026-08-19,9.4,14.5,-0.35,D
MADHYA PRADESH,MANDLA,2026-08-20,70.0,9.1,6.69,LE
MADHYA PRADESH,MANDLA,2026-08-21,16.2,10.9,0.49,E
MADHYA PRADESH,MANDLA,2026-08-22,33.3,11.9,1.79,LE
MADHYA PRADESH,MANDLA,2026-08-23,29.9,14.9,1.01,LE
MADHYA PRADESH,MANDLA,2026-08-24,4.4,12.5,-0.65,LD
MADHYA PRADESH,MANDLA,2026-08-25,28.4,6.3,3.5,LE
MADHYA PRADESH,MANDLA,2026-08-26,7.2,8.6,-0.17,N
MADHYA PRADESH,MANDLA,2026-08-27,14.8,6.8,1.18,LE
MADHYA PRADESH,MANDLA,2026-08-28,5.9,10.1,-0.41,D
MADHYA PRADESH,MANDLA,2026-08-29,8.2,19.8,-0.58,D
MADHYA PRADESH,MANDLA,2026-08-30,7.6,11.8,-0.36,D
MADHYA PRADESH,MANDLA,2026-08-31,2.5,7.2,-0.65,LD
MADHYA PRADESH,MANDLA,2026-09-01,0.0,8.6,-1.0,NR
MADHYA PRADESH,MANDLA,2026-09-02,23.4,9.6,1.44,LE
MADHYA PRADESH,MANDLA,2026-09-03,56.1,8.9,5.3,LE
MADHYA PRADESH,MANDLA,2026-09-04,25.4,8.8,1.89,LE
MADHYA PRADESH,MANDLA,2026-09-05,1.5,8.6,-0.82,LD
MADHYA PRADESH,MANDLA,2026-09-06,2.3,8.6,-0.74,LD
MADHYA PRADESH,MANDLA,2026-09-07,0.4,9.9,-0.96,LD
MADHYA PRADESH,MANDLA,2026-09-08,0.1,12.8,-0.99,LD
MADHYA PRADESH,MANDLA,2026-09-09,2.0,11.1,-0.82,LD
MADHYA PRADESH,MANDLA,2026-09-10,3.4,8.2,-0.58,D
MADHYA PRADESH,MANDLA,2026-09-11,4.8,7.3,-0.34,D
MADHYA PRADESH,MANDLA,2026-09-12,12.9,6.4,1.01,LE
MADHYA PRADESH,MANDLA,2026-09-13,2.9,5.1,-0.43,D
MADHYA PRADESH,MANDLA,2026-09-14,6.3,5.6,0.12,N
MADHYA PRADESH,MANDLA,2026-09-15,0.0,11.7,-1.0,NR
MADHYA PRADESH,MANDLA,2026-09-16,3.5,6.8,-0.49,D
MADHYA PRADESH,MANDLA,2026-09-17,1.9,8.5,-0.77,LD
MADHYA PRADESH,MANDLA,2026-09-18,2.0,6.9,-0.71,LD
MADHYA PRADESH,MANDLA,2026-09-19,3.0,8.5,-0.64,LD
MADHYA PRADESH,MANDLA,2026-09-20,3.3,5.1,-0.35,D
MADHYA PRADESH,MANDLA,2026-09-21,4.0,4.1,-0.02,N
MADHYA PRADESH,MANDLA,2026-09-22,1.6,4.1,-0.6,LD
MADHYA PRADESH,MANDLA,2026-09-23,7.3,2.6,1.82,LE
MADHYA PRADESH,MANDLA,2026-09-24,3.4,1.5,1.29,LE
MADHYA PRADESH,MANDLA,2026-09-25,8.4,3.5,1.41,LE
MADHYA PRADESH,MANDLA,2026-09-26,91.5,2.2,40.57,LE
MADHYA PRADESH,MANDLA,2026-09-27,4.6,3.7,0.23,E
MADHYA PRADESH,MANDLA,2026-09-28,0.0,2.1,-1.0,NR
MADHYA PRADESH,MANDLA,2026-09-29,0.0,4.0,-1.0,NR
MADHYA PRADESH,MANDLA,2026-09-30,1.9,1.9,0.01,N
MADHYA PRADESH,MANDLA,2026-10-01,0.0,2.5,-1.0,NR
MADHYA PRADESH,MANDLA,2026-10-02,0.0,2.4,-1.0,NR
MADHYA PRADESH,MANDLA,2026-10-03,0.0,2.8,-1.0,NR
MADHYA PRADESH,MANDLA,2026-10-04,0.0,2.1,-1.0,NR
MADHYA PRADESH,MANDLA,2026-10-05,0.0,1.7,-1.0,NR
MADHYA PRADESH,MANDLA,2026-10-06,0.0,2.1,-1.0,NR
MADHYA PRADESH,MANDLA,2026-10-07,0.0,2.9,-1.0,NR
MADHYA PRADESH,MANDLA,2026-10-08,0.0,1.9,-1.0,NR
MADHYA PRADESH,MANDLA,2026-10-09,0.0,2.5,-1.0,NR
MADHYA PRADESH,MANDSAUR,2026-08-19,0.0,11.3,-1.0,NR
MADHYA PRADESH,MANDSAUR,2026-08-20,0.0,15.6,-1.0,NR
MADHYA PRADESH,MANDSAUR,2026-08-21,0.0,12.8,-1.0,NR
MADHYA PRADESH,MANDSAUR,2026-08-22,0.0,8.8,-1.0,NR
MADHYA PRADESH,MANDSAUR,2026-08-23,0.0,8.5,-1.0,NR
MADHYA PRADESH,MANDSAUR,2026-08-24,0.0,11.2,-1.0,NR
MADHYA PRADESH,MANDSAUR,2026-08-25,18.4,9.7,0.9,LE
MADHYA PRADESH,MANDSAUR,2026-08-26,42.3,6.7,5.32,LE
MADHYA PRADESH,MANDSAUR,2026-08-27,9.9,5.3,0.86,LE
MADHYA PRADESH,MANDSAUR,2026-08-28,0.0,5.2,-1.0,NR
MADHYA PRADESH,MANDSAUR,2026-08-29,0.0,8.3,-1.0,NR
MADHYA PRADESH,MANDSAUR,2026-08-30,0.0,12.6,-1.0,NR
MADHYA PRADESH,MANDSAUR,2026-08-31,0.0,12.2,-1.0,NR
MADHYA PRADESH,MANDSAUR,2026-09-01,0.0,10.6,-1.0,NR
MADHYA PRADESH,MANDSAUR,2026-09-02,0.0,6.9,-1.0,NR
MADHYA PRADESH,MANDSAUR,2026-09-03,0.0,10.4,-1.0,NR
MADHYA PRADESH,MANDSAUR,2026-09-04,11.9,5.7,1.08,LE
MADHYA PRADESH,MANDSAUR,2026-09-05,27.5,5.3,4.2,LE
MADHYA PRADESH,MANDSAUR,2026-09-06,8.7,8.0,0.09,N
MADHYA PRADESH,MANDSAUR,2026-09-07,16.7,7.5,1.23,LE
MADHYA PRADESH,MANDSAUR,2026-09-08,0.0,6.3,-1.0,NR
MADHYA PRADESH,MANDSAUR,2026-09-09,0.0,4.6,-1.0,NR
MADHYA PRADESH,MANDSAUR,2026-09-10,0.0,4.1,-1.0,NR
MADHYA PRADESH,MANDSAUR,2026-09-11,0.0,4.4,-1.0,NR
MADHYA PRADESH,MANDSAUR,2026-09-12,1.4,4.9,-0.72,LD
MADHYA PRADESH,MANDSAUR,2026-09-13,21.8,5.1,3.27,LE
MADHYA PRADESH,MANDSAUR,2026-09-14,20.8,4.4,3.74,LE
MADHYA PRADESH,MANDSAUR,2026-09-15,29.6,7.1,3.17,LE
MADHYA PRADESH,MANDSAUR,2026-09-16,0.0,5.1,-1.0,NR
MADHYA PRADESH,MANDSAUR,2026-09-17,0.0,2.0,-1.0,NR
MADHYA PRADESH,MANDSAUR,2026-09-18,1.1,1.5,-0.27,D
MADHYA PRADESH,MANDSAUR,2026-09-19,22.3,1.5,13.87,LE
MADHYA PRADESH,MANDSAUR,2026-09-20,0.0,2.0,-1.0,NR
MADHYA PRADESH,MANDSAUR,2026-09-21,0.9,2.9,-0.69,LD
MADHYA PRADESH,MANDSAUR,2026-09-22,0.0,3.1,-1.0,NR
MADHYA PRADESH,MANDSAUR,2026-09-23,0.0,4.3,-1.0,NR
MADHYA PRADESH,MANDSAUR,2026-09-24,0.0,4.5,-1.0,NR
MADHYA PRADESH,MANDSAUR,2026-09-25,0.0,2.1,-1.0,NR
MADHYA PRADESH,MANDSAUR,2026-09-26,0.0,1.4,-1.0,NR
MADHYA PRADESH,MANDSAUR,2026-09-27,0.0,1.4,-1.0,NR
MADHYA PRADESH,MANDSAUR,2026-09-28,0.0,1.4,-1.0,NR
MADHYA PRADESH,MANDSAUR,2026-09-29,0.0,0.7,-1.0,NR
MADHYA PRADESH,MANDSAUR,2026-09-30,0.0,1.2,-1.0,NR
MADHYA PRADESH,MANDSAUR,2026-10-01,0.0,0.9,-1.0,NR
MADHYA PRADESH,MANDSAUR,2026-10-02,0.0,2.0,-1.0,NR
MADHYA PRADESH,MANDSAUR,2026-10-03,0.0,0.8,-1.0,NR
MADHYA PRADESH,MANDSAUR,2026-10-04,0.0,1.3,-1.0,NR
MADHYA PRADESH,MANDSAUR,2026-10-05,0.0,1.9,-1.0,NR
MADHYA PRADESH,MANDSAUR,2026-10-06,0.0,1.1,-1.0,NR
MADHYA PRADESH,MANDSAUR,2026-10-07,0.0,1.9,-1.0,NR
MADHYA PRADESH,MANDSAUR,2026-10-08,0.0,1.4,-1.0,NR
MADHYA PRADESH,MANDSAUR,2026-10-09,0.0,1.8,-1.0,NR
MADHYA PRADESH,MORENA,2026-08-19,0.0,8.2,-1.0,NR
MADHYA PRADESH,MORENA,2026-08-20,0.0,7.4,-1.0,NR
MADHYA PRADESH,MORENA,2026-08-21,19.1,6.9,1.76,LE
MADHYA PRADESH,MORENA,2026-08-22,4.5,9.5,-0.53,D
MADHYA PRADESH,MORENA,2026-08-23,8.9,6.9,0.29,E
MADHYA PRADESH,MORENA,2026-08-24,27.9,7.7,2.63,LE
MADHYA PRADESH,MORENA,2026-08-25,6.8,7.9,-0.15,N
MADHYA PRADESH,MORENA,2026-08-26,12.1,4.4,1.75,LE
MADHYA PRADESH,MORENA,2026-08-27,12.7,3.2,2.97,LE
MADHYA PRADESH,MORENA,2026-08-28,7.5,5.3,0.42,E
MADHYA PRADESH,MORENA,2026-08-29,0.0,4.1,-1.0,NR
MADHYA PRADESH,MORENA,2026-08-30,0.0,7.9,-1.0,NR
MADHYA PRADESH,MORENA,2026-08-31,0.0,4.6,-1.0,NR
MADHYA PRADESH,MORENA,2026-09-01,0.0,4.3,-1.0,NR
MADHYA PRADESH,MORENA,2026-09-02,0.0,5.4,-1.0,NR
MADHYA PRADESH,MORENA,2026-09-03,7.7,4.4,0.74,LE
MADHYA PRADESH,MORENA,2026-09-04,30.2,6.0,4.04,LE
MADHYA PRADESH,MORENA,2026-09-05,68.1,6.2,9.99,LE
MADHYA PRADESH,MORENA,2026-09-06,27.9,5.1,4.46,LE
MADHYA PRADESH,MORENA,2026-09-07,23.4,4.9,3.77,LE
MADHYA PRADESH,MORENA,2026-09-08,4.8,6.2,-0.22,D
MADHYA PRADESH,MORENA,2026-09-09,0.0,3.9,-1.0,NR
MADHYA PRADESH,MORENA,2026-09-10,0.0,5.9,-1.0,NR
MADHYA PRADESH,MORENA,2026-09-11,0.0,6.0,-1.0,NR
MADHYA PRADESH,MORENA,2026-09-12,6.8,6.6,0.03,N
MADHYA PRADESH,MORENA,2026-09-13,0.0,3.5,-1.0,NR
MADHYA PRADESH,MORENA,2026-09-14,0.8,5.0,-0.83,LD
MADHYA PRADESH,MORENA,2026-09-15,0.0,3.8,-1.0,NR
MADHYA PRADESH,MORENA,2026-09-16,7.5,4.4,0.7,LE
MADHYA PRADESH,MORENA,2026-09-17,0.5,5.5,-0.9,LD
MADHYA PRADESH,MORENA,2026-09-18,23.8,4.3,4.52,LE
MADHYA PRADESH,MORENA,2026-09-19,0.0,1.7,-1.0,NR
MADHYA PRADESH,MORENA,2026-09-20,0.0,1.8,-1.0,NR
MADHYA PRADESH,MORENA,2026-09-21,0.0,1.2,-1.0,NR
MADHYA PRADESH,MORENA,2026-09-22,0.0,3.0,-1.0,NR
MADHYA PRADESH,MORENA,2026-09-23,0.0,2.1,-1.0,NR
MADHYA PRADESH,MORENA,2026-09-24,0.0,1.2,-1.0,NR
MADHYA PRADESH,MORENA,2026-09-25,0.0,0.8,-1.0,NR
MADHYA PRADESH,MORENA,2026-09-26,3.5,0.7,4.0,LE
MADHYA PRADESH,MORENA,2026-09-27,1.7,1.0,0.67,LE
MADHYA PRADESH,MORENA,2026-09-28,0.0,0.2,-1.0,NR
MADHYA PRADESH,MORENA,2026-09-29,0.7,0.6,0.11,N
MADHYA PRADESH,MORENA,2026-09-30,0.0,1.1,-1.0,NR
MADHYA PRADESH,MORENA,2026-10-01,0.0,1.0,-1.0,NR
MADHYA PRADESH,MORENA,2026-10-02,0.0,1.2,-1.0,NR
MADHYA PRADESH,MORENA,2026-10-03,0.0,0.7,-1.0,NR
MADHYA PRADESH,MORENA,2026-10-04,0.0,3.2,-1.0,NR
MADHYA PRADESH,MORENA,2026-10-05,0.0,1.5,-1.0,NR
MADHYA PRADESH,MORENA,2026-10-06,0.0,3.2,-1.0,NR
MADHYA PRADESH,MORENA,2026-10-07,0.0,1.2,-1.0,NR
MADHYA PRADESH,MORENA,2026-10-08,0.0,0.5,-1.0,NR
MADHYA PRADESH,MORENA,2026-10-09,0.0,0.8,-1.0,NR
MADHYA PRADESH,NARMADAPURAM,2026-08-19,3.3,19.7,-0.83,LD
MADHYA PRADESH,NARMADAPURAM,2026-08-20,0.8,17.3,-0.96,LD
MADHYA PRADESH,NARMADAPURAM,2026-08-21,13.8,9.8,0.4,E
MADHYA PRADESH,NARMADAPURAM,2026-08-22,6.2,13.4,-0.53,D
MADHYA PRADESH,NARMADAPURAM,2026-08-23,13.1,16.6,-0.21,D
MADHYA PRADESH,NARMADAPURAM,2026-08-24,17.7,14.3,0.24,E
MADHYA PRADESH,NARMADAPURAM,2026-08-25,15.1,11.6,0.3,E
MADHYA PRADESH,NARMADAPURAM,2026-08-26,7.0,12.1,-0.42,D
MADHYA PRADESH,NARMADAPURAM,2026-08-27,9.9,12.3,-0.19,D
MADHYA PRADESH,NARMADAPURAM,2026-08-28,13.6,13.9,-0.02,N
MADHYA PRADESH,NARMADAPURAM,2026-08-29,15.2,20.9,-0.27,D
MADHYA PRADESH,NARMADAPURAM,2026-08-30,0.2,22.2,-0.99,LD
MADHYA PRADESH,NARMADAPURAM,2026-08-31,0.0,11.7,-1.0,NR
MADHYA PRADESH,NARMADAPURAM,2026-09-01,0.0,12.5,-1.0,NR
MADHYA PRADESH,NARMADAPURAM,2026-09-02,0.2,13.6,-0.98,LD
MADHYA PRADESH,NARMADAPURAM,2026-09-03,6.3,12.0,-0.47,D
MADHYA PRADESH,NARMADAPURAM,2026-09-04,22.2,10.3,1.15,LE
MADHYA PRADESH,NARMADAPURAM,2026-09-05,13.0,10.4,0.25,E
MADHYA PRADESH,NARMADAPURAM,2026-09-06,19.0,12.2,0.56,E
MADHYA PRADESH,NARMADAPURAM,2026-09-07,0.7,8.3,-0.91,LD
MADHYA PRADESH,NARMADAPURAM,2026-09-08,1.3,8.4,-0.84,LD
MADHYA PRADESH,NARMADAPURAM,2026-09-09,0.8,12.6,-0.93,LD
MADHYA PRADESH,NARMADAPURAM,2026-09-10,0.0,7.7,-1.0,NR
MADHYA PRADESH,NARMADAPURAM,2026-09-11,4.4,5.9,-0.26,D
MADHYA PRADESH,NARMADAPURAM,2026-09-12,8.1,7.3,0.11,N
MADHYA PRADESH,NARMADAPURAM,2026-09-13,1.3,9.0,-0.85,LD
MADHYA PRADESH,NARMADAPURAM,2026-09-14,14.9,10.7,0.39,E
MADHYA PRADESH,NARMADAPURAM,2026-09-15,3.0,8.6,-0.65,LD
MADHYA PRADESH,NARMADAPURAM,2026-09-16,5.0,3.8,0.33,E
MADHYA PRADESH,NARMADAPURAM,2026-09-17,0.0,4.7,-1.0,NR
MADHYA PRADESH,NARMADAPURAM,2026-09-18,0.0,4.8,-1.0,NR
MADHYA PRADESH,NARMADAPURAM,2026-09-19,13.3,3.6,2.69,LE
MADHYA PRADESH,NARMADAPURAM,2026-09-20,6.6,4.8,0.38,E
MADHYA PRADESH,NARMADAPURAM,2026-09-21,9.2,5.1,0.81,LE
MADHYA PRADESH,NARMADAPURAM,2026-09-22,0.4,6.0,-0.93,LD
MADHYA PRADESH,NARMADAPURAM,2026-09-23,1.9,3.9,-0.5,D
MADHYA PRADESH,NARMADAPURAM,2026-09-24,6.1,3.4,0.8,LE
MADHYA PRADESH,NARMADAPURAM,2026-09-25,5.8,4.3,0.35,E
MADHYA PRADESH,NARMADAPURAM,2026-09-26,6.9,2.5,1.77,LE
MADHYA PRADESH,NARMADAPURAM,2026-09-27,0.0,3.3,-1.0,NR
MADHYA PRADESH,NARMADAPURAM,2026-09-28,0.0,2.7,-1.0,NR
MADHYA PRADESH,NARMADAPURAM,2026-09-29,0.0,2.0,-1.0,NR
MADHYA PRADESH,NARMADAPURAM,2026-09-30,0.0,2.4,-1.0,NR
MADHYA PRADESH,NARMADAPURAM,2026-10-01,0.0,1.1,-1.0,NR
MADHYA PRADESH,NARMADAPURAM,2026-10-02,0.0,1.4,-1.0,NR
MADHYA PRADESH,NARMADAPURAM,2026-10-03,0.0,2.3,-1.0,NR
MADHYA PRADESH,NARMADAPURAM,2026-10-04,0.0,2.1,-1.0,NR
MADHYA PRADESH,NARMADAPURAM,2026-10-05,0.0,2.2,-1.0,NR
MADHYA PRADESH,NARMADAPURAM,2026-10-06,0.0,2.1,-1.0,NR
MADHYA PRADESH,NARMADAPURAM,2026-10-07,0.0,1.8,-1.0,NR
MADHYA PRADESH,NARMADAPURAM,2026-10-08,0.0,0.9,-1.0,NR
MADHYA PRADESH,NARMADAPURAM,2026-10-09,0.0,0.6,-1.0,NR
MADHYA PRADESH,NARSHIMAPURA,2026-08-19,2.6,14.6,-0.82,LD
MADHYA PRADESH,NARSHIMAPURA,2026-08-20,6.8,14.9,-0.54,D
MADHYA PRADESH,NARSHIMAPURA,2026-08-21,14.2,11.2,0.27,E
MADHYA PRADESH,NARSHIMAPURA,2026-08-22,16.4,12.9,0.27,E
MADHYA PRADESH,NARSHIMAPURA,2026-08-23,21.6,11.7,0.85,LE
MADHYA PRADESH,NARSHIMAPURA,2026-08-24,7.4,9.0,-0.18,N
MADHYA PRADESH,NARSHIMAPURA,2026-08-25,13.4,7.8,0.72,LE
MADHYA PRADESH,NARSHIMAPURA,2026-08-26,0.2,13.8,-0.99,LD
MADHYA PRADESH,NARSHIMAPURA,2026-08-27,13.2,8.2,0.61,LE
MADHYA PRADESH,NARSHIMAPURA,2026-08-28,12.0,12.8,-0.06,N
MADHYA PRADESH,NARSHIMAPURA,2026-08-29,55.2,19.7,1.8,LE
MADHYA PRADESH,NARSHIMAPURA,2026-08-30,0.0,15.9,-1.0,NR
MADHYA PRADESH,NARSHIMAPURA,2026-08-31,0.4,14.4,-0.97,LD
MADHYA PRADESH,NARSHIMAPURA,2026-09-01,0.0,7.1,-1.0,NR
MADHYA PRADESH,NARSHIMAPURA,2026-09-02,1.8,5.7,-0.68,LD
MADHYA PRADESH,NARSHIMAPURA,2026-09-03,35.6,6.5,4.48,LE
MADHYA PRADESH,NARSHIMAPURA,2026-09-04,30.0,10.7,1.8,LE
MADHYA PRADESH,NARSHIMAPURA,2026-09-05,25.8,8.9,1.9,LE
MADHYA PRADESH,NARSHIMAPURA,2026-09-06,4.4,8.8,-0.5,D
MADHYA PRADESH,NARSHIMAPURA,2026-09-07,0.2,8.6,-0.98,LD
MADHYA PRADESH,NARSHIMAPURA,2026-09-08,1.0,9.1,-0.89,LD
MADHYA PRADESH,NARSHIMAPURA,2026-09-09,0.6,15.4,-0.96,LD
MADHYA PRADESH,NARSHIMAPURA,2026-09-10,0.0,12.8,-1.0,NR
MADHYA PRADESH,NARSHIMAPURA,2026-09-11,15.6,5.7,1.74,LE
MADHYA PRADESH,NARSHIMAPURA,2026-09-12,9.4,5.5,0.71,LE
MADHYA PRADESH,NARSHIMAPURA,2026-09-13,7.6,3.9,0.95,LE
MADHYA PRADESH,NARSHIMAPURA,2026-09-14,2.8,6.3,-0.56,D
MADHYA PRADESH,NARSHIMAPURA,2026-09-15,0.4,9.4,-0.96,LD
MADHYA PRADESH,NARSHIMAPURA,2026-09-16,0.4,8.7,-0.95,LD
MADHYA PRADESH,NARSHIMAPURA,2026-09-17,0.0,5.7,-1.0,NR
MADHYA PRADESH,NARSHIMAPURA,2026-09-18,0.0,4.7,-1.0,NR
MADHYA PRADESH,NARSHIMAPURA,2026-09-19,4.6,5.2,-0.12,N
MADHYA PRADESH,NARSHIMAPURA,2026-09-20,49.4,3.2,14.44,LE
MADHYA PRADESH,NARSHIMAPURA,2026-09-21,9.0,4.0,1.25,LE
MADHYA PRADESH,NARSHIMAPURA,2026-09-22,5.2,8.0,-0.35,D
MADHYA PRADESH,NARSHIMAPURA,2026-09-23,0.6,6.3,-0.9,LD
MADHYA PRADESH,NARSHIMAPURA,2026-09-24,1.0,2.4,-0.58,D
MADHYA PRADESH,NARSHIMAPURA,2026-09-25,18.2,3.0,5.07,LE
MADHYA PRADESH,NARSHIMAPURA,2026-09-26,22.2,3.5,5.34,LE
MADHYA PRADESH,NARSHIMAPURA,2026-09-27,0.0,1.6,-1.0,NR
MADHYA PRADESH,NARSHIMAPURA,2026-09-28,0.0,1.1,-1.0,NR
MADHYA PRADESH,NARSHIMAPURA,2026-09-29,0.0,1.9,-1.0,NR
MADHYA PRADESH,NARSHIMAPURA,2026-09-30,0.0,2.2,-1.0,NR
MADHYA PRADESH,NARSHIMAPURA,2026-10-01,1.0,1.0,0.0,N
MADHYA PRADESH,NARSHIMAPURA,2026-10-02,0.0,1.5,-1.0,NR
MADHYA PRADESH,NARSHIMAPURA,2026-10-03,0.0,1.3,-1.0,NR
MADHYA PRADESH,NARSHIMAPURA,2026-10-04,0.0,3.1,-1.0,NR
MADHYA PRADESH,NARSHIMAPURA,2026-10-05,0.0,1.8,-1.0,NR
MADHYA PRADESH,NARSHIMAPURA,2026-10-06,0.0,1.3,-1.0,NR
MADHYA PRADESH,NARSHIMAPURA,2026-10-07,0.0,1.5,-1.0,NR
MADHYA PRADESH,NARSHIMAPURA,2026-10-08,1.6,1.6,0.0,N
MADHYA PRADESH,NARSHIMAPURA,2026-10-09,0.0,2.0,-1.0,NR
MADHYA PRADESH,NIMACH,2026-08-19,0.0,10.6,-1.0,NR
MADHYA PRADESH,NIMACH,2026-08-20,0.0,12.9,-1.0,NR
MADHYA PRADESH,NIMACH,2026-08-21,0.1,11.3,-1.0,LD
MADHYA PRADESH,NIMACH,2026-08-22,0.0,9.4,-1.0,NR
MADHYA PRADESH,NIMACH,2026-08-23,0.0,8.9,-1.0,NR
MADHYA PRADESH,NIMACH,2026-08-24,0.0,9.7,-1.0,NR
MADHYA PRADESH,NIMACH,2026-08-25,3.2,11.7,-0.73,LD
MADHYA PRADESH,NIMACH,2026-08-26,56.2,6.8,7.26,LE
MADHYA PRADESH,NIMACH,2026-08-27,4.4,7.2,-0.39,D
MADHYA PRADESH,NIMACH,2026-08-28,0.5,5.4,-0.91,LD
MADHYA PRADESH,NIMACH,2026-08-29,0.0,3.4,-1.0,NR
MADHYA PRADESH,NIMACH,2026-08-30,0.0,12.3,-1.0,NR
MADHYA PRADESH,NIMACH,2026-08-31,0.0,9.5,-1.0,NR
MADHYA PRADESH,NIMACH,2026-09-01,0.0,11.4,-1.0,NR
MADHYA PRADESH,NIMACH,2026-09-02,0.0,6.5,-1.0,NR
MADHYA PRADESH,NIMACH,2026-09-03,0.0,10.6,-1.0,NR
MADHYA PRADESH,NIMACH,2026-09-04,7.8,4.4,0.78,LE
MADHYA PRADESH,NIMACH,2026-09-05,29.6,3.3,7.97,LE
MADHYA PRADESH,NIMACH,2026-09-06,6.5,5.2,0.25,E
MADHYA PRADESH,NIMACH,2026-09-07,1.4,8.5,-0.84,LD
MADHYA PRADESH,NIMACH,2026-09-08,0.0,4.9,-1.0,NR
MADHYA PRADESH,NIMACH,2026-09-09,0.0,3.6,-1.0,NR
MADHYA PRADESH,NIMACH,2026-09-10,0.0,3.3,-1.0,NR
MADHYA PRADESH,NIMACH,2026-09-11,0.0,5.0,-1.0,NR
MADHYA PRADESH,NIMACH,2026-09-12,1.0,2.4,-0.58,D
MADHYA PRADESH,NIMACH,2026-09-13,11.2,4.7,1.37,LE
MADHYA PRADESH,NIMACH,2026-09-14,5.5,3.7,0.49,E
MADHYA PRADESH,NIMACH,2026-09-15,16.4,5.7,1.88,LE
MADHYA PRADESH,NIMACH,2026-09-16,0.0,4.3,-1.0,NR
MADHYA PRADESH,NIMACH,2026-09-17,0.0,2.2,-1.0,NR
MADHYA PRADESH,NIMACH,2026-09-18,7.7,1.3,4.92,LE
MADHYA PRADESH,NIMACH,2026-09-19,25.6,1.7,14.03,LE
MADHYA PRADESH,NIMACH,2026-09-20,0.0,2.1,-1.0,NR
MADHYA PRADESH,NIMACH,2026-09-21,0.5,1.8,-0.72,LD
MADHYA PRADESH,NIMACH,2026-09-22,0.0,1.5,-1.0,NR
MADHYA PRADESH,NIMACH,2026-09-23,0.0,3.7,-1.0,NR
MADHYA PRADESH,NIMACH,2026-09-24,0.0,4.5,-1.0,NR
MADHYA PRADESH,NIMACH,2026-09-25,0.0,2.8,-1.0,NR
MADHYA PRADESH,NIMACH,2026-09-26,0.0,0.8,-1.0,NR
MADHYA PRADESH,NIMACH,2026-09-27,0.0,2.2,-1.0,NR
MADHYA PRADESH,NIMACH,2026-09-28,0.0,1.2,-1.0,NR
MADHYA PRADESH,NIMACH,2026-09-29,0.0,2.2,-1.0,NR
MADHYA PRADESH,NIMACH,2026-09-30,0.0,0.9,-1.0,NR
MADHYA PRADESH,NIMACH,2026-10-01,0.0,0.4,-1.0,NR
MADHYA PRADESH,NIMACH,2026-10-02,0.0,1.1,-1.0,NR
MADHYA PRADESH,NIMACH,2026-10-03,0.0,0.6,-1.0,NR
MADHYA PRADESH,NIMACH,2026-10-04,0.0,1.2,-1.0,NR
MADHYA PRADESH,NIMACH,2026-10-05,0.0,1.1,-1.0,NR
MADHYA PRADESH,NIMACH,2026-10-06,0.0,1.9,-1.0,NR
MADHYA PRADESH,NIMACH,2026-10-07,0.0,0.3,-1.0,NR
MADHYA PRADESH,NIMACH,2026-10-08,0.0,0.8,-1.0,NR
MADHYA PRADESH,NIMACH,2026-10-09,0.0,1.3,-1.0,NR
MADHYA PRADESH,NIWARI,2026-08-19,21.7,18.7,0.16,N
MADHYA PRADESH,NIWARI,2026-08-20,14.0,10.6,0.32,E
MADHYA PRADESH,NIWARI,2026-08-21,21.0,15.9,0.32,E
MADHYA PRADESH,NIWARI,2026-08-22,25.7,13.2,0.94,LE
MADHYA PRADESH,NIWARI,2026-08-23,24.0,7.4,2.24,LE
MADHYA PRADESH,NIWARI,2026-08-24,32.7,22.0,0.48,E
MADHYA PRADESH,NIWARI,2026-08-25,49.0,8.8,4.57,LE
MADHYA PRADESH,NIWARI,2026-08-26,105.0,3.5,29.0,LE
MADHYA PRADESH,NIWARI,2026-08-27,145.7,5.0,28.13,LE
MADHYA PRADESH,NIWARI,2026-08-28,91.0,2.3,38.57,LE
MADHYA PRADESH,NIWARI,2026-08-29,0.7,13.3,-0.95,LD
MADHYA PRADESH,NIWARI,2026-08-30,0.0,6.0,-1.0,NR
MADHYA PRADESH,NIWARI,2026-08-31,0.0,3.1,-1.0,NR
MADHYA PRADESH,NIWARI,2026-09-01,0.0,11.3,-1.0,NR
MADHYA PRADESH,NIWARI,2026-09-02,1.3,16.5,-0.92,LD
MADHYA PRADESH,NIWARI,2026-09-03,5.3,9.0,-0.41,D
MADHYA PRADESH,NIWARI,2026-09-04,116.3,4.7,23.75,LE
MADHYA PRADESH,NIWARI,2026-09-05,17.3,6.2,1.8,LE
MADHYA PRADESH,NIWARI,2026-09-06,0.0,11.4,-1.0,NR
MADHYA PRADESH,NIWARI,2026-09-07,15.0,5.6,1.68,LE
MADHYA PRADESH,NIWARI,2026-09-08,0.0,8.6,-1.0,NR
MADHYA PRADESH,NIWARI,2026-09-09,0.0,3.9,-1.0,NR
MADHYA PRADESH,NIWARI,2026-09-10,0.0,7.3,-1.0,NR
MADHYA PRADESH,NIWARI,2026-09-11,0.0,11.3,-1.0,NR
MADHYA PRADESH,NIWARI,2026-09-12,8.3,3.9,1.14,LE
MADHYA PRADESH,NIWARI,2026-09-13,0.0,7.5,-1.0,NR
MADHYA PRADESH,NIWARI,2026-09-14,0.0,4.0,-1.0,NR
MADHYA PRADESH,NIWARI,2026-09-15,0.0,3.6,-1.0,NR
MADHYA PRADESH,NIWARI,2026-09-16,0.0,3.8,-1.0,NR
MADHYA PRADESH,NIWARI,2026-09-17,0.0,2.2,-1.0,NR
MADHYA PRADESH,NIWARI,2026-09-18,22.3,3.2,5.98,LE
MADHYA PRADESH,NIWARI,2026-09-19,0.0,2.3,-1.0,NR
MADHYA PRADESH,NIWARI,2026-09-20,4.3,2.2,0.97,LE
MADHYA PRADESH,NIWARI,2026-09-21,0.0,3.7,-1.0,NR
MADHYA PRADESH,NIWARI,2026-09-22,0.0,5.3,-1.0,NR
MADHYA PRADESH,NIWARI,2026-09-23,0.0,2.8,-1.0,NR
MADHYA PRADESH,NIWARI,2026-09-24,0.0,1.5,-1.0,NR
MADHYA PRADESH,NIWARI,2026-09-25,0.0,0.1,-1.0,NR
MADHYA PRADESH,NIWARI,2026-09-26,43.7,0.7,61.38,LE
MADHYA PRADESH,NIWARI,2026-09-27,3.0,0.1,29.0,LE
MADHYA PRADESH,NIWARI,2026-09-28,0.0,0.6,-1.0,NR
MADHYA PRADESH,NIWARI,2026-09-29,0.0,0.6,-1.0,NR
MADHYA PRADESH,NIWARI,2026-09-30,0.0,0.4,-1.0,NR
MADHYA PRADESH,NIWARI,2026-10-01,0.0,0.1,-1.0,NR
MADHYA PRADESH,NIWARI,2026-10-02,0.0,6.4,-1.0,NR
MADHYA PRADESH,NIWARI,2026-10-03,0.0,2.0,-1.0,NR
MADHYA PRADESH,NIWARI,2026-10-04,0.0,8.7,-1.0,NR
MADHYA PRADESH,NIWARI,2026-10-05,0.0,1.4,-1.0,NR
MADHYA PRADESH,NIWARI,2026-10-06,0.0,1.4,-1.0,NR
MADHYA PRADESH,NIWARI,2026-10-07,0.0,0.4,-1.0,NR
MADHYA PRADESH,NIWARI,2026-10-08,0.0,0.0,-1.0,NR
MADHYA PRADESH,NIWARI,2026-10-09,0.0,1.1,-1.0,NR
MADHYA PRADESH,PANNA,2026-08-19,69.8,13.3,4.25,LE
MADHYA PRADESH,PANNA,2026-08-20,46.2,10.3,3.49,LE
MADHYA PRADESH,PANNA,2026-08-21,30.0,9.8,2.06,LE
MADHYA PRADESH,PANNA,2026-08-22,20.9,13.6,0.53,E
MADHYA PRADESH,PANNA,2026-08-23,12.6,11.1,0.13,N
MADHYA PRADESH,PANNA,2026-08-24,17.9,17.2,0.04,N
MADHYA PRADESH,PANNA,2026-08-25,18.0,8.6,1.09,LE
MADHYA PRADESH,PANNA,2026-08-26,13.3,8.4,0.58,E
MADHYA PRADESH,PANNA,2026-08-27,16.6,8.6,0.93,LE
MADHYA PRADESH,PANNA,2026-08-28,12.7,8.7,0.46,E
MADHYA PRADESH,PANNA,2026-08-29,25.5,13.4,0.91,LE
MADHYA PRADESH,PANNA,2026-08-30,15.1,12.0,0.26,E
MADHYA PRADESH,PANNA,2026-08-31,2.4,8.9,-0.73,LD
MADHYA PRADESH,PANNA,2026-09-01,5.1,10.2,-0.5,D
MADHYA PRADESH,PANNA,2026-09-02,14.0,10.3,0.36,E
MADHYA PRADESH,PANNA,2026-09-03,71.2,8.5,7.38,LE
MADHYA PRADESH,PANNA,2026-09-04,71.7,15.3,3.68,LE
MADHYA PRADESH,PANNA,2026-09-05,2.5,10.0,-0.75,LD
MADHYA PRADESH,PANNA,2026-09-06,2.0,7.1,-0.72,LD
MADHYA PRADESH,PANNA,2026-09-07,2.0,9.4,-0.78,LD
MADHYA PRADESH,PANNA,2026-09-08,2.8,13.5,-0.79,LD
MADHYA PRADESH,PANNA,2026-09-09,0.0,14.6,-1.0,NR
MADHYA PRADESH,PANNA,2026-09-10,0.0,9.5,-1.0,NR
MADHYA PRADESH,PANNA,2026-09-11,10.5,6.9,0.52,E
MADHYA PRADESH,PANNA,2026-09-12,24.3,11.3,1.15,LE
MADHYA PRADESH,PANNA,2026-09-13,3.2,12.6,-0.75,LD
MADHYA PRADESH,PANNA,2026-09-14,1.0,4.0,-0.76,LD
MADHYA PRADESH,PANNA,2026-09-15,0.0,11.5,-1.0,NR
MADHYA PRADESH,PANNA,2026-09-16,0.3,7.2,-0.96,LD
MADHYA PRADESH,PANNA,2026-09-17,3.1,5.2,-0.41,D
MADHYA PRADESH,PANNA,2026-09-18,3.0,4.8,-0.37,D
MADHYA PRADESH,PANNA,2026-09-19,0.0,6.9,-1.0,NR
MADHYA PRADESH,PANNA,2026-09-20,7.6,6.5,0.18,N
MADHYA PRADESH,PANNA,2026-09-21,10.3,4.6,1.25,LE
MADHYA PRADESH,PANNA,2026-09-22,12.0,2.2,4.46,LE
MADHYA PRADESH,PANNA,2026-09-23,1.0,2.8,-0.64,LD
MADHYA PRADESH,PANNA,2026-09-24,3.2,2.5,0.28,E
MADHYA PRADESH,PANNA,2026-09-25,14.0,3.8,2.67,LE
MADHYA PRADESH,PANNA,2026-09-26,106.4,2.1,49.66,LE
MADHYA PRADESH,PANNA,2026-09-27,31.1,1.1,27.28,LE
MADHYA PRADESH,PANNA,2026-09-28,0.0,1.1,-1.0,NR
MADHYA PRADESH,PANNA,2026-09-29,0.0,2.2,-1.0,NR
MADHYA PRADESH,PANNA,2026-09-30,0.0,2.0,-1.0,NR
MADHYA PRADESH,PANNA,2026-10-01,0.0,0.6,-1.0,NR
MADHYA PRADESH,PANNA,2026-10-02,0.0,1.6,-1.0,NR
MADHYA PRADESH,PANNA,2026-10-03,0.0,2.9,-1.0,NR
MADHYA PRADESH,PANNA,2026-10-04,0.0,5.0,-1.0,NR
MADHYA PRADESH,PANNA,2026-10-05,0.0,3.0,-1.0,NR
MADHYA PRADESH,PANNA,2026-10-06,0.0,2.5,-1.0,NR
MADHYA PRADESH,PANNA,2026-10-07,0.0,2.9,-1.0,NR
MADHYA PRADESH,PANNA,2026-10-08,0.0,2.2,-1.0,NR
MADHYA PRADESH,PANNA,2026-10-09,0.0,0.7,-1.0,NR
MADHYA PRADESH,RAISEN,2026-08-19,0.6,19.2,-0.97,LD
MADHYA PRADESH,RAISEN,2026-08-20,1.3,15.9,-0.92,LD
MADHYA PRADESH,RAISEN,2026-08-21,4.1,9.6,-0.57,D
MADHYA PRADESH,RAISEN,2026-08-22,2.6,11.6,-0.78,LD
MADHYA PRADESH,RAISEN,2026-08-23,8.5,12.5,-0.32,D
MADHYA PRADESH,RAISEN,2026-08-24,14.1,16.1,-0.13,N
MADHYA PRADESH,RAISEN,2026-08-25,10.6,11.4,-0.07,N
MADHYA PRADESH,RAISEN,2026-08-26,2.7,7.1,-0.63,LD
MADHYA PRADESH,RAISEN,2026-08-27,2.3,7.3,-0.69,LD
MADHYA PRADESH,RAISEN,2026-08-28,2.6,13.1,-0.8,LD
MADHYA PRADESH,RAISEN,2026-08-29,15.8,17.5,-0.1,N
MADHYA PRADESH,RAISEN,2026-08-30,0.0,14.4,-1.0,NR
MADHYA PRADESH,RAISEN,2026-08-31,0.0,8.8,-1.0,NR
MADHYA PRADESH,RAISEN,2026-09-01,0.0,10.3,-1.0,NR
MADHYA PRADESH,RAISEN,2026-09-02,0.2,8.1,-0.98,LD
MADHYA PRADESH,RAISEN,2026-09-03,12.2,6.4,0.91,LE
MADHYA PRADESH,RAISEN,2026-09-04,18.2,6.0,2.04,LE
MADHYA PRADESH,RAISEN,2026-09-05,21.7,9.2,1.36,LE
MADHYA PRADESH,RAISEN,2026-09-06,11.5,9.7,0.18,N
MADHYA PRADESH,RAISEN,2026-09-07,1.8,7.6,-0.77,LD
MADHYA PRADESH,RAISEN,2026-09-08,1.3,6.6,-0.8,LD
MADHYA PRADESH,RAISEN,2026-09-09,5.2,12.1,-0.57,D
MADHYA PRADESH,RAISEN,2026-09-10,0.0,9.5,-1.0,NR
MADHYA PRADESH,RAISEN,2026-09-11,4.2,5.8,-0.27,D
MADHYA PRADESH,RAISEN,2026-09-12,16.1,4.8,2.36,LE
MADHYA PRADESH,RAISEN,2026-09-13,1.1,5.4,-0.79,LD
MADHYA PRADESH,RAISEN,2026-09-14,3.4,9.7,-0.65,LD
MADHYA PRADESH,RAISEN,2026-09-15,1.7,9.5,-0.82,LD
MADHYA PRADESH,RAISEN,2026-09-16,0.0,7.4,-1.0,LD
MADHYA PRADESH,RAISEN,2026-09-17,0.6,5.4,-0.89,LD
MADHYA PRADESH,RAISEN,2026-09-18,1.2,3.6,-0.68,LD
MADHYA PRADESH,RAISEN,2026-09-19,19.8,5.0,2.95,LE
MADHYA PRADESH,RAISEN,2026-09-20,1.7,3.4,-0.51,D
MADHYA PRADESH,RAISEN,2026-09-21,24.2,7.2,2.36,LE
MADHYA PRADESH,RAISEN,2026-09-22,14.6,5.6,1.61,LE
MADHYA PRADESH,RAISEN,2026-09-23,1.3,4.7,-0.72,LD
MADHYA PRADESH,RAISEN,2026-09-24,1.9,2.6,-0.26,D
MADHYA PRADESH,RAISEN,2026-09-25,4.1,2.8,0.45,E
MADHYA PRADESH,RAISEN,2026-09-26,0.8,1.9,-0.55,D
MADHYA PRADESH,RAISEN,2026-09-27,0.0,1.6,-1.0,NR
MADHYA PRADESH,RAISEN,2026-09-28,0.0,2.4,-1.0,NR
MADHYA PRADESH,RAISEN,2026-09-29,0.0,2.1,-1.0,NR
MADHYA PRADESH,RAISEN,2026-09-30,0.0,2.3,-1.0,NR
MADHYA PRADESH,RAISEN,2026-10-01,0.9,1.9,-0.52,D
MADHYA PRADESH,RAISEN,2026-10-02,0.0,2.1,-1.0,NR
MADHYA PRADESH,RAISEN,2026-10-03,0.0,0.7,-1.0,NR
MADHYA PRADESH,RAISEN,2026-10-04,0.0,2.2,-1.0,NR
MADHYA PRADESH,RAISEN,2026-10-05,0.0,2.6,-1.0,NR
MADHYA PRADESH,RAISEN,2026-10-06,0.0,3.1,-1.0,NR
MADHYA PRADESH,RAISEN,2026-10-07,0.0,1.5,-1.0,NR
MADHYA PRADESH,RAISEN,2026-10-08,0.0,1.4,-1.0,NR
MADHYA PRADESH,RAISEN,2026-10-09,0.0,1.4,-1.0,NR
MADHYA PRADESH,RAJGARH,2026-08-19,0.3,13.8,-0.98,LD
MADHYA PRADESH,RAJGARH,2026-08-20,0.0,20.3,-1.0,NR
MADHYA PRADESH,RAJGARH,2026-08-21,7.9,15.4,-0.48,D
MADHYA PRADESH,RAJGARH,2026-08-22,0.1,10.6,-0.99,LD
MADHYA PRADESH,RAJGARH,2026-08-23,0.0,11.5,-1.0,NR
MADHYA PRADESH,RAJGARH,2026-08-24,0.1,11.3,-0.99,LD
MADHYA PRADESH,RAJGARH,2026-08-25,6.6,11.2,-0.41,D
MADHYA PRADESH,RAJGARH,2026-08-26,23.0,6.0,2.83,LE
MADHYA PRADESH,RAJGARH,2026-08-27,35.5,8.6,3.12,LE
MADHYA PRADESH,RAJGARH,2026-08-28,12.8,6.7,0.91,LE
MADHYA PRADESH,RAJGARH,2026-08-29,0.0,10.3,-1.0,NR
MADHYA PRADESH,RAJGARH,2026-08-30,0.0,13.8,-1.0,NR
MADHYA PRADESH,RAJGARH,2026-08-31,0.0,10.2,-1.0,NR
MADHYA PRADESH,RAJGARH,2026-09-01,0.0,11.0,-1.0,NR
MADHYA PRADESH,RAJGARH,2026-09-02,0.0,6.7,-1.0,NR
MADHYA PRADESH,RAJGARH,2026-09-03,0.0,7.2,-1.0,NR
MADHYA PRADESH,RAJGARH,2026-09-04,31.5,5.9,4.33,LE
MADHYA PRADESH,RAJGARH,2026-09-05,44.9,5.8,6.74,LE
MADHYA PRADESH,RAJGARH,2026-09-06,7.2,8.4,-0.14,N
MADHYA PRADESH,RAJGARH,2026-09-07,9.3,6.0,0.55,E
MADHYA PRADESH,RAJGARH,2026-09-08,0.0,2.5,-1.0,NR
MADHYA PRADESH,RAJGARH,2026-09-09,0.0,4.3,-1.0,NR
MADHYA PRADESH,RAJGARH,2026-09-10,0.0,4.4,-1.0,NR
MADHYA PRADESH,RAJGARH,2026-09-11,0.0,6.1,-1.0,NR
MADHYA PRADESH,RAJGARH,2026-09-12,9.2,3.3,1.78,LE
MADHYA PRADESH,RAJGARH,2026-09-13,7.1,4.6,0.55,E
MADHYA PRADESH,RAJGARH,2026-09-14,42.9,3.6,10.92,LE
MADHYA PRADESH,RAJGARH,2026-09-15,15.8,6.3,1.51,LE
MADHYA PRADESH,RAJGARH,2026-09-16,0.2,4.2,-0.96,LD
MADHYA PRADESH,RAJGARH,2026-09-17,0.0,3.1,-1.0,NR
MADHYA PRADESH,RAJGARH,2026-09-18,0.4,2.0,-0.79,LD
MADHYA PRADESH,RAJGARH,2026-09-19,36.4,3.1,10.74,LE
MADHYA PRADESH,RAJGARH,2026-09-20,0.1,3.1,-0.95,LD
MADHYA PRADESH,RAJGARH,2026-09-21,0.0,3.0,-1.0,NR
MADHYA PRADESH,RAJGARH,2026-09-22,1.4,3.7,-0.62,LD
MADHYA PRADESH,RAJGARH,2026-09-23,0.0,5.9,-1.0,NR
MADHYA PRADESH,RAJGARH,2026-09-24,0.0,7.0,-1.0,NR
MADHYA PRADESH,RAJGARH,2026-09-25,0.0,1.1,-1.0,NR
MADHYA PRADESH,RAJGARH,2026-09-26,0.0,1.7,-1.0,NR
MADHYA PRADESH,RAJGARH,2026-09-27,0.0,2.0,-0.99,LD
MADHYA PRADESH,RAJGARH,2026-09-28,0.0,1.1,-1.0,NR
MADHYA PRADESH,RAJGARH,2026-09-29,0.0,1.6,-1.0,NR
MADHYA PRADESH,RAJGARH,2026-09-30,0.0,0.6,-1.0,NR
MADHYA PRADESH,RAJGARH,2026-10-01,0.0,1.6,-1.0,NR
MADHYA PRADESH,RAJGARH,2026-10-02,0.0,0.8,-1.0,NR
MADHYA PRADESH,RAJGARH,2026-10-03,0.0,0.8,-1.0,NR
MADHYA PRADESH,RAJGARH,2026-10-04,0.0,1.3,-1.0,NR
MADHYA PRADESH,RAJGARH,2026-10-05,0.0,3.5,-1.0,NR
MADHYA PRADESH,RAJGARH,2026-10-06,0.0,2.5,-1.0,NR
MADHYA PRADESH,RAJGARH,2026-10-07,0.0,0.7,-1.0,NR
MADHYA PRADESH,RAJGARH,2026-10-08,0.0,0.8,-1.0,NR
MADHYA PRADESH,RAJGARH,2026-10-09,0.0,4.0,-1.0,NR
MADHYA PRADESH,RATLAM,2026-08-19,0.1,15.8,-0.99,LD
MADHYA PRADESH,RATLAM,2026-08-20,0.2,17.9,-0.99,LD
MADHYA PRADESH,RATLAM,2026-08-21,0.0,10.7,-1.0,NR
MADHYA PRADESH,RATLAM,2026-08-22,0.0,6.0,-1.0,NR
MADHYA PRADESH,RATLAM,2026-08-23,0.0,9.4,-1.0,NR
MADHYA PRADESH,RATLAM,2026-08-24,0.0,15.6,-1.0,NR
MADHYA PRADESH,RATLAM,2026-08-25,1.0,12.8,-0.92,LD
MADHYA PRADESH,RATLAM,2026-08-26,25.6,9.8,1.61,LE
MADHYA PRADESH,RATLAM,2026-08-27,3.5,12.0,-0.71,LD
MADHYA PRADESH,RATLAM,2026-08-28,0.0,9.2,-1.0,NR
MADHYA PRADESH,RATLAM,2026-08-29,0.0,9.5,-1.0,NR
MADHYA PRADESH,RATLAM,2026-08-30,0.0,12.1,-1.0,NR
MADHYA PRADESH,RATLAM,2026-08-31,0.0,14.1,-1.0,NR
MADHYA PRADESH,RATLAM,2026-09-01,0.0,9.7,-1.0,NR
MADHYA PRADESH,RATLAM,2026-09-02,0.0,7.0,-1.0,NR
MADHYA PRADESH,RATLAM,2026-09-03,0.0,4.3,-1.0,NR
MADHYA PRADESH,RATLAM,2026-09-04,5.6,5.9,-0.05,N
MADHYA PRADESH,RATLAM,2026-09-05,5.4,4.6,0.17,N
MADHYA PRADESH,RATLAM,2026-09-06,9.4,9.4,0.0,N
MADHYA PRADESH,RATLAM,2026-09-07,0.0,12.8,-1.0,NR
MADHYA PRADESH,RATLAM,2026-09-08,0.0,5.0,-1.0,NR
MADHYA PRADESH,RATLAM,2026-09-09,0.0,2.6,-1.0,NR
MADHYA PRADESH,RATLAM,2026-09-10,0.0,3.5,-1.0,NR
MADHYA PRADESH,RATLAM,2026-09-11,0.0,4.5,-1.0,NR
MADHYA PRADESH,RATLAM,2026-09-12,5.2,5.1,0.03,N
MADHYA PRADESH,RATLAM,2026-09-13,18.1,3.4,4.33,LE
MADHYA PRADESH,RATLAM,2026-09-14,24.4,6.1,3.0,LE
MADHYA PRADESH,RATLAM,2026-09-15,11.1,4.6,1.42,LE
MADHYA PRADESH,RATLAM,2026-09-16,0.0,4.4,-1.0,NR
MADHYA PRADESH,RATLAM,2026-09-17,0.0,4.7,-1.0,NR
MADHYA PRADESH,RATLAM,2026-09-18,0.0,2.5,-1.0,NR
MADHYA PRADESH,RATLAM,2026-09-19,15.5,2.0,6.75,LE
MADHYA PRADESH,RATLAM,2026-09-20,2.2,4.0,-0.44,D
MADHYA PRADESH,RATLAM,2026-09-21,0.0,3.7,-1.0,NR
MADHYA PRADESH,RATLAM,2026-09-22,0.0,4.1,-1.0,NR
MADHYA PRADESH,RATLAM,2026-09-23,0.0,4.3,-1.0,NR
MADHYA PRADESH,RATLAM,2026-09-24,0.0,5.1,-1.0,NR
MADHYA PRADESH,RATLAM,2026-09-25,0.0,4.2,-1.0,NR
MADHYA PRADESH,RATLAM,2026-09-26,4.8,2.9,0.64,LE
MADHYA PRADESH,RATLAM,2026-09-27,0.0,3.2,-1.0,NR
MADHYA PRADESH,RATLAM,2026-09-28,0.0,2.5,-1.0,NR
MADHYA PRADESH,RATLAM,2026-09-29,0.0,0.8,-1.0,NR
MADHYA PRADESH,RATLAM,2026-09-30,0.0,3.3,-1.0,NR
MADHYA PRADESH,RATLAM,2026-10-01,0.0,1.4,-1.0,NR
MADHYA PRADESH,RATLAM,2026-10-02,0.0,1.0,-1.0,NR
MADHYA PRADESH,RATLAM,2026-10-03,0.0,2.3,-1.0,NR
MADHYA PRADESH,RATLAM,2026-10-04,0.0,5.3,-1.0,NR
MADHYA PRADESH,RATLAM,2026-10-05,0.0,1.4,-1.0,NR
MADHYA PRADESH,RATLAM,2026-10-06,0.0,0.8,-1.0,NR
MADHYA PRADESH,RATLAM,2026-10-07,0.0,2.5,-1.0,NR
MADHYA PRADESH,RATLAM,2026-10-08,0.0,1.9,-1.0,NR
MADHYA PRADESH,RATLAM,2026-10-09,0.0,4.4,-1.0,NR
MADHYA PRADESH,REWA,2026-08-19,27.8,8.5,2.28,LE
MADHYA PRADESH,REWA,2026-08-20,106.9,12.1,7.84,LE
MADHYA PRADESH,REWA,2026-08-21,10.6,11.3,-0.06,N
MADHYA PRADESH,REWA,2026-08-22,27.5,11.4,1.41,LE
MADHYA PRADESH,REWA,2026-08-23,2.4,13.0,-0.81,LD
MADHYA PRADESH,REWA,2026-08-24,3.5,7.5,-0.53,D
MADHYA PRADESH,REWA,2026-08-25,17.7,8.3,1.14,LE
MADHYA PRADESH,REWA,2026-08-26,11.7,8.3,0.41,E
MADHYA PRADESH,REWA,2026-08-27,6.4,7.7,-0.17,N
MADHYA PRADESH,REWA,2026-08-28,2.7,6.7,-0.6,LD
MADHYA PRADESH,REWA,2026-08-29,23.4,9.3,1.52,LE
MADHYA PRADESH,REWA,2026-08-30,43.0,5.4,6.96,LE
MADHYA PRADESH,REWA,2026-08-31,27.7,5.5,4.04,LE
MADHYA PRADESH,REWA,2026-09-01,39.2,18.9,1.08,LE
MADHYA PRADESH,REWA,2026-09-02,38.2,8.3,3.61,LE
MADHYA PRADESH,REWA,2026-09-03,42.0,10.9,2.85,LE
MADHYA PRADESH,REWA,2026-09-04,6.6,14.4,-0.54,D
MADHYA PRADESH,REWA,2026-09-05,0.3,9.1,-0.97,LD
MADHYA PRADESH,REWA,2026-09-06,0.0,7.8,-1.0,NR
MADHYA PRADESH,REWA,2026-09-07,0.0,9.8,-1.0,NR
MADHYA PRADESH,REWA,2026-09-08,1.2,11.6,-0.89,LD
MADHYA PRADESH,REWA,2026-09-09,0.0,13.4,-1.0,NR
MADHYA PRADESH,REWA,2026-09-10,1.8,8.8,-0.79,LD
MADHYA PRADESH,REWA,2026-09-11,6.4,9.5,-0.33,D
MADHYA PRADESH,REWA,2026-09-12,9.1,8.3,0.1,N
MADHYA PRADESH,REWA,2026-09-13,3.0,10.1,-0.7,LD
MADHYA PRADESH,REWA,2026-09-14,0.0,7.6,-1.0,NR
MADHYA PRADESH,REWA,2026-09-15,1.1,5.6,-0.8,LD
MADHYA PRADESH,REWA,2026-09-16,1.5,7.5,-0.8,LD
MADHYA PRADESH,REWA,2026-09-17,7.4,3.7,1.01,LE
MADHYA PRADESH,REWA,2026-09-18,0.1,4.6,-0.98,LD
MADHYA PRADESH,REWA,2026-09-19,1.0,5.7,-0.82,LD
MADHYA PRADESH,REWA,2026-09-20,0.6,7.0,-0.91,LD
MADHYA PRADESH,REWA,2026-09-21,1.8,6.8,-0.74,LD
MADHYA PRADESH,REWA,2026-09-22,1.4,4.3,-0.67,LD
MADHYA PRADESH,REWA,2026-09-23,0.0,1.7,-1.0,NR
MADHYA PRADESH,REWA,2026-09-24,4.0,3.0,0.32,E
MADHYA PRADESH,REWA,2026-09-25,24.7,4.4,4.6,LE
MADHYA PRADESH,REWA,2026-09-26,25.5,2.4,9.63,LE
MADHYA PRADESH,REWA,2026-09-27,7.3,1.2,5.06,LE
MADHYA PRADESH,REWA,2026-09-28,0.0,2.0,-1.0,NR
MADHYA PRADESH,REWA,2026-09-29,0.0,2.4,-1.0,NR
MADHYA PRADESH,REWA,2026-09-30,1.1,2.1,-0.47,D
MADHYA PRADESH,REWA,2026-10-01,0.0,0.8,-1.0,NR
MADHYA PRADESH,REWA,2026-10-02,0.0,1.4,-1.0,NR
MADHYA PRADESH,REWA,2026-10-03,0.0,3.8,-1.0,NR
MADHYA PRADESH,REWA,2026-10-04,0.0,8.0,-1.0,NR
MADHYA PRADESH,REWA,2026-10-05,0.0,4.8,-1.0,NR
MADHYA PRADESH,REWA,2026-10-06,0.0,1.5,-1.0,NR
MADHYA PRADESH,REWA,2026-10-07,0.1,2.2,-0.95,LD
MADHYA PRADESH,REWA,2026-10-08,0.0,1.7,-1.0,NR
MADHYA PRADESH,REWA,2026-10-09,0.2,2.3,-0.9,LD
MADHYA PRADESH,SAGAR,2026-08-19,0.1,14.8,-0.99,LD
MADHYA PRADESH,SAGAR,2026-08-20,10.5,15.8,-0.34,D
MADHYA PRADESH,SAGAR,2026-08-21,13.1,11.3,0.16,N
MADHYA PRADESH,SAGAR,2026-08-22,6.4,16.4,-0.61,LD
MADHYA PRADESH,SAGAR,2026-08-23,24.6,10.9,1.26,LE
MADHYA PRADESH,SAGAR,2026-08-24,20.2,9.2,1.2,LE
MADHYA PRADESH,SAGAR,2026-08-25,5.0,10.8,-0.54,D
MADHYA PRADESH,SAGAR,2026-08-26,4.1,8.6,-0.52,D
MADHYA PRADESH,SAGAR,2026-08-27,8.5,8.9,-0.04,N
MADHYA PRADESH,SAGAR,2026-08-28,23.7,8.8,1.69,LE
MADHYA PRADESH,SAGAR,2026-08-29,50.2,14.4,2.49,LE
MADHYA PRADESH,SAGAR,2026-08-30,0.0,13.1,-1.0,NR
MADHYA PRADESH,SAGAR,2026-08-31,0.0,7.2,-1.0,NR
MADHYA PRADESH,SAGAR,2026-09-01,0.0,5.9,-1.0,NR
MADHYA PRADESH,SAGAR,2026-09-02,2.5,4.7,-0.46,D
MADHYA PRADESH,SAGAR,2026-09-03,42.8,5.2,7.24,LE
MADHYA PRADESH,SAGAR,2026-09-04,24.0,7.2,2.34,LE
MADHYA PRADESH,SAGAR,2026-09-05,15.3,7.8,0.96,LE
MADHYA PRADESH,SAGAR,2026-09-06,5.8,7.6,-0.24,D
MADHYA PRADESH,SAGAR,2026-09-07,1.0,8.3,-0.88,LD
MADHYA PRADESH,SAGAR,2026-09-08,0.3,6.3,-0.96,LD
MADHYA PRADESH,SAGAR,2026-09-09,3.3,12.1,-0.73,LD
MADHYA PRADESH,SAGAR,2026-09-10,0.0,10.0,-0.99,LD
MADHYA PRADESH,SAGAR,2026-09-11,13.5,7.7,0.75,LE
MADHYA PRADESH,SAGAR,2026-09-12,22.7,6.3,2.6,LE
MADHYA PRADESH,SAGAR,2026-09-13,5.9,7.6,-0.22,D
MADHYA PRADESH,SAGAR,2026-09-14,8.3,6.4,0.3,E
MADHYA PRADESH,SAGAR,2026-09-15,3.2,6.9,-0.54,D
MADHYA PRADESH,SAGAR,2026-09-16,3.4,7.2,-0.53,D
MADHYA PRADESH,SAGAR,2026-09-17,5.0,5.6,-0.11,N
MADHYA PRADESH,SAGAR,2026-09-18,6.6,6.1,0.08,N
MADHYA PRADESH,SAGAR,2026-09-19,10.4,5.9,0.77,LE
MADHYA PRADESH,SAGAR,2026-09-20,18.6,4.8,2.87,LE
MADHYA PRADESH,SAGAR,2026-09-21,8.9,5.8,0.53,E
MADHYA PRADESH,SAGAR,2026-09-22,13.4,6.5,1.07,LE
MADHYA PRADESH,SAGAR,2026-09-23,2.0,3.1,-0.35,D
MADHYA PRADESH,SAGAR,2026-09-24,1.5,2.1,-0.27,D
MADHYA PRADESH,SAGAR,2026-09-25,5.5,3.2,0.71,LE
MADHYA PRADESH,SAGAR,2026-09-26,9.8,3.1,2.16,LE
MADHYA PRADESH,SAGAR,2026-09-27,1.0,2.2,-0.53,D
MADHYA PRADESH,SAGAR,2026-09-28,0.0,1.6,-1.0,NR
MADHYA PRADESH,SAGAR,2026-09-29,0.2,3.1,-0.95,LD
MADHYA PRADESH,SAGAR,2026-09-30,0.0,2.5,-1.0,NR
MADHYA PRADESH,SAGAR,2026-10-01,0.2,0.5,-0.65,LD
MADHYA PRADESH,SAGAR,2026-10-02,0.0,1.3,-1.0,NR
MADHYA PRADESH,SAGAR,2026-10-03,0.0,0.9,-1.0,NR
MADHYA PRADESH,SAGAR,2026-10-04,0.0,3.0,-1.0,NR
MADHYA PRADESH,SAGAR,2026-10-05,0.0,2.8,-1.0,NR
MADHYA PRADESH,SAGAR,2026-10-06,0.0,1.6,-1.0,NR
MADHYA PRADESH,SAGAR,2026-10-07,0.0,2.6,-1.0,NR
MADHYA PRADESH,SAGAR,2026-10-08,0.0,0.9,-1.0,NR
MADHYA PRADESH,SAGAR,2026-10-09,0.0,1.9,-1.0,NR
MADHYA PRADESH,SATNA,2026-08-19,60.0,14.9,3.02,LE
MADHYA PRADESH,SATNA,2026-08-20,57.2,9.5,5.02,LE
MADHYA PRADESH,SATNA,2026-08-21,80.8,9.9,7.16,LE
MADHYA PRADESH,SATNA,2026-08-22,26.5,12.8,1.07,LE
MADHYA PRADESH,SATNA,2026-08-23,12.0,8.6,0.4,E
MADHYA PRADESH,SATNA,2026-08-24,0.1,7.2,-0.99,LD
MADHYA PRADESH,SATNA,2026-08-25,42.1,8.6,3.89,LE
MADHYA PRADESH,SATNA,2026-08-26,12.4,7.2,0.73,LE
MADHYA PRADESH,SATNA,2026-08-27,14.8,6.8,1.18,LE
MADHYA PRADESH,SATNA,2026-08-28,6.5,5.7,0.13,N
MADHYA PRADESH,SATNA,2026-08-29,73.6,6.6,10.15,LE
MADHYA PRADESH,SATNA,2026-08-30,22.0,7.0,2.14,LE
MADHYA PRADESH,SATNA,2026-08-31,23.8,5.9,3.04,LE
MADHYA PRADESH,SATNA,2026-09-01,60.4,11.1,4.44,LE
MADHYA PRADESH,SATNA,2026-09-02,42.5,9.9,3.29,LE
MADHYA PRADESH,SATNA,2026-09-03,96.1,7.9,11.16,LE
MADHYA PRADESH,SATNA,2026-09-04,6.6,11.2,-0.41,D
MADHYA PRADESH,SATNA,2026-09-05,0.0,5.3,-1.0,NR
MADHYA PRADESH,SATNA,2026-09-06,1.1,8.9,-0.87,LD
MADHYA PRADESH,SATNA,2026-09-07,1.8,10.0,-0.82,LD
MADHYA PRADESH,SATNA,2026-09-08,0.0,12.9,-1.0,NR
MADHYA PRADESH,SATNA,2026-09-09,0.2,13.0,-0.98,LD
MADHYA PRADESH,SATNA,2026-09-10,2.0,8.4,-0.76,LD
MADHYA PRADESH,SATNA,2026-09-11,15.5,5.5,1.82,LE
MADHYA PRADESH,SATNA,2026-09-12,20.9,7.9,1.65,LE
MADHYA PRADESH,SATNA,2026-09-13,6.0,7.7,-0.23,D
MADHYA PRADESH,SATNA,2026-09-14,0.0,5.4,-1.0,NR
MADHYA PRADESH,SATNA,2026-09-15,0.0,7.2,-1.0,NR
MADHYA PRADESH,SATNA,2026-09-16,8.4,6.8,0.23,E
MADHYA PRADESH,SATNA,2026-09-17,8.4,6.7,0.25,E
MADHYA PRADESH,SATNA,2026-09-18,0.0,2.8,-1.0,NR
MADHYA PRADESH,SATNA,2026-09-19,7.0,3.8,0.83,LE
MADHYA PRADESH,SATNA,2026-09-20,0.2,5.8,-0.96,LD
MADHYA PRADESH,SATNA,2026-09-21,3.1,5.6,-0.44,D
MADHYA PRADESH,SATNA,2026-09-22,0.9,3.0,-0.71,LD
MADHYA PRADESH,SATNA,2026-09-23,0.1,2.3,-0.95,LD
MADHYA PRADESH,SATNA,2026-09-24,2.7,1.9,0.4,E
MADHYA PRADESH,SATNA,2026-09-25,29.0,2.3,11.59,LE
MADHYA PRADESH,SATNA,2026-09-26,64.8,4.0,15.2,LE
MADHYA PRADESH,SATNA,2026-09-27,14.9,2.8,4.31,LE
MADHYA PRADESH,SATNA,2026-09-28,0.0,2.3,-1.0,NR
MADHYA PRADESH,SATNA,2026-09-29,0.0,1.2,-1.0,NR
MADHYA PRADESH,SATNA,2026-09-30,0.0,1.8,-1.0,NR
MADHYA PRADESH,SATNA,2026-10-01,0.0,1.7,-1.0,NR
MADHYA PRADESH,SATNA,2026-10-02,0.0,1.6,-1.0,NR
MADHYA PRADESH,SATNA,2026-10-03,0.0,2.8,-1.0,NR
MADHYA PRADESH,SATNA,2026-10-04,0.0,5.7,-1.0,NR
MADHYA PRADESH,SATNA,2026-10-05,0.0,1.5,-1.0,NR
MADHYA PRADESH,SATNA,2026-10-06,0.0,3.1,-1.0,NR
MADHYA PRADESH,SATNA,2026-10-07,0.1,2.2,-0.97,LD
MADHYA PRADESH,SATNA,2026-10-08,0.0,2.4,-1.0,NR
MADHYA PRADESH,SATNA,2026-10-09,0.0,0.9,-1.0,NR
MADHYA PRADESH,SEHORE,2026-08-19,1.9,20.7,-0.91,LD
MADHYA PRADESH,SEHORE,2026-08-20,0.3,15.4,-0.98,LD
MADHYA PRADESH,SEHORE,2026-08-21,1.5,11.2,-0.86,LD
MADHYA PRADESH,SEHORE,2026-08-22,2.2,12.7,-0.83,LD
MADHYA PRADESH,SEHORE,2026-08-23,4.2,17.3,-0.76,LD
MADHYA PRADESH,SEHORE,2026-08-24,9.7,12.0,-0.19,D
MADHYA PRADESH,SEHORE,2026-08-25,13.2,8.8,0.5,E
MADHYA PRADESH,SEHORE,2026-08-26,12.7,10.5,0.21,E
MADHYA PRADESH,SEHORE,2026-08-27,11.2,10.8,0.04,N
MADHYA PRADESH,SEHORE,2026-08-28,11.3,10.0,0.13,N
MADHYA PRADESH,SEHORE,2026-08-29,1.4,16.5,-0.91,LD
MADHYA PRADESH,SEHORE,2026-08-30,0.1,17.8,-0.99,LD
MADHYA PRADESH,SEHORE,2026-08-31,0.0,11.3,-1.0,NR
MADHYA PRADESH,SEHORE,2026-09-01,0.0,13.4,-1.0,NR
MADHYA PRADESH,SEHORE,2026-09-02,0.0,9.1,-1.0,NR
MADHYA PRADESH,SEHORE,2026-09-03,0.2,7.3,-0.97,LD
MADHYA PRADESH,SEHORE,2026-09-04,18.1,7.8,1.32,LE
MADHYA PRADESH,SEHORE,2026-09-05,25.6,7.4,2.45,LE
MADHYA PRADESH,SEHORE,2026-09-06,6.9,10.7,-0.35,D
MADHYA PRADESH,SEHORE,2026-09-07,1.5,7.4,-0.8,LD
MADHYA PRADESH,SEHORE,2026-09-08,6.7,7.8,-0.14,N
MADHYA PRADESH,SEHORE,2026-09-09,1.6,6.2,-0.74,LD
MADHYA PRADESH,SEHORE,2026-09-10,0.0,6.0,-1.0,NR
MADHYA PRADESH,SEHORE,2026-09-11,0.6,6.0,-0.9,LD
MADHYA PRADESH,SEHORE,2026-09-12,4.7,6.6,-0.29,D
MADHYA PRADESH,SEHORE,2026-09-13,8.5,5.2,0.63,LE
MADHYA PRADESH,SEHORE,2026-09-14,12.3,8.2,0.5,E
MADHYA PRADESH,SEHORE,2026-09-15,4.7,8.4,-0.44,D
MADHYA PRADESH,SEHORE,2026-09-16,0.0,5.9,-1.0,NR
MADHYA PRADESH,SEHORE,2026-09-17,2.1,3.3,-0.35,D
MADHYA PRADESH,SEHORE,2026-09-18,6.5,3.4,0.91,LE
MADHYA PRADESH,SEHORE,2026-09-19,7.2,3.9,0.86,LE
MADHYA PRADESH,SEHORE,2026-09-20,0.0,3.5,-1.0,NR
MADHYA PRADESH,SEHORE,2026-09-21,0.8,5.9,-0.87,LD
MADHYA PRADESH,SEHORE,2026-09-22,3.2,4.3,-0.26,D
MADHYA PRADESH,SEHORE,2026-09-23,0.0,6.7,-1.0,NR
MADHYA PRADESH,SEHORE,2026-09-24,0.8,3.8,-0.8,LD
MADHYA PRADESH,SEHORE,2026-09-25,0.0,2.5,-1.0,NR
MADHYA PRADESH,SEHORE,2026-09-26,0.0,3.7,-1.0,NR
MADHYA PRADESH,SEHORE,2026-09-27,0.0,2.3,-1.0,NR
MADHYA PRADESH,SEHORE,2026-09-28,0.0,2.8,-1.0,NR
MADHYA PRADESH,SEHORE,2026-09-29,0.0,2.8,-1.0,NR
MADHYA PRADESH,SEHORE,2026-09-30,0.0,2.1,-1.0,NR
MADHYA PRADESH,SEHORE,2026-10-01,0.0,1.0,-1.0,NR
MADHYA PRADESH,SEHORE,2026-10-02,0.0,1.7,-1.0,NR
MADHYA PRADESH,SEHORE,2026-10-03,0.0,1.3,-1.0,NR
MADHYA PRADESH,SEHORE,2026-10-04,0.0,0.8,-1.0,NR
MADHYA PRADESH,SEHORE,2026-10-05,0.0,2.8,-1.0,NR
MADHYA PRADESH,SEHORE,2026-10-06,0.0,2.4,-1.0,NR
MADHYA PRADESH,SEHORE,2026-10-07,0.0,0.7,-1.0,NR
MADHYA PRADESH,SEHORE,2026-10-08,0.0,1.3,-1.0,NR
MADHYA PRADESH,SEHORE,2026-10-09,0.0,1.4,-1.0,NR
MADHYA PRADESH,SEONI,2026-08-19,1.4,12.7,-0.89,LD
MADHYA PRADESH,SEONI,2026-08-20,14.2,8.7,0.63,LE
MADHYA PRADESH,SEONI,2026-08-21,6.7,11.1,-0.4,D
MADHYA PRADESH,SEONI,2026-08-22,4.0,8.6,-0.54,D
MADHYA PRADESH,SEONI,2026-08-23,14.9,11.1,0.34,E
MADHYA PRADESH,SEONI,2026-08-24,0.6,9.8,-0.94,LD
MADHYA PRADESH,SEONI,2026-08-25,2.6,5.1,-0.5,D
MADHYA PRADESH,SEONI,2026-08-26,1.5,7.7,-0.8,LD
MADHYA PRADESH,SEONI,2026-08-27,0.9,5.3,-0.84,LD
MADHYA PRADESH,SEONI,2026-08-28,0.5,9.4,-0.95,LD
MADHYA PRADESH,SEONI,2026-08-29,4.5,12.1,-0.63,LD
MADHYA PRADESH,SEONI,2026-08-30,1.2,10.8,-0.89,LD
MADHYA PRADESH,SEONI,2026-08-31,0.2,10.8,-0.98,LD
MADHYA PRADESH,SEONI,2026-09-01,0.0,7.7,-1.0,NR
MADHYA PRADESH,SEONI,2026-09-02,6.3,7.5,-0.16,N
MADHYA PRADESH,SEONI,2026-09-03,26.8,5.0,4.35,LE
MADHYA PRADESH,SEONI,2026-09-04,16.6,6.1,1.72,LE
MADHYA PRADESH,SEONI,2026-09-05,5.0,10.7,-0.53,D
MADHYA PRADESH,SEONI,2026-09-06,5.7,8.9,-0.36,D
MADHYA PRADESH,SEONI,2026-09-07,0.4,7.1,-0.95,LD
MADHYA PRADESH,SEONI,2026-09-08,0.9,8.5,-0.9,LD
MADHYA PRADESH,SEONI,2026-09-09,0.0,8.9,-1.0,NR
MADHYA PRADESH,SEONI,2026-09-10,0.0,5.6,-1.0,NR
MADHYA PRADESH,SEONI,2026-09-11,0.7,6.4,-0.9,LD
MADHYA PRADESH,SEONI,2026-09-12,20.1,5.8,2.46,LE
MADHYA PRADESH,SEONI,2026-09-13,7.4,6.2,0.19,E
MADHYA PRADESH,SEONI,2026-09-14,7.9,8.4,-0.06,N
MADHYA PRADESH,SEONI,2026-09-15,3.0,11.4,-0.74,LD
MADHYA PRADESH,SEONI,2026-09-16,10.0,7.3,0.38,E
MADHYA PRADESH,SEONI,2026-09-17,0.0,5.6,-1.0,NR
MADHYA PRADESH,SEONI,2026-09-18,1.6,4.9,-0.68,LD
MADHYA PRADESH,SEONI,2026-09-19,7.3,5.7,0.29,E
MADHYA PRADESH,SEONI,2026-09-20,0.0,4.0,-1.0,NR
MADHYA PRADESH,SEONI,2026-09-21,2.1,5.7,-0.63,LD
MADHYA PRADESH,SEONI,2026-09-22,1.7,5.1,-0.67,LD
MADHYA PRADESH,SEONI,2026-09-23,0.0,2.3,-1.0,NR
MADHYA PRADESH,SEONI,2026-09-24,0.0,1.8,-1.0,NR
MADHYA PRADESH,SEONI,2026-09-25,3.7,2.0,0.86,LE
MADHYA PRADESH,SEONI,2026-09-26,36.4,3.7,8.84,LE
MADHYA PRADESH,SEONI,2026-09-27,0.1,2.9,-0.96,LD
MADHYA PRADESH,SEONI,2026-09-28,0.0,3.2,-1.0,NR
MADHYA PRADESH,SEONI,2026-09-29,0.0,3.6,-1.0,NR
MADHYA PRADESH,SEONI,2026-09-30,0.0,2.1,-1.0,NR
MADHYA PRADESH,SEONI,2026-10-01,0.0,2.2,-1.0,NR
MADHYA PRADESH,SEONI,2026-10-02,0.0,3.2,-1.0,NR
MADHYA PRADESH,SEONI,2026-10-03,0.0,3.6,-1.0,NR
MADHYA PRADESH,SEONI,2026-10-04,0.0,4.2,-1.0,NR
MADHYA PRADESH,SEONI,2026-10-05,0.0,1.6,-1.0,NR
MADHYA PRADESH,SEONI,2026-10-06,0.0,2.5,-1.0,NR
MADHYA PRADESH,SEONI,2026-10-07,2.2,2.0,0.12,N
MADHYA PRADESH,SEONI,2026-10-08,0.0,2.9,-1.0,NR
MADHYA PRADESH,SEONI,2026-10-09,0.0,2.2,-1.0,NR
MADHYA PRADESH,SHAHDOL,2026-08-19,38.3,8.4,3.56,LE
MADHYA PRADESH,SHAHDOL,2026-08-20,35.4,11.8,2.0,LE
MADHYA PRADESH,SHAHDOL,2026-08-21,39.9,13.6,1.93,LE
MADHYA PRADESH,SHAHDOL,2026-08-22,22.4,15.0,0.5,E
MADHYA PRADESH,SHAHDOL,2026-08-23,52.0,9.6,4.42,LE
MADHYA PRADESH,SHAHDOL,2026-08-24,22.4,11.1,1.02,LE
MADHYA PRADESH,SHAHDOL,2026-08-25,7.0,8.1,-0.14,N
MADHYA PRADESH,SHAHDOL,2026-08-26,5.9,9.6,-0.39,D
MADHYA PRADESH,SHAHDOL,2026-08-27,1.3,8.1,-0.84,LD
MADHYA PRADESH,SHAHDOL,2026-08-28,0.1,7.2,-0.98,LD
MADHYA PRADESH,SHAHDOL,2026-08-29,12.0,15.7,-0.24,D
MADHYA PRADESH,SHAHDOL,2026-08-30,44.3,11.6,2.82,LE
MADHYA PRADESH,SHAHDOL,2026-08-31,20.6,7.4,1.78,LE
MADHYA PRADESH,SHAHDOL,2026-09-01,34.7,10.1,2.44,LE
MADHYA PRADESH,SHAHDOL,2026-09-02,22.7,9.4,1.42,LE
MADHYA PRADESH,SHAHDOL,2026-09-03,54.3,7.6,6.14,LE
MADHYA PRADESH,SHAHDOL,2026-09-04,9.3,11.9,-0.22,D
MADHYA PRADESH,SHAHDOL,2026-09-05,0.0,8.0,-1.0,NR
MADHYA PRADESH,SHAHDOL,2026-09-06,0.7,6.8,-0.89,LD
MADHYA PRADESH,SHAHDOL,2026-09-07,0.0,9.2,-1.0,NR
MADHYA PRADESH,SHAHDOL,2026-09-08,0.0,13.3,-1.0,NR
MADHYA PRADESH,SHAHDOL,2026-09-09,0.0,9.0,-1.0,NR
MADHYA PRADESH,SHAHDOL,2026-09-10,0.7,7.5,-0.9,LD
MADHYA PRADESH,SHAHDOL,2026-09-11,7.1,5.1,0.4,E
MADHYA PRADESH,SHAHDOL,2026-09-12,3.9,8.1,-0.52,D
MADHYA PRADESH,SHAHDOL,2026-09-13,2.4,6.9,-0.65,LD
MADHYA PRADESH,SHAHDOL,2026-09-14,0.0,6.8,-1.0,NR
MADHYA PRADESH,SHAHDOL,2026-09-15,0.0,8.4,-1.0,NR
MADHYA PRADESH,SHAHDOL,2026-09-16,3.9,7.1,-0.46,D
MADHYA PRADESH,SHAHDOL,2026-09-17,1.6,4.5,-0.65,LD
MADHYA PRADESH,SHAHDOL,2026-09-18,4.3,7.8,-0.45,D
MADHYA PRADESH,SHAHDOL,2026-09-19,1.6,4.9,-0.68,LD
MADHYA PRADESH,SHAHDOL,2026-09-20,7.3,3.9,0.87,LE
MADHYA PRADESH,SHAHDOL,2026-09-21,9.1,4.7,0.95,LE
MADHYA PRADESH,SHAHDOL,2026-09-22,6.3,3.8,0.65,LE
MADHYA PRADESH,SHAHDOL,2026-09-23,8.4,3.8,1.22,LE
MADHYA PRADESH,SHAHDOL,2026-09-24,7.0,2.5,1.8,LE
MADHYA PRADESH,SHAHDOL,2026-09-25,17.3,3.0,4.76,LE
MADHYA PRADESH,SHAHDOL,2026-09-26,35.4,2.6,12.63,LE
MADHYA PRADESH,SHAHDOL,2026-09-27,8.6,4.3,0.99,LE
MADHYA PRADESH,SHAHDOL,2026-09-28,0.0,2.5,-1.0,NR
MADHYA PRADESH,SHAHDOL,2026-09-29,0.0,3.9,-1.0,NR
MADHYA PRADESH,SHAHDOL,2026-09-30,0.0,1.5,-1.0,NR
MADHYA PRADESH,SHAHDOL,2026-10-01,0.0,0.8,-1.0,NR
MADHYA PRADESH,SHAHDOL,2026-10-02,0.0,2.5,-1.0,NR
MADHYA PRADESH,SHAHDOL,2026-10-03,0.0,2.8,-1.0,NR
MADHYA PRADESH,SHAHDOL,2026-10-04,0.0,3.4,-1.0,NR
MADHYA PRADESH,SHAHDOL,2026-10-05,0.0,1.6,-1.0,NR
MADHYA PRADESH,SHAHDOL,2026-10-06,0.0,0.9,-1.0,NR
MADHYA PRADESH,SHAHDOL,2026-10-07,0.0,2.3,-1.0,NR
MADHYA PRADESH,SHAHDOL,2026-10-08,0.0,5.0,-1.0,NR
MADHYA PRADESH,SHAHDOL,2026-10-09,0.0,0.9,-1.0,NR
MADHYA PRADESH,SHAJAPUR,2026-08-19,0.1,14.1,-0.99,LD
MADHYA PRADESH,SHAJAPUR,2026-08-20,0.0,13.7,-1.0,NR
MADHYA PRADESH,SHAJAPUR,2026-08-21,0.0,11.3,-1.0,NR
MADHYA PRADESH,SHAJAPUR,2026-08-22,0.6,7.0,-0.92,LD
MADHYA PRADESH,SHAJAPUR,2026-08-23,0.1,14.4,-0.99,LD
MADHYA PRADESH,SHAJAPUR,2026-08-24,0.0,14.1,-1.0,NR
MADHYA PRADESH,SHAJAPUR,2026-08-25,1.9,8.2,-0.77,LD
MADHYA PRADESH,SHAJAPUR,2026-08-26,11.1,6.7,0.66,LE
MADHYA PRADESH,SHAJAPUR,2026-08-27,38.6,8.0,3.82,LE
MADHYA PRADESH,SHAJAPUR,2026-08-28,5.9,7.8,-0.25,D
MADHYA PRADESH,SHAJAPUR,2026-08-29,0.0,8.1,-1.0,NR
MADHYA PRADESH,SHAJAPUR,2026-08-30,0.0,14.2,-1.0,NR
MADHYA PRADESH,SHAJAPUR,2026-08-31,0.0,10.8,-1.0,NR
MADHYA PRADESH,SHAJAPUR,2026-09-01,0.0,11.0,-1.0,NR
MADHYA PRADESH,SHAJAPUR,2026-09-02,0.0,8.3,-1.0,NR
MADHYA PRADESH,SHAJAPUR,2026-09-03,0.0,12.1,-1.0,NR
MADHYA PRADESH,SHAJAPUR,2026-09-04,23.6,6.6,2.57,LE
MADHYA PRADESH,SHAJAPUR,2026-09-05,36.3,4.9,6.41,LE
MADHYA PRADESH,SHAJAPUR,2026-09-06,12.4,8.9,0.4,E
MADHYA PRADESH,SHAJAPUR,2026-09-07,13.4,6.8,0.97,LE
MADHYA PRADESH,SHAJAPUR,2026-09-08,7.0,3.3,1.12,LE
MADHYA PRADESH,SHAJAPUR,2026-09-09,0.0,4.6,-1.0,NR
MADHYA PRADESH,SHAJAPUR,2026-09-10,0.0,2.9,-1.0,NR
MADHYA PRADESH,SHAJAPUR,2026-09-11,0.0,3.3,-1.0,NR
MADHYA PRADESH,SHAJAPUR,2026-09-12,3.6,3.9,-0.08,N
MADHYA PRADESH,SHAJAPUR,2026-09-13,7.3,2.7,1.7,LE
MADHYA PRADESH,SHAJAPUR,2026-09-14,11.1,4.7,1.37,LE
MADHYA PRADESH,SHAJAPUR,2026-09-15,2.7,6.0,-0.55,D
MADHYA PRADESH,SHAJAPUR,2026-09-16,0.0,7.5,-1.0,NR
MADHYA PRADESH,SHAJAPUR,2026-09-17,0.3,1.0,-0.71,LD
MADHYA PRADESH,SHAJAPUR,2026-09-18,1.3,2.7,-0.52,D
MADHYA PRADESH,SHAJAPUR,2026-09-19,16.6,2.0,7.29,LE
MADHYA PRADESH,SHAJAPUR,2026-09-20,4.6,4.6,-0.01,N
MADHYA PRADESH,SHAJAPUR,2026-09-21,1.1,3.2,-0.64,LD
MADHYA PRADESH,SHAJAPUR,2026-09-22,0.7,4.0,-0.82,LD
MADHYA PRADESH,SHAJAPUR,2026-09-23,0.0,12.4,-1.0,NR
MADHYA PRADESH,SHAJAPUR,2026-09-24,0.0,6.2,-1.0,NR
MADHYA PRADESH,SHAJAPUR,2026-09-25,0.0,1.0,-1.0,NR
MADHYA PRADESH,SHAJAPUR,2026-09-26,0.0,1.7,-1.0,NR
MADHYA PRADESH,SHAJAPUR,2026-09-27,0.0,2.4,-1.0,NR
MADHYA PRADESH,SHAJAPUR,2026-09-28,0.0,1.4,-1.0,NR
MADHYA PRADESH,SHAJAPUR,2026-09-29,0.0,3.3,-1.0,NR
MADHYA PRADESH,SHAJAPUR,2026-09-30,0.0,1.7,-1.0,NR
MADHYA PRADESH,SHAJAPUR,2026-10-01,0.0,0.8,-1.0,NR
MADHYA PRADESH,SHAJAPUR,2026-10-02,0.0,0.5,-1.0,NR
MADHYA PRADESH,SHAJAPUR,2026-10-03,0.0,1.5,-1.0,NR
MADHYA PRADESH,SHAJAPUR,2026-10-04,0.0,3.1,-1.0,NR
MADHYA PRADESH,SHAJAPUR,2026-10-05,0.0,2.3,-1.0,NR
MADHYA PRADESH,SHAJAPUR,2026-10-06,0.0,0.7,-1.0,NR
MADHYA PRADESH,SHAJAPUR,2026-10-07,0.0,1.0,-1.0,NR
MADHYA PRADESH,SHAJAPUR,2026-10-08,0.0,0.7,-1.0,NR
MADHYA PRADESH,SHAJAPUR,2026-10-09,0.0,1.7,-1.0,NR
MADHYA PRADESH,SHEOPUR,2026-08-19,0.0,8.7,-1.0,NR
MADHYA PRADESH,SHEOPUR,2026-08-20,0.0,8.2,-1.0,NR
MADHYA PRADESH,SHEOPUR,2026-08-21,0.0,9.5,-1.0,NR
MADHYA PRADESH,SHEOPUR,2026-08-22,2.0,9.6,-0.79,LD
MADHYA PRADESH,SHEOPUR,2026-08-23,0.0,7.2,-1.0,NR
MADHYA PRADESH,SHEOPUR,2026-08-24,12.5,8.7,0.43,E
MADHYA PRADESH,SHEOPUR,2026-08-25,8.4,6.8,0.24,E
MADHYA PRADESH,SHEOPUR,2026-08-26,7.3,4.9,0.48,E
MADHYA PRADESH,SHEOPUR,2026-08-27,30.6,5.7,4.37,LE
MADHYA PRADESH,SHEOPUR,2026-08-28,22.2,3.2,5.93,LE
MADHYA PRADESH,SHEOPUR,2026-08-29,2.6,5.9,-0.56,D
MADHYA PRADESH,SHEOPUR,2026-08-30,0.0,6.2,-1.0,NR
MADHYA PRADESH,SHEOPUR,2026-08-31,0.0,5.3,-1.0,NR
MADHYA PRADESH,SHEOPUR,2026-09-01,0.0,7.1,-1.0,NR
MADHYA PRADESH,SHEOPUR,2026-09-02,0.0,4.3,-1.0,NR
MADHYA PRADESH,SHEOPUR,2026-09-03,9.4,3.3,1.85,LE
MADHYA PRADESH,SHEOPUR,2026-09-04,45.6,5.3,7.6,LE
MADHYA PRADESH,SHEOPUR,2026-09-05,78.2,5.0,14.64,LE
MADHYA PRADESH,SHEOPUR,2026-09-06,39.2,5.0,6.84,LE
MADHYA PRADESH,SHEOPUR,2026-09-07,20.8,2.8,6.44,LE
MADHYA PRADESH,SHEOPUR,2026-09-08,0.6,4.0,-0.85,LD
MADHYA PRADESH,SHEOPUR,2026-09-09,0.0,3.9,-1.0,NR
MADHYA PRADESH,SHEOPUR,2026-09-10,0.0,5.3,-1.0,NR
MADHYA PRADESH,SHEOPUR,2026-09-11,0.0,4.0,-1.0,NR
MADHYA PRADESH,SHEOPUR,2026-09-12,11.5,5.0,1.3,LE
MADHYA PRADESH,SHEOPUR,2026-09-13,1.0,1.4,-0.29,D
MADHYA PRADESH,SHEOPUR,2026-09-14,0.0,1.4,-1.0,NR
MADHYA PRADESH,SHEOPUR,2026-09-15,4.6,5.6,-0.18,N
MADHYA PRADESH,SHEOPUR,2026-09-16,0.0,5.9,-1.0,NR
MADHYA PRADESH,SHEOPUR,2026-09-17,0.0,4.1,-1.0,NR
MADHYA PRADESH,SHEOPUR,2026-09-18,17.6,1.8,8.8,LE
MADHYA PRADESH,SHEOPUR,2026-09-19,1.8,2.8,-0.36,D
MADHYA PRADESH,SHEOPUR,2026-09-20,0.6,1.8,-0.67,LD
MADHYA PRADESH,SHEOPUR,2026-09-21,0.4,0.8,-0.5,D
MADHYA PRADESH,SHEOPUR,2026-09-22,0.0,1.2,-1.0,NR
MADHYA PRADESH,SHEOPUR,2026-09-23,0.0,3.2,-1.0,NR
MADHYA PRADESH,SHEOPUR,2026-09-24,0.0,2.3,-1.0,NR
MADHYA PRADESH,SHEOPUR,2026-09-25,0.0,1.2,-1.0,NR
MADHYA PRADESH,SHEOPUR,2026-09-26,0.0,0.9,-1.0,NR
MADHYA PRADESH,SHEOPUR,2026-09-27,0.0,0.1,-1.0,NR
MADHYA PRADESH,SHEOPUR,2026-09-28,0.0,0.6,-1.0,NR
MADHYA PRADESH,SHEOPUR,2026-09-29,4.4,0.1,43.0,LE
MADHYA PRADESH,SHEOPUR,2026-09-30,0.0,0.7,-1.0,NR
MADHYA PRADESH,SHEOPUR,2026-10-01,2.8,0.2,13.0,LE
MADHYA PRADESH,SHEOPUR,2026-10-02,0.0,0.1,-1.0,NR
MADHYA PRADESH,SHEOPUR,2026-10-03,0.0,0.2,-1.0,NR
MADHYA PRADESH,SHEOPUR,2026-10-04,0.0,1.8,-1.0,NR
MADHYA PRADESH,SHEOPUR,2026-10-05,0.0,2.2,-1.0,NR
MADHYA PRADESH,SHEOPUR,2026-10-06,0.0,1.8,-1.0,NR
MADHYA PRADESH,SHEOPUR,2026-10-07,0.0,0.5,-1.0,NR
MADHYA PRADESH,SHEOPUR,2026-10-08,0.0,0.7,-1.0,NR
MADHYA PRADESH,SHEOPUR,2026-10-09,0.0,1.0,-1.0,NR
MADHYA PRADESH,SHIVPURI,2026-08-19,2.4,8.3,-0.72,LD
MADHYA PRADESH,SHIVPURI,2026-08-20,5.0,6.1,-0.18,N
MADHYA PRADESH,SHIVPURI,2026-08-21,5.9,7.4,-0.2,D
MADHYA PRADESH,SHIVPURI,2026-08-22,5.7,10.4,-0.45,D
MADHYA PRADESH,SHIVPURI,2026-08-23,6.4,7.0,-0.08,N
MADHYA PRADESH,SHIVPURI,2026-08-24,45.2,9.1,3.97,LE
MADHYA PRADESH,SHIVPURI,2026-08-25,0.8,11.3,-0.93,LD
MADHYA PRADESH,SHIVPURI,2026-08-26,13.9,5.5,1.53,LE
MADHYA PRADESH,SHIVPURI,2026-08-27,25.4,5.9,3.3,LE
MADHYA PRADESH,SHIVPURI,2026-08-28,46.7,6.2,6.53,LE
MADHYA PRADESH,SHIVPURI,2026-08-29,16.7,7.8,1.15,LE
MADHYA PRADESH,SHIVPURI,2026-08-30,0.0,8.4,-1.0,NR
MADHYA PRADESH,SHIVPURI,2026-08-31,0.0,6.5,-1.0,NR
MADHYA PRADESH,SHIVPURI,2026-09-01,1.0,5.6,-0.82,LD
MADHYA PRADESH,SHIVPURI,2026-09-02,1.9,9.0,-0.79,LD
MADHYA PRADESH,SHIVPURI,2026-09-03,8.3,6.1,0.37,E
MADHYA PRADESH,SHIVPURI,2026-09-04,62.9,7.4,7.5,LE
MADHYA PRADESH,SHIVPURI,2026-09-05,82.1,8.9,8.22,LE
MADHYA PRADESH,SHIVPURI,2026-09-06,24.0,7.2,2.33,LE
MADHYA PRADESH,SHIVPURI,2026-09-07,33.9,4.3,6.89,LE
MADHYA PRADESH,SHIVPURI,2026-09-08,2.0,4.4,-0.55,D
MADHYA PRADESH,SHIVPURI,2026-09-09,0.9,5.9,-0.85,LD
MADHYA PRADESH,SHIVPURI,2026-09-10,0.0,8.0,-1.0,NR
MADHYA PRADESH,SHIVPURI,2026-09-11,0.0,6.2,-1.0,NR
MADHYA PRADESH,SHIVPURI,2026-09-12,26.5,4.1,5.47,LE
MADHYA PRADESH,SHIVPURI,2026-09-13,2.5,5.2,-0.51,D
MADHYA PRADESH,SHIVPURI,2026-09-14,0.7,4.5,-0.84,LD
MADHYA PRADESH,SHIVPURI,2026-09-15,6.2,4.6,0.35,E
MADHYA PRADESH,SHIVPURI,2026-09-16,1.1,5.6,-0.8,LD
MADHYA PRADESH,SHIVPURI,2026-09-17,0.0,5.2,-1.0,NR
MADHYA PRADESH,SHIVPURI,2026-09-18,9.4,4.6,1.05,LE
MADHYA PRADESH,SHIVPURI,2026-09-19,4.3,3.2,0.35,E
MADHYA PRADESH,SHIVPURI,2026-09-20,2.3,2.7,-0.14,N
MADHYA PRADESH,SHIVPURI,2026-09-21,0.1,2.8,-0.96,LD
MADHYA PRADESH,SHIVPURI,2026-09-22,2.8,4.8,-0.42,D
MADHYA PRADESH,SHIVPURI,2026-09-23,0.0,2.5,-1.0,NR
MADHYA PRADESH,SHIVPURI,2026-09-24,0.0,1.8,-1.0,NR
MADHYA PRADESH,SHIVPURI,2026-09-25,0.0,1.2,-1.0,NR
MADHYA PRADESH,SHIVPURI,2026-09-26,3.3,0.2,15.5,LE
MADHYA PRADESH,SHIVPURI,2026-09-27,0.0,0.7,-1.0,NR
MADHYA PRADESH,SHIVPURI,2026-09-28,0.0,1.8,-1.0,NR
MADHYA PRADESH,SHIVPURI,2026-09-29,4.2,0.9,3.69,LE
MADHYA PRADESH,SHIVPURI,2026-09-30,0.0,0.8,-1.0,NR
MADHYA PRADESH,SHIVPURI,2026-10-01,0.0,0.5,-1.0,NR
MADHYA PRADESH,SHIVPURI,2026-10-02,0.0,1.0,-1.0,NR
MADHYA PRADESH,SHIVPURI,2026-10-03,0.0,1.5,-1.0,NR
MADHYA PRADESH,SHIVPURI,2026-10-04,0.0,3.3,-1.0,NR
MADHYA PRADESH,SHIVPURI,2026-10-05,0.0,2.5,-1.0,NR
MADHYA PRADESH,SHIVPURI,2026-10-06,0.0,3.2,-1.0,NR
MADHYA PRADESH,SHIVPURI,2026-10-07,0.0,1.1,-1.0,NR
MADHYA PRADESH,SHIVPURI,2026-10-08,0.0,1.2,-1.0,NR
MADHYA PRADESH,SHIVPURI,2026-10-09,0.0,2.1,-1.0,NR
MADHYA PRADESH,SIDHI,2026-08-19,43.7,11.5,2.8,LE
MADHYA PRADESH,SIDHI,2026-08-20,66.3,11.8,4.62,LE
MADHYA PRADESH,SIDHI,2026-08-21,3.5,14.9,-0.76,LD
MADHYA PRADESH,SIDHI,2026-08-22,7.5,11.8,-0.36,D
MADHYA PRADESH,SIDHI,2026-08-23,14.0,12.2,0.15,N
MADHYA PRADESH,SIDHI,2026-08-24,16.9,13.0,0.3,E
MADHYA PRADESH,SIDHI,2026-08-25,26.9,6.1,3.41,LE
MADHYA PRADESH,SIDHI,2026-08-26,2.5,8.4,-0.7,LD
MADHYA PRADESH,SIDHI,2026-08-27,2.2,6.3,-0.65,LD
MADHYA PRADESH,SIDHI,2026-08-28,8.2,11.8,-0.31,D
MADHYA PRADESH,SIDHI,2026-08-29,7.0,15.0,-0.54,D
MADHYA PRADESH,SIDHI,2026-08-30,14.3,8.8,0.62,LE
MADHYA PRADESH,SIDHI,2026-08-31,31.5,13.2,1.38,LE
MADHYA PRADESH,SIDHI,2026-09-01,23.2,20.2,0.15,N
MADHYA PRADESH,SIDHI,2026-09-02,40.5,8.8,3.6,LE
MADHYA PRADESH,SIDHI,2026-09-03,56.0,12.4,3.51,LE
MADHYA PRADESH,SIDHI,2026-09-04,1.6,8.2,-0.81,LD
MADHYA PRADESH,SIDHI,2026-09-05,0.0,9.9,-1.0,NR
MADHYA PRADESH,SIDHI,2026-09-06,0.0,7.2,-1.0,NR
MADHYA PRADESH,SIDHI,2026-09-07,0.0,11.9,-1.0,NR
MADHYA PRADESH,SIDHI,2026-09-08,0.4,12.7,-0.97,LD
MADHYA PRADESH,SIDHI,2026-09-09,0.2,14.1,-0.99,LD
MADHYA PRADESH,SIDHI,2026-09-10,10.9,11.9,-0.09,N
MADHYA PRADESH,SIDHI,2026-09-11,24.4,11.8,1.07,LE
MADHYA PRADESH,SIDHI,2026-09-12,8.7,7.3,0.19,E
MADHYA PRADESH,SIDHI,2026-09-13,4.0,5.5,-0.27,D
MADHYA PRADESH,SIDHI,2026-09-14,0.2,11.5,-0.98,LD
MADHYA PRADESH,SIDHI,2026-09-15,0.0,9.0,-1.0,NR
MADHYA PRADESH,SIDHI,2026-09-16,0.0,8.3,-1.0,NR
MADHYA PRADESH,SIDHI,2026-09-17,0.9,4.4,-0.8,LD
MADHYA PRADESH,SIDHI,2026-09-18,7.3,9.0,-0.19,D
MADHYA PRADESH,SIDHI,2026-09-19,2.7,4.5,-0.4,D
MADHYA PRADESH,SIDHI,2026-09-20,10.3,4.6,1.24,LE
MADHYA PRADESH,SIDHI,2026-09-21,6.0,5.5,0.1,N
MADHYA PRADESH,SIDHI,2026-09-22,2.5,2.9,-0.12,N
MADHYA PRADESH,SIDHI,2026-09-23,0.6,2.7,-0.79,LD
MADHYA PRADESH,SIDHI,2026-09-24,14.5,5.3,1.73,LE
MADHYA PRADESH,SIDHI,2026-09-25,19.4,4.9,2.97,LE
MADHYA PRADESH,SIDHI,2026-09-26,16.3,4.9,2.32,LE
MADHYA PRADESH,SIDHI,2026-09-27,4.8,3.6,0.33,E
MADHYA PRADESH,SIDHI,2026-09-28,0.0,2.3,-1.0,NR
MADHYA PRADESH,SIDHI,2026-09-29,0.0,3.7,-1.0,NR
MADHYA PRADESH,SIDHI,2026-09-30,0.0,3.8,-1.0,NR
MADHYA PRADESH,SIDHI,2026-10-01,0.0,3.2,-1.0,NR
MADHYA PRADESH,SIDHI,2026-10-02,1.9,0.8,1.32,LE
MADHYA PRADESH,SIDHI,2026-10-03,0.0,3.7,-1.0,NR
MADHYA PRADESH,SIDHI,2026-10-04,0.0,4.4,-1.0,NR
MADHYA PRADESH,SIDHI,2026-10-05,0.0,6.1,-1.0,NR
MADHYA PRADESH,SIDHI,2026-10-06,0.0,2.4,-1.0,NR
MADHYA PRADESH,SIDHI,2026-10-07,0.0,1.3,-1.0,NR
MADHYA PRADESH,SIDHI,2026-10-08,0.2,2.4,-0.93,LD
MADHYA PRADESH,SIDHI,2026-10-09,0.0,1.0,-1.0,NR
MADHYA PRADESH,SINGRAULI,2026-08-19,63.4,15.4,3.11,LE
MADHYA PRADESH,SINGRAULI,2026-08-20,15.1,12.5,0.21,E
MADHYA PRADESH,SINGRAULI,2026-08-21,2.3,11.7,-0.8,LD
MADHYA PRADESH,SINGRAULI,2026-08-22,4.3,10.2,-0.58,D
MADHYA PRADESH,SINGRAULI,2026-08-23,18.6,13.1,0.42,E
MADHYA PRADESH,SINGRAULI,2026-08-24,8.2,11.1,-0.26,D
MADHYA PRADESH,SINGRAULI,2026-08-25,48.5,6.3,6.7,LE
MADHYA PRADESH,SINGRAULI,2026-08-26,0.6,6.3,-0.9,LD
MADHYA PRADESH,SINGRAULI,2026-08-27,0.0,8.3,-1.0,NR
MADHYA PRADESH,SINGRAULI,2026-08-28,3.3,9.6,-0.66,LD
MADHYA PRADESH,SINGRAULI,2026-08-29,12.6,12.8,-0.02,N
MADHYA PRADESH,SINGRAULI,2026-08-30,6.8,10.9,-0.37,D
MADHYA PRADESH,SINGRAULI,2026-08-31,53.6,12.1,3.43,LE
MADHYA PRADESH,SINGRAULI,2026-09-01,31.2,7.7,3.05,LE
MADHYA PRADESH,SINGRAULI,2026-09-02,33.4,7.2,3.64,LE
MADHYA PRADESH,SINGRAULI,2026-09-03,47.4,7.3,5.49,LE
MADHYA PRADESH,SINGRAULI,2026-09-04,1.1,5.6,-0.8,LD
MADHYA PRADESH,SINGRAULI,2026-09-05,0.5,10.7,-0.95,LD
MADHYA PRADESH,SINGRAULI,2026-09-06,0.0,11.6,-1.0,NR
MADHYA PRADESH,SINGRAULI,2026-09-07,0.0,7.5,-1.0,NR
MADHYA PRADESH,SINGRAULI,2026-09-08,0.0,8.2,-1.0,NR
MADHYA PRADESH,SINGRAULI,2026-09-09,4.3,9.9,-0.57,D
MADHYA PRADESH,SINGRAULI,2026-09-10,21.5,8.4,1.56,LE
MADHYA PRADESH,SINGRAULI,2026-09-11,17.5,7.6,1.3,LE
MADHYA PRADESH,SINGRAULI,2026-09-12,10.0,5.5,0.81,LE
MADHYA PRADESH,SINGRAULI,2026-09-13,2.7,7.3,-0.63,LD
MADHYA PRADESH,SINGRAULI,2026-09-14,0.0,8.9,-1.0,NR
MADHYA PRADESH,SINGRAULI,2026-09-15,0.0,9.4,-1.0,NR
MADHYA PRADESH,SINGRAULI,2026-09-16,0.8,8.3,-0.9,LD
MADHYA PRADESH,SINGRAULI,2026-09-17,9.9,6.3,0.57,E
MADHYA PRADESH,SINGRAULI,2026-09-18,5.3,6.5,-0.18,N
MADHYA PRADESH,SINGRAULI,2026-09-19,3.6,4.9,-0.26,D
MADHYA PRADESH,SINGRAULI,2026-09-20,8.2,4.1,1.01,LE
MADHYA PRADESH,SINGRAULI,2026-09-21,10.5,5.5,0.92,LE
MADHYA PRADESH,SINGRAULI,2026-09-22,2.9,6.0,-0.52,D
MADHYA PRADESH,SINGRAULI,2026-09-23,0.0,4.5,-1.0,NR
MADHYA PRADESH,SINGRAULI,2026-09-24,10.4,2.5,3.14,LE
MADHYA PRADESH,SINGRAULI,2026-09-25,21.1,4.0,4.28,LE
MADHYA PRADESH,SINGRAULI,2026-09-26,14.6,2.9,4.05,LE
MADHYA PRADESH,SINGRAULI,2026-09-27,9.7,3.2,2.02,LE
MADHYA PRADESH,SINGRAULI,2026-09-28,0.0,3.8,-1.0,NR
MADHYA PRADESH,SINGRAULI,2026-09-29,0.0,1.8,-1.0,NR
MADHYA PRADESH,SINGRAULI,2026-09-30,0.4,2.4,-0.83,LD
MADHYA PRADESH,SINGRAULI,2026-10-01,0.0,1.8,-1.0,NR
MADHYA PRADESH,SINGRAULI,2026-10-02,0.0,2.0,-1.0,NR
MADHYA PRADESH,SINGRAULI,2026-10-03,0.0,4.2,-1.0,NR
MADHYA PRADESH,SINGRAULI,2026-10-04,0.0,5.2,-1.0,NR
MADHYA PRADESH,SINGRAULI,2026-10-05,0.0,2.8,-1.0,NR
MADHYA PRADESH,SINGRAULI,2026-10-06,3.4,2.0,0.71,LE
MADHYA PRADESH,SINGRAULI,2026-10-07,2.0,2.3,-0.13,N
MADHYA PRADESH,SINGRAULI,2026-10-08,0.0,2.1,-1.0,NR
MADHYA PRADESH,SINGRAULI,2026-10-09,0.9,1.4,-0.37,D
MADHYA PRADESH,TIKAMGARH,2026-08-19,0.1,9.7,-0.99,LD
MADHYA PRADESH,TIKAMGARH,2026-08-20,28.6,7.3,2.92,LE
MADHYA PRADESH,TIKAMGARH,2026-08-21,38.2,8.1,3.72,LE
MADHYA PRADESH,TIKAMGARH,2026-08-22,19.0,11.1,0.71,LE
MADHYA PRADESH,TIKAMGARH,2026-08-23,32.2,10.4,2.1,LE
MADHYA PRADESH,TIKAMGARH,2026-08-24,18.1,9.1,0.99,LE
MADHYA PRADESH,TIKAMGARH,2026-08-25,5.4,7.2,-0.25,D
MADHYA PRADESH,TIKAMGARH,2026-08-26,38.1,4.7,7.11,LE
MADHYA PRADESH,TIKAMGARH,2026-08-27,67.2,13.1,4.13,LE
MADHYA PRADESH,TIKAMGARH,2026-08-28,39.1,15.8,1.48,LE
MADHYA PRADESH,TIKAMGARH,2026-08-29,3.5,7.6,-0.54,D
MADHYA PRADESH,TIKAMGARH,2026-08-30,0.0,8.0,-1.0,NR
MADHYA PRADESH,TIKAMGARH,2026-08-31,0.0,5.4,-1.0,NR
MADHYA PRADESH,TIKAMGARH,2026-09-01,0.0,3.6,-1.0,NR
MADHYA PRADESH,TIKAMGARH,2026-09-02,0.0,11.9,-1.0,NR
MADHYA PRADESH,TIKAMGARH,2026-09-03,25.9,7.8,2.32,LE
MADHYA PRADESH,TIKAMGARH,2026-09-04,76.1,11.6,5.56,LE
MADHYA PRADESH,TIKAMGARH,2026-09-05,3.1,7.2,-0.57,D
MADHYA PRADESH,TIKAMGARH,2026-09-06,12.2,5.2,1.36,LE
MADHYA PRADESH,TIKAMGARH,2026-09-07,2.5,3.9,-0.36,D
MADHYA PRADESH,TIKAMGARH,2026-09-08,0.5,4.1,-0.88,LD
MADHYA PRADESH,TIKAMGARH,2026-09-09,0.0,10.3,-1.0,NR
MADHYA PRADESH,TIKAMGARH,2026-09-10,0.0,7.7,-1.0,NR
MADHYA PRADESH,TIKAMGARH,2026-09-11,15.4,6.1,1.52,LE
MADHYA PRADESH,TIKAMGARH,2026-09-12,22.1,4.6,3.81,LE
MADHYA PRADESH,TIKAMGARH,2026-09-13,0.6,5.9,-0.89,LD
MADHYA PRADESH,TIKAMGARH,2026-09-14,3.8,4.2,-0.11,N
MADHYA PRADESH,TIKAMGARH,2026-09-15,0.1,6.6,-0.98,LD
MADHYA PRADESH,TIKAMGARH,2026-09-16,0.0,4.8,-1.0,NR
MADHYA PRADESH,TIKAMGARH,2026-09-17,0.1,5.0,-0.98,LD
MADHYA PRADESH,TIKAMGARH,2026-09-18,14.9,4.5,2.31,LE
MADHYA PRADESH,TIKAMGARH,2026-09-19,0.0,3.6,-1.0,NR
MADHYA PRADESH,TIKAMGARH,2026-09-20,1.9,3.4,-0.45,D
MADHYA PRADESH,TIKAMGARH,2026-09-21,0.0,3.1,-1.0,NR
MADHYA PRADESH,TIKAMGARH,2026-09-22,0.0,1.8,-1.0,NR
MADHYA PRADESH,TIKAMGARH,2026-09-23,0.0,2.9,-1.0,NR
MADHYA PRADESH,TIKAMGARH,2026-09-24,2.8,2.9,-0.05,N
MADHYA PRADESH,TIKAMGARH,2026-09-25,6.6,3.1,1.14,LE
MADHYA PRADESH,TIKAMGARH,2026-09-26,28.4,3.1,8.15,LE
MADHYA PRADESH,TIKAMGARH,2026-09-27,9.4,2.2,3.26,LE
MADHYA PRADESH,TIKAMGARH,2026-09-28,0.0,3.1,-1.0,NR
MADHYA PRADESH,TIKAMGARH,2026-09-29,4.0,1.2,2.33,LE
MADHYA PRADESH,TIKAMGARH,2026-09-30,0.0,1.2,-1.0,NR
MADHYA PRADESH,TIKAMGARH,2026-10-01,0.0,0.0,-1.0,NR
MADHYA PRADESH,TIKAMGARH,2026-10-02,0.0,2.0,-1.0,NR
MADHYA PRADESH,TIKAMGARH,2026-10-03,0.0,1.2,-1.0,NR
MADHYA PRADESH,TIKAMGARH,2026-10-04,0.0,2.3,-1.0,NR
MADHYA PRADESH,TIKAMGARH,2026-10-05,0.0,3.8,-1.0,NR
MADHYA PRADESH,TIKAMGARH,2026-10-06,0.0,2.1,-1.0,NR
MADHYA PRADESH,TIKAMGARH,2026-10-07,0.0,0.8,-1.0,NR
MADHYA PRADESH,TIKAMGARH,2026-10-08,0.0,1.5,-1.0,NR
MADHYA PRADESH,TIKAMGARH,2026-10-09,0.0,1.5,-1.0,NR
MADHYA PRADESH,UJJAIN,2026-08-19,0.0,14.3,-1.0,NR
MADHYA PRADESH,UJJAIN,2026-08-20,0.0,13.4,-1.0,NR
MADHYA PRADESH,UJJAIN,2026-08-21,0.0,8.9,-1.0,NR
MADHYA PRADESH,UJJAIN,2026-08-22,0.0,5.6,-1.0,NR
MADHYA PRADESH,UJJAIN,2026-08-23,0.0,10.4,-1.0,NR
MADHYA PRADESH,UJJAIN,2026-08-24,0.0,13.8,-1.0,NR
MADHYA PRADESH,UJJAIN,2026-08-25,4.2,10.2,-0.59,D
MADHYA PRADESH,UJJAIN,2026-08-26,19.1,7.4,1.58,LE
MADHYA PRADESH,UJJAIN,2026-08-27,0.8,8.8,-0.91,LD
MADHYA PRADESH,UJJAIN,2026-08-28,0.0,6.6,-1.0,NR
MADHYA PRADESH,UJJAIN,2026-08-29,0.0,10.9,-1.0,NR
MADHYA PRADESH,UJJAIN,2026-08-30,0.0,19.5,-1.0,NR
MADHYA PRADESH,UJJAIN,2026-08-31,0.1,12.7,-1.0,LD
MADHYA PRADESH,UJJAIN,2026-09-01,0.0,10.1,-1.0,NR
MADHYA PRADESH,UJJAIN,2026-09-02,0.6,6.6,-0.92,LD
MADHYA PRADESH,UJJAIN,2026-09-03,0.0,8.5,-1.0,NR
MADHYA PRADESH,UJJAIN,2026-09-04,13.8,7.6,0.81,LE
MADHYA PRADESH,UJJAIN,2026-09-05,13.3,5.2,1.56,LE
MADHYA PRADESH,UJJAIN,2026-09-06,12.8,10.3,0.24,E
MADHYA PRADESH,UJJAIN,2026-09-07,2.0,8.5,-0.76,LD
MADHYA PRADESH,UJJAIN,2026-09-08,0.0,3.9,-1.0,NR
MADHYA PRADESH,UJJAIN,2026-09-09,0.0,2.9,-1.0,NR
MADHYA PRADESH,UJJAIN,2026-09-10,0.0,2.5,-1.0,NR
MADHYA PRADESH,UJJAIN,2026-09-11,0.0,5.5,-1.0,NR
MADHYA PRADESH,UJJAIN,2026-09-12,0.8,5.0,-0.84,LD
MADHYA PRADESH,UJJAIN,2026-09-13,23.0,3.8,5.06,LE
MADHYA PRADESH,UJJAIN,2026-09-14,12.9,7.5,0.72,LE
MADHYA PRADESH,UJJAIN,2026-09-15,7.9,4.7,0.68,LE
MADHYA PRADESH,UJJAIN,2026-09-16,0.0,5.5,-1.0,NR
MADHYA PRADESH,UJJAIN,2026-09-17,0.0,3.6,-1.0,NR
MADHYA PRADESH,UJJAIN,2026-09-18,0.8,2.2,-0.65,LD
MADHYA PRADESH,UJJAIN,2026-09-19,13.5,2.0,5.74,LE
MADHYA PRADESH,UJJAIN,2026-09-20,1.7,4.2,-0.6,LD
MADHYA PRADESH,UJJAIN,2026-09-21,0.4,4.4,-0.9,LD
MADHYA PRADESH,UJJAIN,2026-09-22,0.0,5.4,-1.0,NR
MADHYA PRADESH,UJJAIN,2026-09-23,0.0,6.3,-1.0,NR
MADHYA PRADESH,UJJAIN,2026-09-24,0.0,3.4,-1.0,NR
MADHYA PRADESH,UJJAIN,2026-09-25,0.0,2.3,-1.0,NR
MADHYA PRADESH,UJJAIN,2026-09-26,0.0,2.3,-1.0,NR
MADHYA PRADESH,UJJAIN,2026-09-27,0.0,1.6,-1.0,NR
MADHYA PRADESH,UJJAIN,2026-09-28,0.0,1.4,-1.0,NR
MADHYA PRADESH,UJJAIN,2026-09-29,0.0,2.3,-1.0,NR
MADHYA PRADESH,UJJAIN,2026-09-30,0.0,1.5,-1.0,NR
MADHYA PRADESH,UJJAIN,2026-10-01,0.0,0.8,-1.0,NR
MADHYA PRADESH,UJJAIN,2026-10-02,0.0,1.1,-1.0,NR
MADHYA PRADESH,UJJAIN,2026-10-03,0.0,1.6,-1.0,NR
MADHYA PRADESH,UJJAIN,2026-10-04,0.0,2.6,-1.0,NR
MADHYA PRADESH,UJJAIN,2026-10-05,0.0,2.4,-1.0,NR
MADHYA PRADESH,UJJAIN,2026-10-06,0.0,1.2,-1.0,NR
MADHYA PRADESH,UJJAIN,2026-10-07,0.0,1.2,-1.0,NR
MADHYA PRADESH,UJJAIN,2026-10-08,0.0,1.1,-1.0,NR
MADHYA PRADESH,UJJAIN,2026-10-09,0.0,2.1,-1.0,NR
MADHYA PRADESH,UMARIA,2026-08-19,61.6,11.4,4.4,LE
MADHYA PRADESH,UMARIA,2026-08-20,54.1,12.1,3.47,LE
MADHYA PRADESH,UMARIA,2026-08-21,48.6,18.3,1.66,LE
MADHYA PRADESH,UMARIA,2026-08-22,19.1,18.9,0.01,N
MADHYA PRADESH,UMARIA,2026-08-23,11.6,11.8,-0.02,N
MADHYA PRADESH,UMARIA,2026-08-24,6.0,17.3,-0.65,LD
MADHYA PRADESH,UMARIA,2026-08-25,11.7,9.5,0.23,E
MADHYA PRADESH,UMARIA,2026-08-26,3.6,7.8,-0.53,D
MADHYA PRADESH,UMARIA,2026-08-27,3.8,8.6,-0.56,D
MADHYA PRADESH,UMARIA,2026-08-28,3.4,10.3,-0.67,LD
MADHYA PRADESH,UMARIA,2026-08-29,6.9,15.7,-0.56,D
MADHYA PRADESH,UMARIA,2026-08-30,35.2,10.7,2.29,LE
MADHYA PRADESH,UMARIA,2026-08-31,5.1,12.0,-0.57,D
MADHYA PRADESH,UMARIA,2026-09-01,6.3,9.4,-0.33,D
MADHYA PRADESH,UMARIA,2026-09-02,24.5,11.0,1.22,LE
MADHYA PRADESH,UMARIA,2026-09-03,34.9,10.5,2.33,LE
MADHYA PRADESH,UMARIA,2026-09-04,7.3,8.9,-0.18,N
MADHYA PRADESH,UMARIA,2026-09-05,0.3,8.9,-0.97,LD
MADHYA PRADESH,UMARIA,2026-09-06,0.7,8.5,-0.92,LD
MADHYA PRADESH,UMARIA,2026-09-07,0.3,10.1,-0.97,LD
MADHYA PRADESH,UMARIA,2026-09-08,0.3,14.1,-0.98,LD
MADHYA PRADESH,UMARIA,2026-09-09,0.3,18.7,-0.98,LD
MADHYA PRADESH,UMARIA,2026-09-10,1.1,10.5,-0.89,LD
MADHYA PRADESH,UMARIA,2026-09-11,4.9,8.0,-0.39,D
MADHYA PRADESH,UMARIA,2026-09-12,29.0,12.8,1.26,LE
MADHYA PRADESH,UMARIA,2026-09-13,4.3,7.9,-0.46,D
MADHYA PRADESH,UMARIA,2026-09-14,0.4,6.9,-0.94,LD
MADHYA PRADESH,UMARIA,2026-09-15,0.0,11.2,-1.0,NR
MADHYA PRADESH,UMARIA,2026-09-16,0.2,6.6,-0.96,LD
MADHYA PRADESH,UMARIA,2026-09-17,3.1,7.3,-0.57,D
MADHYA PRADESH,UMARIA,2026-09-18,0.6,8.7,-0.93,LD
MADHYA PRADESH,UMARIA,2026-09-19,7.9,4.4,0.81,LE
MADHYA PRADESH,UMARIA,2026-09-20,25.2,7.7,2.27,LE
MADHYA PRADESH,UMARIA,2026-09-21,17.4,3.0,4.8,LE
MADHYA PRADESH,UMARIA,2026-09-22,2.5,2.8,-0.1,N
MADHYA PRADESH,UMARIA,2026-09-23,0.0,1.6,-1.0,NR
MADHYA PRADESH,UMARIA,2026-09-24,23.2,2.8,7.28,LE
MADHYA PRADESH,UMARIA,2026-09-25,37.7,2.8,12.45,LE
MADHYA PRADESH,UMARIA,2026-09-26,85.4,3.6,22.72,LE
MADHYA PRADESH,UMARIA,2026-09-27,17.5,3.3,4.29,LE
MADHYA PRADESH,UMARIA,2026-09-28,0.0,2.4,-1.0,NR
MADHYA PRADESH,UMARIA,2026-09-29,0.0,2.6,-1.0,NR
MADHYA PRADESH,UMARIA,2026-09-30,0.0,1.7,-1.0,NR
MADHYA PRADESH,UMARIA,2026-10-01,0.0,3.1,-1.0,NR
MADHYA PRADESH,UMARIA,2026-10-02,0.0,2.8,-1.0,NR
MADHYA PRADESH,UMARIA,2026-10-03,0.0,2.8,-1.0,NR
MADHYA PRADESH,UMARIA,2026-10-04,0.0,5.3,-1.0,NR
MADHYA PRADESH,UMARIA,2026-10-05,0.0,2.8,-1.0,NR
MADHYA PRADESH,UMARIA,2026-10-06,0.0,2.2,-1.0,NR
MADHYA PRADESH,UMARIA,2026-10-07,0.0,2.9,-1.0,NR
MADHYA PRADESH,UMARIA,2026-10-08,0.0,6.1,-1.0,NR
MADHYA PRADESH,UMARIA,2026-10-09,0.0,2.7,-1.0,NR
MADHYA PRADESH,VIDESHA,2026-08-19,1.7,17.5,-0.91,LD
MADHYA PRADESH,VIDESHA,2026-08-20,0.4,16.9,-0.98,LD
MADHYA PRADESH,VIDESHA,2026-08-21,8.9,11.3,-0.22,D
MADHYA PRADESH,VIDESHA,2026-08-22,2.9,10.2,-0.71,LD
MADHYA PRADESH,VIDESHA,2026-08-23,4.1,14.0,-0.71,LD
MADHYA PRADESH,VIDESHA,2026-08-24,9.4,14.0,-0.33,D
MADHYA PRADESH,VIDESHA,2026-08-25,11.7,12.1,-0.03,N
MADHYA PRADESH,VIDESHA,2026-08-26,7.6,6.7,0.14,N
MADHYA PRADESH,VIDESHA,2026-08-27,5.8,7.5,-0.22,D
MADHYA PRADESH,VIDESHA,2026-08-28,5.2,13.0,-0.6,LD
MADHYA PRADESH,VIDESHA,2026-08-29,17.3,13.8,0.25,E
MADHYA PRADESH,VIDESHA,2026-08-30,0.0,14.8,-1.0,NR
MADHYA PRADESH,VIDESHA,2026-08-31,0.0,8.0,-1.0,NR
MADHYA PRADESH,VIDESHA,2026-09-01,0.0,11.4,-1.0,NR
MADHYA PRADESH,VIDESHA,2026-09-02,0.0,9.5,-1.0,NR
MADHYA PRADESH,VIDESHA,2026-09-03,17.7,8.4,1.1,LE
MADHYA PRADESH,VIDESHA,2026-09-04,21.0,7.3,1.87,LE
MADHYA PRADESH,VIDESHA,2026-09-05,26.1,6.1,3.29,LE
MADHYA PRADESH,VIDESHA,2026-09-06,8.9,5.8,0.53,E
MADHYA PRADESH,VIDESHA,2026-09-07,0.0,6.8,-1.0,LD
MADHYA PRADESH,VIDESHA,2026-09-08,0.0,7.0,-1.0,NR
MADHYA PRADESH,VIDESHA,2026-09-09,0.7,6.9,-0.9,LD
MADHYA PRADESH,VIDESHA,2026-09-10,0.0,6.1,-1.0,NR
MADHYA PRADESH,VIDESHA,2026-09-11,16.6,6.7,1.47,LE
MADHYA PRADESH,VIDESHA,2026-09-12,23.1,5.4,3.28,LE
MADHYA PRADESH,VIDESHA,2026-09-13,2.3,5.0,-0.54,D
MADHYA PRADESH,VIDESHA,2026-09-14,2.8,4.3,-0.36,D
MADHYA PRADESH,VIDESHA,2026-09-15,3.0,6.6,-0.55,D
MADHYA PRADESH,VIDESHA,2026-09-16,0.0,5.2,-1.0,NR
MADHYA PRADESH,VIDESHA,2026-09-17,0.2,7.5,-0.97,LD
MADHYA PRADESH,VIDESHA,2026-09-18,8.0,5.7,0.41,E
MADHYA PRADESH,VIDESHA,2026-09-19,21.8,3.6,5.06,LE
MADHYA PRADESH,VIDESHA,2026-09-20,9.8,2.8,2.51,LE
MADHYA PRADESH,VIDESHA,2026-09-21,1.5,4.4,-0.66,LD
MADHYA PRADESH,VIDESHA,2026-09-22,10.4,5.0,1.07,LE
MADHYA PRADESH,VIDESHA,2026-09-23,0.1,2.7,-0.96,LD
MADHYA PRADESH,VIDESHA,2026-09-24,1.4,2.6,-0.47,D
MADHYA PRADESH,VIDESHA,2026-09-25,0.1,2.1,-0.95,LD
MADHYA PRADESH,VIDESHA,2026-09-26,1.5,2.2,-0.31,D
MADHYA PRADESH,VIDESHA,2026-09-27,0.0,1.4,-1.0,NR
MADHYA PRADESH,VIDESHA,2026-09-28,0.0,1.9,-1.0,NR
MADHYA PRADESH,VIDESHA,2026-09-29,0.0,2.1,-1.0,NR
MADHYA PRADESH,VIDESHA,2026-09-30,0.0,1.1,-1.0,NR
MADHYA PRADESH,VIDESHA,2026-10-01,0.0,2.2,-1.0,NR
MADHYA PRADESH,VIDESHA,2026-10-02,0.0,1.2,-1.0,NR
MADHYA PRADESH,VIDESHA,2026-10-03,0.0,1.8,-1.0,NR
MADHYA PRADESH,VIDESHA,2026-10-04,0.0,2.3,-1.0,NR
MADHYA PRADESH,VIDESHA,2026-10-05,0.0,2.7,-1.0,NR
MADHYA PRADESH,VIDESHA,2026-10-06,0.0,1.6,-1.0,NR
MADHYA PRADESH,VIDESHA,2026-10-07,0.1,1.1,-0.91,LD
MADHYA PRADESH,VIDESHA,2026-10-08,0.0,0.5,-1.0,NR
MADHYA PRADESH,VIDESHA,2026-10-09,0.0,1.1,-1.0,NR
ODISHA,ANUGUL,2026-08-19,3.1,13.7,-0.78,LD
ODISHA,ANUGUL,2026-08-20,3.8,16.0,-0.76,LD
ODISHA,ANUGUL,2026-08-21,0.0,7.6,-1.0,NR
ODISHA,ANUGUL,2026-08-22,0.1,10.7,-0.99,LD
ODISHA,ANUGUL,2026-08-23,2.0,10.5,-0.81,LD
ODISHA,ANUGUL,2026-08-24,32.7,6.2,4.27,LE
ODISHA,ANUGUL,2026-08-25,12.2,6.0,1.03,LE
ODISHA,ANUGUL,2026-08-26,0.8,9.2,-0.92,LD
ODISHA,ANUGUL,2026-08-27,0.1,16.4,-0.99,LD
ODISHA,ANUGUL,2026-08-28,4.7,14.9,-0.69,LD
ODISHA,ANUGUL,2026-08-29,0.7,13.4,-0.95,LD
ODISHA,ANUGUL,2026-08-30,3.5,9.8,-0.65,LD
ODISHA,ANUGUL,2026-08-31,39.1,7.3,4.36,LE
ODISHA,ANUGUL,2026-09-01,5.7,6.2,-0.08,N
ODISHA,ANUGUL,2026-09-02,0.3,11.2,-0.97,LD
ODISHA,ANUGUL,2026-09-03,0.0,9.6,-1.0,NR
ODISHA,ANUGUL,2026-09-04,0.0,11.5,-1.0,NR
ODISHA,ANUGUL,2026-09-05,0.0,9.2,-1.0,NR
ODISHA,ANUGUL,2026-09-06,0.0,10.5,-1.0,NR
ODISHA,ANUGUL,2026-09-07,10.5,10.7,-0.02,N
ODISHA,ANUGUL,2026-09-08,0.0,9.0,-1.0,NR
ODISHA,ANUGUL,2026-09-09,2.1,8.2,-0.74,LD
ODISHA,ANUGUL,2026-09-10,10.9,8.5,0.28,E
ODISHA,ANUGUL,2026-09-11,13.1,8.5,0.54,E
ODISHA,ANUGUL,2026-09-12,17.6,7.9,1.22,LE
ODISHA,ANUGUL,2026-09-13,3.3,7.9,-0.58,D
ODISHA,ANUGUL,2026-09-14,1.7,8.3,-0.8,LD
ODISHA,ANUGUL,2026-09-15,0.0,8.7,-1.0,NR
ODISHA,ANUGUL,2026-09-16,3.3,5.1,-0.35,D
ODISHA,ANUGUL,2026-09-17,1.1,5.6,-0.8,LD
ODISHA,ANUGUL,2026-09-18,1.1,7.6,-0.86,LD
ODISHA,ANUGUL,2026-09-19,4.4,5.3,-0.18,N
ODISHA,ANUGUL,2026-09-20,4.0,4.7,-0.14,N
ODISHA,ANUGUL,2026-09-21,5.0,8.6,-0.42,D
ODISHA,ANUGUL,2026-09-22,4.6,6.8,-0.32,D
ODISHA,ANUGUL,2026-09-23,14.6,8.6,0.7,LE
ODISHA,ANUGUL,2026-09-24,21.2,6.3,2.37,LE
ODISHA,ANUGUL,2026-09-25,29.5,5.1,4.79,LE
ODISHA,ANUGUL,2026-09-26,4.8,4.4,0.1,N
ODISHA,ANUGUL,2026-09-27,3.2,5.2,-0.39,D
ODISHA,ANUGUL,2026-09-28,0.0,3.3,-1.0,NR
ODISHA,ANUGUL,2026-09-29,0.0,5.3,-1.0,NR
ODISHA,ANUGUL,2026-09-30,0.0,4.2,-1.0,NR
ODISHA,ANUGUL,2026-10-01,0.0,5.2,-1.0,NR
ODISHA,ANUGUL,2026-10-02,0.0,4.1,-1.0,NR
ODISHA,ANUGUL,2026-10-03,0.0,4.5,-1.0,NR
ODISHA,ANUGUL,2026-10-04,0.0,4.8,-1.0,NR
ODISHA,ANUGUL,2026-10-05,0.0,4.4,-1.0,NR
ODISHA,ANUGUL,2026-10-06,0.0,4.1,-1.0,NR
ODISHA,ANUGUL,2026-10-07,0.0,4.6,-1.0,NR
ODISHA,ANUGUL,2026-10-08,0.7,4.8,-0.85,LD
ODISHA,ANUGUL,2026-10-09,0.0,3.1,-1.0,NR
ODISHA,BALANGIR,2026-08-19,6.9,15.9,-0.57,D
ODISHA,BALANGIR,2026-08-20,1.3,14.5,-0.91,LD
ODISHA,BALANGIR,2026-08-21,0.3,10.6,-0.97,LD
ODISHA,BALANGIR,2026-08-22,0.4,10.0,-0.96,LD
ODISHA,BALANGIR,2026-08-23,3.2,8.9,-0.64,LD
ODISHA,BALANGIR,2026-08-24,19.1,7.8,1.45,LE
ODISHA,BALANGIR,2026-08-25,23.1,6.4,2.61,LE
ODISHA,BALANGIR,2026-08-26,0.7,9.8,-0.93,LD
ODISHA,BALANGIR,2026-08-27,0.5,16.7,-0.97,LD
ODISHA,BALANGIR,2026-08-28,0.7,14.9,-0.95,LD
ODISHA,BALANGIR,2026-08-29,0.2,15.3,-0.99,LD
ODISHA,BALANGIR,2026-08-30,16.0,12.5,0.28,E
ODISHA,BALANGIR,2026-08-31,5.4,6.7,-0.19,D
ODISHA,BALANGIR,2026-09-01,5.7,6.3,-0.1,N
ODISHA,BALANGIR,2026-09-02,2.2,7.9,-0.73,LD
ODISHA,BALANGIR,2026-09-03,1.1,7.6,-0.85,LD
ODISHA,BALANGIR,2026-09-04,0.1,13.6,-1.0,LD
ODISHA,BALANGIR,2026-09-05,0.0,7.2,-1.0,NR
ODISHA,BALANGIR,2026-09-06,0.1,14.6,-1.0,LD
ODISHA,BALANGIR,2026-09-07,3.1,11.8,-0.74,LD
ODISHA,BALANGIR,2026-09-08,1.0,9.3,-0.89,LD
ODISHA,BALANGIR,2026-09-09,0.5,4.3,-0.89,LD
ODISHA,BALANGIR,2026-09-10,6.4,7.0,-0.09,N
ODISHA,BALANGIR,2026-09-11,42.3,6.7,5.32,LE
ODISHA,BALANGIR,2026-09-12,30.3,9.9,2.06,LE
ODISHA,BALANGIR,2026-09-13,17.8,8.8,1.03,LE
ODISHA,BALANGIR,2026-09-14,12.4,6.2,1.0,LE
ODISHA,BALANGIR,2026-09-15,0.0,6.1,-1.0,NR
ODISHA,BALANGIR,2026-09-16,0.0,6.3,-1.0,NR
ODISHA,BALANGIR,2026-09-17,0.0,9.5,-1.0,NR
ODISHA,BALANGIR,2026-09-18,5.8,11.0,-0.47,D
ODISHA,BALANGIR,2026-09-19,0.0,6.0,-1.0,NR
ODISHA,BALANGIR,2026-09-20,3.2,5.2,-0.39,D
ODISHA,BALANGIR,2026-09-21,1.0,6.7,-0.85,LD
ODISHA,BALANGIR,2026-09-22,3.3,4.4,-0.25,D
ODISHA,BALANGIR,2026-09-23,35.1,6.5,4.4,LE
ODISHA,BALANGIR,2026-09-24,10.2,4.3,1.37,LE
ODISHA,BALANGIR,2026-09-25,19.5,3.4,4.74,LE
ODISHA,BALANGIR,2026-09-26,11.9,2.1,4.67,LE
ODISHA,BALANGIR,2026-09-27,0.0,3.5,-1.0,NR
ODISHA,BALANGIR,2026-09-28,0.0,2.8,-1.0,NR
ODISHA,BALANGIR,2026-09-29,0.0,3.9,-1.0,NR
ODISHA,BALANGIR,2026-09-30,0.0,3.7,-1.0,NR
ODISHA,BALANGIR,2026-10-01,0.0,3.9,-1.0,NR
ODISHA,BALANGIR,2026-10-02,0.0,2.8,-1.0,NR
ODISHA,BALANGIR,2026-10-03,0.0,3.1,-1.0,NR
ODISHA,BALANGIR,2026-10-04,0.0,2.3,-1.0,NR
ODISHA,BALANGIR,2026-10-05,0.0,2.8,-1.0,NR
ODISHA,BALANGIR,2026-10-06,0.0,4.3,-1.0,NR
ODISHA,BALANGIR,2026-10-07,0.0,2.2,-1.0,NR
ODISHA,BALANGIR,2026-10-08,8.2,2.7,2.04,LE
ODISHA,BALANGIR,2026-10-09,0.0,3.4,-1.0,NR
ODISHA,BALESHWAR,2026-08-19,0.1,15.8,-0.99,LD
ODISHA,BALESHWAR,2026-08-20,6.4,14.2,-0.55,D
ODISHA,BALESHWAR,2026-08-21,0.0,10.6,-1.0,NR
ODISHA,BALESHWAR,2026-08-22,4.6,10.5,-0.56,D
ODISHA,BALESHWAR,2026-08-23,32.0,7.9,3.05,LE
ODISHA,BALESHWAR,2026-08-24,35.5,4.9,6.25,LE
ODISHA,BALESHWAR,2026-08-25,3.6,6.3,-0.43,D
ODISHA,BALESHWAR,2026-08-26,0.0,12.1,-1.0,NR
ODISHA,BALESHWAR,2026-08-27,0.0,12.6,-1.0,LD
ODISHA,BALESHWAR,2026-08-28,19.5,15.3,0.27,E
ODISHA,BALESHWAR,2026-08-29,25.3,9.8,1.58,LE
ODISHA,BALESHWAR,2026-08-30,32.0,10.5,2.05,LE
ODISHA,BALESHWAR,2026-08-31,35.3,7.6,3.65,LE
ODISHA,BALESHWAR,2026-09-01,16.5,9.1,0.81,LE
ODISHA,BALESHWAR,2026-09-02,0.0,10.2,-1.0,LD
ODISHA,BALESHWAR,2026-09-03,0.0,11.1,-1.0,NR
ODISHA,BALESHWAR,2026-09-04,0.0,9.6,-1.0,NR
ODISHA,BALESHWAR,2026-09-05,0.0,12.6,-1.0,NR
ODISHA,BALESHWAR,2026-09-06,0.6,10.1,-0.94,LD
ODISHA,BALESHWAR,2026-09-07,5.0,10.9,-0.54,D
ODISHA,BALESHWAR,2026-09-08,15.0,8.4,0.78,LE
ODISHA,BALESHWAR,2026-09-09,12.4,11.3,0.1,N
ODISHA,BALESHWAR,2026-09-10,9.2,13.1,-0.3,D
ODISHA,BALESHWAR,2026-09-11,43.5,14.6,1.98,LE
ODISHA,BALESHWAR,2026-09-12,27.4,10.8,1.53,LE
ODISHA,BALESHWAR,2026-09-13,3.1,12.7,-0.75,LD
ODISHA,BALESHWAR,2026-09-14,1.1,13.3,-0.92,LD
ODISHA,BALESHWAR,2026-09-15,0.0,9.0,-1.0,NR
ODISHA,BALESHWAR,2026-09-16,0.2,10.3,-0.98,LD
ODISHA,BALESHWAR,2026-09-17,1.2,8.1,-0.85,LD
ODISHA,BALESHWAR,2026-09-18,2.9,9.0,-0.68,LD
ODISHA,BALESHWAR,2026-09-19,5.2,7.9,-0.34,D
ODISHA,BALESHWAR,2026-09-20,9.9,9.6,0.04,N
ODISHA,BALESHWAR,2026-09-21,24.0,12.8,0.87,LE
ODISHA,BALESHWAR,2026-09-22,10.5,15.1,-0.31,D
ODISHA,BALESHWAR,2026-09-23,70.0,12.9,4.43,LE
ODISHA,BALESHWAR,2026-09-24,45.7,11.4,3.01,LE
ODISHA,BALESHWAR,2026-09-25,56.8,10.3,4.51,LE
ODISHA,BALESHWAR,2026-09-26,26.9,9.3,1.9,LE
ODISHA,BALESHWAR,2026-09-27,24.6,5.2,3.74,LE
ODISHA,BALESHWAR,2026-09-28,0.0,5.6,-1.0,NR
ODISHA,BALESHWAR,2026-09-29,0.2,5.3,-0.97,LD
ODISHA,BALESHWAR,2026-09-30,0.0,8.4,-1.0,NR
ODISHA,BALESHWAR,2026-10-01,0.2,13.6,-0.98,LD
ODISHA,BALESHWAR,2026-10-02,0.0,9.1,-1.0,NR
ODISHA,BALESHWAR,2026-10-03,0.0,8.9,-1.0,NR
ODISHA,BALESHWAR,2026-10-04,0.5,7.7,-0.94,LD
ODISHA,BALESHWAR,2026-10-05,0.0,8.5,-1.0,NR
ODISHA,BALESHWAR,2026-10-06,0.0,8.9,-1.0,NR
ODISHA,BALESHWAR,2026-10-07,0.5,10.5,-0.96,LD
ODISHA,BALESHWAR,2026-10-08,4.6,9.5,-0.52,D
ODISHA,BALESHWAR,2026-10-09,10.2,6.1,0.67,LE
ODISHA,BARAGARH,2026-08-19,14.3,15.7,-0.09,N
ODISHA,BARAGARH,2026-08-20,1.4,15.7,-0.91,LD
ODISHA,BARAGARH,2026-08-21,1.0,14.4,-0.93,LD
ODISHA,BARAGARH,2026-08-22,0.3,12.4,-0.98,LD
ODISHA,BARAGARH,2026-08-23,0.3,8.8,-0.97,LD
ODISHA,BARAGARH,2026-08-24,43.3,7.9,4.48,LE
ODISHA,BARAGARH,2026-08-25,19.2,5.1,2.77,LE
ODISHA,BARAGARH,2026-08-26,0.7,12.3,-0.94,LD
ODISHA,BARAGARH,2026-08-27,0.0,13.3,-1.0,NR
ODISHA,BARAGARH,2026-08-28,0.1,15.8,-0.99,LD
ODISHA,BARAGARH,2026-08-29,0.0,15.0,-1.0,NR
ODISHA,BARAGARH,2026-08-30,15.9,13.7,0.16,N
ODISHA,BARAGARH,2026-08-31,16.8,9.1,0.84,LE
ODISHA,BARAGARH,2026-09-01,12.2,5.0,1.44,LE
ODISHA,BARAGARH,2026-09-02,6.8,12.5,-0.46,D
ODISHA,BARAGARH,2026-09-03,1.2,9.7,-0.87,LD
ODISHA,BARAGARH,2026-09-04,0.7,14.8,-0.95,LD
ODISHA,BARAGARH,2026-09-05,0.0,9.8,-1.0,NR
ODISHA,BARAGARH,2026-09-06,0.0,12.5,-1.0,NR
ODISHA,BARAGARH,2026-09-07,4.8,13.0,-0.63,LD
ODISHA,BARAGARH,2026-09-08,0.0,14.0,-1.0,NR
ODISHA,BARAGARH,2026-09-09,0.4,8.0,-0.95,LD
ODISHA,BARAGARH,2026-09-10,1.9,9.2,-0.79,LD
ODISHA,BARAGARH,2026-09-11,15.8,8.0,0.98,LE
ODISHA,BARAGARH,2026-09-12,11.5,9.1,0.26,E
ODISHA,BARAGARH,2026-09-13,6.9,8.3,-0.17,N
ODISHA,BARAGARH,2026-09-14,7.9,7.4,0.06,N
ODISHA,BARAGARH,2026-09-15,0.0,4.3,-1.0,NR
ODISHA,BARAGARH,2026-09-16,0.0,6.1,-1.0,NR
ODISHA,BARAGARH,2026-09-17,1.4,7.2,-0.81,LD
ODISHA,BARAGARH,2026-09-18,4.1,7.8,-0.48,D
ODISHA,BARAGARH,2026-09-19,1.0,7.2,-0.87,LD
ODISHA,BARAGARH,2026-09-20,1.8,5.3,-0.67,LD
ODISHA,BARAGARH,2026-09-21,2.8,4.9,-0.43,D
ODISHA,BARAGARH,2026-09-22,1.7,3.5,-0.51,D
ODISHA,BARAGARH,2026-09-23,15.2,5.6,1.72,LE
ODISHA,BARAGARH,2026-09-24,20.7,4.7,3.4,LE
ODISHA,BARAGARH,2026-09-25,25.1,2.7,8.29,LE
ODISHA,BARAGARH,2026-09-26,22.6,2.3,8.83,LE
ODISHA,BARAGARH,2026-09-27,1.1,3.7,-0.71,LD
ODISHA,BARAGARH,2026-09-28,0.0,2.0,-1.0,NR
ODISHA,BARAGARH,2026-09-29,0.0,3.7,-1.0,NR
ODISHA,BARAGARH,2026-09-30,0.0,3.4,-1.0,NR
ODISHA,BARAGARH,2026-10-01,0.0,2.0,-1.0,NR
ODISHA,BARAGARH,2026-10-02,0.0,2.9,-1.0,NR
ODISHA,BARAGARH,2026-10-03,0.0,2.4,-1.0,NR
ODISHA,BARAGARH,2026-10-04,0.0,3.9,-1.0,NR
ODISHA,BARAGARH,2026-10-05,0.0,2.7,-1.0,NR
ODISHA,BARAGARH,2026-10-06,0.0,2.6,-1.0,NR
ODISHA,BARAGARH,2026-10-07,0.0,3.2,-1.0,NR
ODISHA,BARAGARH,2026-10-08,0.0,3.9,-1.0,NR
ODISHA,BARAGARH,2026-10-09,0.0,2.5,-1.0,NR
ODISHA,BAUDA,2026-08-19,14.3,15.7,-0.09,N
ODISHA,BAUDA,2026-08-20,1.4,15.7,-0.91,LD
ODISHA,BAUDA,2026-08-21,1.0,14.4,-0.93,LD
ODISHA,BAUDA,2026-08-22,0.3,12.4,-0.98,LD
ODISHA,BAUDA,2026-08-23,0.3,8.8,-0.97,LD
ODISHA,BAUDA,2026-08-24,43.3,7.9,4.48,LE
ODISHA,BAUDA,2026-08-25,19.2,5.1,2.77,LE
ODISHA,BAUDA,2026-08-26,0.7,12.3,-0.94,LD
ODISHA,BAUDA,2026-08-27,0.0,13.3,-1.0,NR
ODISHA,BAUDA,2026-08-28,0.1,15.8,-0.99,LD
ODISHA,BAUDA,2026-08-29,0.0,15.0,-1.0,NR
ODISHA,BAUDA,2026-08-30,15.9,13.7,0.16,N
ODISHA,BAUDA,2026-08-31,16.8,9.1,0.84,LE
ODISHA,BAUDA,2026-09-01,12.2,5.0,1.44,LE
ODISHA,BAUDA,2026-09-02,6.8,12.5,-0.46,D
ODISHA,BAUDA,2026-09-03,1.2,9.7,-0.87,LD
ODISHA,BAUDA,2026-09-04,0.7,14.8,-0.95,LD
ODISHA,BAUDA,2026-09-05,0.0,9.8,-1.0,NR
ODISHA,BAUDA,2026-09-06,0.0,12.5,-1.0,NR
ODISHA,BAUDA,2026-09-07,4.8,13.0,-0.63,LD
ODISHA,BAUDA,2026-09-08,0.0,14.0,-1.0,NR
ODISHA,BAUDA,2026-09-09,0.4,8.0,-0.95,LD
ODISHA,BAUDA,2026-09-10,1.9,9.2,-0.79,LD
ODISHA,BAUDA,2026-09-11,15.8,8.0,0.98,LE
ODISHA,BAUDA,2026-09-12,11.5,9.1,0.26,E
ODISHA,BAUDA,2026-09-13,6.9,8.3,-0.17,N
ODISHA,BAUDA,2026-09-14,7.9,7.4,0.06,N
ODISHA,BAUDA,2026-09-15,0.0,4.3,-1.0,NR
ODISHA,BAUDA,2026-09-16,0.0,6.1,-1.0,NR
ODISHA,BAUDA,2026-09-17,1.4,7.2,-0.81,LD
ODISHA,BAUDA,2026-09-18,4.1,7.8,-0.48,D
ODISHA,BAUDA,2026-09-19,1.0,7.2,-0.87,LD
ODISHA,BAUDA,2026-09-20,1.8,5.3,-0.67,LD
ODISHA,BAUDA,2026-09-21,2.8,4.9,-0.43,D
ODISHA,BAUDA,2026-09-22,1.7,3.5,-0.51,D
ODISHA,BAUDA,2026-09-23,15.2,5.6,1.72,LE
ODISHA,BAUDA,2026-09-24,20.7,4.7,3.4,LE
ODISHA,BAUDA,2026-09-25,25.1,2.7,8.29,LE
ODISHA,BAUDA,2026-09-26,22.6,2.3,8.83,LE
ODISHA,BAUDA,2026-09-27,1.1,3.7,-0.71,LD
ODISHA,BAUDA,2026-09-28,0.0,2.0,-1.0,NR
ODISHA,BAUDA,2026-09-29,0.0,3.7,-1.0,NR
ODISHA,BAUDA,2026-09-30,0.0,3.4,-1.0,NR
ODISHA,BAUDA,2026-10-01,0.0,2.0,-1.0,NR
ODISHA,BAUDA,2026-10-02,0.0,2.9,-1.0,NR
ODISHA,BAUDA,2026-10-03,0.0,2.4,-1.0,NR
ODISHA,BAUDA,2026-10-04,0.0,3.9,-1.0,NR
ODISHA,BAUDA,2026-10-05,0.0,2.7,-1.0,NR
ODISHA,BAUDA,2026-10-06,0.0,2.6,-1.0,NR
ODISHA,BAUDA,2026-10-07,0.0,3.2,-1.0,NR
ODISHA,BAUDA,2026-10-08,0.0,3.9,-1.0,NR
ODISHA,BAUDA,2026-10-09,0.0,2.5,-1.0,NR
ODISHA,BHADRAK,2026-08-19,0.7,11.0,-0.94,LD
ODISHA,BHADRAK,2026-08-20,15.4,14.2,0.08,N
ODISHA,BHADRAK,2026-08-21,0.8,9.5,-0.92,LD
ODISHA,BHADRAK,2026-08-22,1.8,8.5,-0.79,LD
ODISHA,BHADRAK,2026-08-23,17.8,8.3,1.15,LE
ODISHA,BHADRAK,2026-08-24,13.9,5.5,1.52,LE
ODISHA,BHADRAK,2026-08-25,7.1,7.3,-0.03,N
ODISHA,BHADRAK,2026-08-26,0.2,11.7,-0.98,LD
ODISHA,BHADRAK,2026-08-27,0.0,13.0,-1.0,NR
ODISHA,BHADRAK,2026-08-28,17.1,14.0,0.22,E
ODISHA,BHADRAK,2026-08-29,9.1,10.7,-0.15,N
ODISHA,BHADRAK,2026-08-30,15.9,7.4,1.16,LE
ODISHA,BHADRAK,2026-08-31,32.7,6.7,3.88,LE
ODISHA,BHADRAK,2026-09-01,0.4,9.8,-0.96,LD
ODISHA,BHADRAK,2026-09-02,0.0,7.4,-1.0,NR
ODISHA,BHADRAK,2026-09-03,0.0,8.1,-1.0,NR
ODISHA,BHADRAK,2026-09-04,0.0,8.2,-1.0,NR
ODISHA,BHADRAK,2026-09-05,0.1,9.4,-0.98,LD
ODISHA,BHADRAK,2026-09-06,0.0,11.1,-1.0,NR
ODISHA,BHADRAK,2026-09-07,0.0,12.5,-1.0,NR
ODISHA,BHADRAK,2026-09-08,3.8,7.0,-0.46,D
ODISHA,BHADRAK,2026-09-09,0.1,9.4,-0.99,LD
ODISHA,BHADRAK,2026-09-10,2.6,7.1,-0.64,LD
ODISHA,BHADRAK,2026-09-11,13.9,10.9,0.28,E
ODISHA,BHADRAK,2026-09-12,7.3,8.3,-0.12,N
ODISHA,BHADRAK,2026-09-13,0.8,10.0,-0.92,LD
ODISHA,BHADRAK,2026-09-14,3.0,9.4,-0.68,LD
ODISHA,BHADRAK,2026-09-15,0.4,6.2,-0.94,LD
ODISHA,BHADRAK,2026-09-16,16.3,8.5,0.92,LE
ODISHA,BHADRAK,2026-09-17,0.4,12.4,-0.97,LD
ODISHA,BHADRAK,2026-09-18,11.6,8.3,0.39,E
ODISHA,BHADRAK,2026-09-19,1.4,7.2,-0.8,LD
ODISHA,BHADRAK,2026-09-20,0.8,8.1,-0.91,LD
ODISHA,BHADRAK,2026-09-21,8.5,8.7,-0.03,N
ODISHA,BHADRAK,2026-09-22,42.3,13.6,2.11,LE
ODISHA,BHADRAK,2026-09-23,51.4,10.4,3.94,LE
ODISHA,BHADRAK,2026-09-24,49.4,6.8,6.26,LE
ODISHA,BHADRAK,2026-09-25,96.9,7.3,12.27,LE
ODISHA,BHADRAK,2026-09-26,20.4,7.5,1.72,LE
ODISHA,BHADRAK,2026-09-27,9.3,4.1,1.28,LE
ODISHA,BHADRAK,2026-09-28,0.0,5.0,-1.0,NR
ODISHA,BHADRAK,2026-09-29,0.0,5.6,-1.0,NR
ODISHA,BHADRAK,2026-09-30,0.0,5.9,-1.0,NR
ODISHA,BHADRAK,2026-10-01,1.9,7.4,-0.75,LD
ODISHA,BHADRAK,2026-10-02,0.0,6.4,-1.0,NR
ODISHA,BHADRAK,2026-10-03,0.0,7.3,-1.0,NR
ODISHA,BHADRAK,2026-10-04,0.0,6.5,-1.0,NR
ODISHA,BHADRAK,2026-10-05,0.0,9.1,-1.0,NR
ODISHA,BHADRAK,2026-10-06,0.0,6.9,-1.0,NR
ODISHA,BHADRAK,2026-10-07,1.6,11.4,-0.86,LD
ODISHA,BHADRAK,2026-10-08,0.2,11.1,-0.98,LD
ODISHA,BHADRAK,2026-10-09,1.1,7.7,-0.86,LD
ODISHA,CUTTACK,2026-08-19,0.0,15.0,-1.0,NR
ODISHA,CUTTACK,2026-08-20,1.6,17.6,-0.91,LD
ODISHA,CUTTACK,2026-08-21,0.0,10.7,-1.0,NR
ODISHA,CUTTACK,2026-08-22,3.2,9.8,-0.68,LD
ODISHA,CUTTACK,2026-08-23,4.1,9.3,-0.55,D
ODISHA,CUTTACK,2026-08-24,46.1,8.5,4.43,LE
ODISHA,CUTTACK,2026-08-25,6.6,6.7,-0.01,N
ODISHA,CUTTACK,2026-08-26,3.9,12.5,-0.69,LD
ODISHA,CUTTACK,2026-08-27,2.6,11.4,-0.77,LD
ODISHA,CUTTACK,2026-08-28,6.3,14.9,-0.58,D
ODISHA,CUTTACK,2026-08-29,0.0,13.1,-1.0,NR
ODISHA,CUTTACK,2026-08-30,15.5,10.7,0.45,E
ODISHA,CUTTACK,2026-08-31,27.5,6.3,3.36,LE
ODISHA,CUTTACK,2026-09-01,0.1,7.3,-0.98,LD
ODISHA,CUTTACK,2026-09-02,0.0,7.4,-1.0,NR
ODISHA,CUTTACK,2026-09-03,0.0,6.8,-1.0,NR
ODISHA,CUTTACK,2026-09-04,0.0,12.0,-1.0,NR
ODISHA,CUTTACK,2026-09-05,5.8,12.9,-0.55,D
ODISHA,CUTTACK,2026-09-06,6.1,10.5,-0.42,D
ODISHA,CUTTACK,2026-09-07,1.7,8.5,-0.8,LD
ODISHA,CUTTACK,2026-09-08,0.2,7.2,-0.97,LD
ODISHA,CUTTACK,2026-09-09,0.0,12.4,-1.0,NR
ODISHA,CUTTACK,2026-09-10,20.5,8.3,1.47,LE
ODISHA,CUTTACK,2026-09-11,8.0,9.0,-0.11,N
ODISHA,CUTTACK,2026-09-12,30.2,9.5,2.18,LE
ODISHA,CUTTACK,2026-09-13,5.3,10.1,-0.47,D
ODISHA,CUTTACK,2026-09-14,1.3,8.4,-0.84,LD
ODISHA,CUTTACK,2026-09-15,0.6,7.4,-0.92,LD
ODISHA,CUTTACK,2026-09-16,1.2,8.7,-0.87,LD
ODISHA,CUTTACK,2026-09-17,0.2,9.5,-0.98,LD
ODISHA,CUTTACK,2026-09-18,2.9,8.3,-0.65,LD
ODISHA,CUTTACK,2026-09-19,7.3,8.1,-0.1,N
ODISHA,CUTTACK,2026-09-20,1.5,8.0,-0.82,LD
ODISHA,CUTTACK,2026-09-21,8.2,11.4,-0.28,D
ODISHA,CUTTACK,2026-09-22,20.0,9.0,1.22,LE
ODISHA,CUTTACK,2026-09-23,43.3,9.0,3.81,LE
ODISHA,CUTTACK,2026-09-24,51.0,4.9,9.42,LE
ODISHA,CUTTACK,2026-09-25,54.1,8.6,5.29,LE
ODISHA,CUTTACK,2026-09-26,36.2,5.4,5.71,LE
ODISHA,CUTTACK,2026-09-27,21.0,3.3,5.37,LE
ODISHA,CUTTACK,2026-09-28,0.0,4.8,-1.0,NR
ODISHA,CUTTACK,2026-09-29,7.9,7.5,0.05,N
ODISHA,CUTTACK,2026-09-30,0.0,5.3,-1.0,NR
ODISHA,CUTTACK,2026-10-01,0.0,6.4,-1.0,NR
ODISHA,CUTTACK,2026-10-02,0.0,7.0,-1.0,NR
ODISHA,CUTTACK,2026-10-03,0.0,5.6,-1.0,NR
ODISHA,CUTTACK,2026-10-04,0.0,6.9,-1.0,NR
ODISHA,CUTTACK,2026-10-05,0.0,8.8,-1.0,NR
ODISHA,CUTTACK,2026-10-06,0.0,6.6,-1.0,NR
ODISHA,CUTTACK,2026-10-07,0.0,7.7,-1.0,NR
ODISHA,CUTTACK,2026-10-08,0.0,8.2,-1.0,NR
ODISHA,CUTTACK,2026-10-09,0.0,5.3,-1.0,NR
ODISHA,DEOGARH,2026-08-19,17.5,16.1,0.08,N
ODISHA,DEOGARH,2026-08-20,1.9,18.5,-0.9,LD
ODISHA,DEOGARH,2026-08-21,1.5,8.6,-0.82,LD
ODISHA,DEOGARH,2026-08-22,0.5,9.9,-0.95,LD
ODISHA,DEOGARH,2026-08-23,7.9,11.6,-0.32,D
ODISHA,DEOGARH,2026-08-24,45.5,9.7,3.69,LE
ODISHA,DEOGARH,2026-08-25,78.1,6.5,11.01,LE
ODISHA,DEOGARH,2026-08-26,3.7,10.2,-0.64,LD
ODISHA,DEOGARH,2026-08-27,0.0,15.2,-1.0,NR
ODISHA,DEOGARH,2026-08-28,2.3,13.4,-0.83,LD
ODISHA,DEOGARH,2026-08-29,1.6,12.2,-0.87,LD
ODISHA,DEOGARH,2026-08-30,8.3,10.2,-0.18,N
ODISHA,DEOGARH,2026-08-31,63.1,7.0,8.02,LE
ODISHA,DEOGARH,2026-09-01,12.2,9.4,0.3,E
ODISHA,DEOGARH,2026-09-02,0.0,15.7,-1.0,NR
ODISHA,DEOGARH,2026-09-03,2.2,15.9,-0.86,LD
ODISHA,DEOGARH,2026-09-04,0.8,7.7,-0.9,LD
ODISHA,DEOGARH,2026-09-05,0.0,11.5,-1.0,NR
ODISHA,DEOGARH,2026-09-06,0.0,11.0,-1.0,NR
ODISHA,DEOGARH,2026-09-07,2.7,13.4,-0.8,LD
ODISHA,DEOGARH,2026-09-08,0.0,9.7,-1.0,NR
ODISHA,DEOGARH,2026-09-09,2.3,8.6,-0.74,LD
ODISHA,DEOGARH,2026-09-10,15.7,12.2,0.28,E
ODISHA,DEOGARH,2026-09-11,16.0,7.5,1.13,LE
ODISHA,DEOGARH,2026-09-12,10.5,12.7,-0.17,N
ODISHA,DEOGARH,2026-09-13,1.6,9.3,-0.83,LD
ODISHA,DEOGARH,2026-09-14,0.6,5.4,-0.89,LD
ODISHA,DEOGARH,2026-09-15,0.0,5.0,-1.0,NR
ODISHA,DEOGARH,2026-09-16,16.7,5.0,2.33,LE
ODISHA,DEOGARH,2026-09-17,1.9,7.9,-0.76,LD
ODISHA,DEOGARH,2026-09-18,14.7,8.1,0.82,LE
ODISHA,DEOGARH,2026-09-19,0.0,7.3,-1.0,NR
ODISHA,DEOGARH,2026-09-20,2.3,4.3,-0.47,D
ODISHA,DEOGARH,2026-09-21,3.6,7.1,-0.49,D
ODISHA,DEOGARH,2026-09-22,3.2,7.4,-0.57,D
ODISHA,DEOGARH,2026-09-23,11.0,5.4,1.04,LE
ODISHA,DEOGARH,2026-09-24,27.1,5.8,3.68,LE
ODISHA,DEOGARH,2026-09-25,15.1,4.6,2.28,LE
ODISHA,DEOGARH,2026-09-26,21.4,4.5,3.76,LE
ODISHA,DEOGARH,2026-09-27,0.0,5.3,-1.0,NR
ODISHA,DEOGARH,2026-09-28,0.0,2.8,-1.0,NR
ODISHA,DEOGARH,2026-09-29,0.0,5.0,-1.0,NR
ODISHA,DEOGARH,2026-09-30,0.0,2.4,-1.0,NR
ODISHA,DEOGARH,2026-10-01,0.0,5.1,-1.0,NR
ODISHA,DEOGARH,2026-10-02,0.0,3.9,-1.0,NR
ODISHA,DEOGARH,2026-10-03,0.0,2.1,-1.0,NR
ODISHA,DEOGARH,2026-10-04,0.0,4.2,-1.0,NR
ODISHA,DEOGARH,2026-10-05,0.0,2.1,-1.0,NR
ODISHA,DEOGARH,2026-10-06,0.0,2.8,-1.0,NR
ODISHA,DEOGARH,2026-10-07,1.1,2.5,-0.57,D
ODISHA,DEOGARH,2026-10-08,0.0,4.0,-1.0,NR
ODISHA,DEOGARH,2026-10-09,1.3,5.2,-0.74,LD
ODISHA,DHENKANAL,2026-08-19,0.5,12.3,-0.96,LD
ODISHA,DHENKANAL,2026-08-20,5.0,17.9,-0.72,LD
ODISHA,DHENKANAL,2026-08-21,0.1,7.6,-0.99,LD
ODISHA,DHENKANAL,2026-08-22,2.9,9.9,-0.71,LD
ODISHA,DHENKANAL,2026-08-23,2.4,10.1,-0.76,LD
ODISHA,DHENKANAL,2026-08-24,22.5,6.4,2.52,LE
ODISHA,DHENKANAL,2026-08-25,2.6,6.1,-0.57,D
ODISHA,DHENKANAL,2026-08-26,3.0,9.8,-0.69,LD
ODISHA,DHENKANAL,2026-08-27,0.0,14.0,-1.0,NR
ODISHA,DHENKANAL,2026-08-28,0.0,15.5,-1.0,LD
ODISHA,DHENKANAL,2026-08-29,0.0,10.4,-1.0,NR
ODISHA,DHENKANAL,2026-08-30,9.9,8.5,0.17,N
ODISHA,DHENKANAL,2026-08-31,32.2,6.6,3.87,LE
ODISHA,DHENKANAL,2026-09-01,0.5,7.3,-0.93,LD
ODISHA,DHENKANAL,2026-09-02,0.1,7.7,-0.98,LD
ODISHA,DHENKANAL,2026-09-03,0.0,5.7,-1.0,NR
ODISHA,DHENKANAL,2026-09-04,0.0,9.9,-1.0,NR
ODISHA,DHENKANAL,2026-09-05,1.0,9.1,-0.89,LD
ODISHA,DHENKANAL,2026-09-06,0.0,9.3,-1.0,NR
ODISHA,DHENKANAL,2026-09-07,6.7,8.8,-0.24,D
ODISHA,DHENKANAL,2026-09-08,0.0,7.7,-1.0,NR
ODISHA,DHENKANAL,2026-09-09,0.0,9.1,-1.0,NR
ODISHA,DHENKANAL,2026-09-10,24.0,7.3,2.29,LE
ODISHA,DHENKANAL,2026-09-11,11.2,9.4,0.19,E
ODISHA,DHENKANAL,2026-09-12,13.7,7.7,0.78,LE
ODISHA,DHENKANAL,2026-09-13,3.6,7.9,-0.55,D
ODISHA,DHENKANAL,2026-09-14,1.8,6.9,-0.74,LD
ODISHA,DHENKANAL,2026-09-15,0.4,6.9,-0.94,LD
ODISHA,DHENKANAL,2026-09-16,6.7,6.6,0.02,N
ODISHA,DHENKANAL,2026-09-17,0.0,8.1,-1.0,NR
ODISHA,DHENKANAL,2026-09-18,0.4,7.2,-0.94,LD
ODISHA,DHENKANAL,2026-09-19,9.7,7.4,0.31,E
ODISHA,DHENKANAL,2026-09-20,1.2,6.7,-0.82,LD
ODISHA,DHENKANAL,2026-09-21,7.0,8.8,-0.2,D
ODISHA,DHENKANAL,2026-09-22,20.3,7.9,1.57,LE
ODISHA,DHENKANAL,2026-09-23,32.9,9.1,2.62,LE
ODISHA,DHENKANAL,2026-09-24,40.2,5.7,6.05,LE
ODISHA,DHENKANAL,2026-09-25,46.5,6.4,6.27,LE
ODISHA,DHENKANAL,2026-09-26,37.3,5.8,5.43,LE
ODISHA,DHENKANAL,2026-09-27,4.8,5.6,-0.14,N
ODISHA,DHENKANAL,2026-09-28,0.0,3.1,-1.0,NR
ODISHA,DHENKANAL,2026-09-29,2.6,7.6,-0.66,LD
ODISHA,DHENKANAL,2026-09-30,0.0,6.4,-1.0,NR
ODISHA,DHENKANAL,2026-10-01,0.0,5.0,-1.0,NR
ODISHA,DHENKANAL,2026-10-02,0.0,6.4,-1.0,NR
ODISHA,DHENKANAL,2026-10-03,0.0,5.6,-1.0,NR
ODISHA,DHENKANAL,2026-10-04,0.0,4.8,-1.0,NR
ODISHA,DHENKANAL,2026-10-05,0.0,5.9,-1.0,NR
ODISHA,DHENKANAL,2026-10-06,0.0,4.9,-1.0,NR
ODISHA,DHENKANAL,2026-10-07,8.2,6.8,0.2,E
ODISHA,DHENKANAL,2026-10-08,0.0,5.5,-1.0,NR
ODISHA,DHENKANAL,2026-10-09,0.0,4.8,-1.0,NR
ODISHA,GAJAPATHI,2026-08-19,14.3,15.7,-0.09,N
ODISHA,GAJAPATHI,2026-08-20,1.4,15.7,-0.91,LD
ODISHA,GAJAPATHI,2026-08-21,1.0,14.4,-0.93,LD
ODISHA,GAJAPATHI,2026-08-22,0.3,12.4,-0.98,LD
ODISHA,GAJAPATHI,2026-08-23,0.3,8.8,-0.97,LD
ODISHA,GAJAPATHI,2026-08-24,43.3,7.9,4.48,LE
ODISHA,GAJAPATHI,2026-08-25,19.2,5.1,2.77,LE
ODISHA,GAJAPATHI,2026-08-26,0.7,12.3,-0.94,LD
ODISHA,GAJAPATHI,2026-08-27,0.0,13.3,-1.0,NR
ODISHA,GAJAPATHI,2026-08-28,0.1,15.8,-0.99,LD
ODISHA,GAJAPATHI,2026-08-29,0.0,15.0,-1.0,NR
ODISHA,GAJAPATHI,2026-08-30,15.9,13.7,0.16,N
ODISHA,GAJAPATHI,2026-08-31,16.8,9.1,0.84,LE
ODISHA,GAJAPATHI,2026-09-01,12.2,5.0,1.44,LE
ODISHA,GAJAPATHI,2026-09-02,6.8,12.5,-0.46,D
ODISHA,GAJAPATHI,2026-09-03,1.2,9.7,-0.87,LD
ODISHA,GAJAPATHI,2026-09-04,0.7,14.8,-0.95,LD
ODISHA,GAJAPATHI,2026-09-05,0.0,9.8,-1.0,NR
ODISHA,GAJAPATHI,2026-09-06,0.0,12.5,-1.0,NR
ODISHA,GAJAPATHI,2026-09-07,4.8,13.0,-0.63,LD
ODISHA,GAJAPATHI,2026-09-08,0.0,14.0,-1.0,NR
ODISHA,GAJAPATHI,2026-09-09,0.4,8.0,-0.95,LD
ODISHA,GAJAPATHI,2026-09-10,1.9,9.2,-0.79,LD
ODISHA,GAJAPATHI,2026-09-11,15.8,8.0,0.98,LE
ODISHA,GAJAPATHI,2026-09-12,11.5,9.1,0.26,E
ODISHA,GAJAPATHI,2026-09-13,6.9,8.3,-0.17,N
ODISHA,GAJAPATHI,2026-09-14,7.9,7.4,0.06,N
ODISHA,GAJAPATHI,2026-09-15,0.0,4.3,-1.0,NR
ODISHA,GAJAPATHI,2026-09-16,0.0,6.1,-1.0,NR
ODISHA,GAJAPATHI,2026-09-17,1.4,7.2,-0.81,LD
ODISHA,GAJAPATHI,2026-09-18,4.1,7.8,-0.48,D
ODISHA,GAJAPATHI,2026-09-19,1.0,7.2,-0.87,LD
ODISHA,GAJAPATHI,2026-09-20,1.8,5.3,-0.67,LD
ODISHA,GAJAPATHI,2026-09-21,2.8,4.9,-0.43,D
ODISHA,GAJAPATHI,2026-09-22,1.7,3.5,-0.51,D
ODISHA,GAJAPATHI,2026-09-23,15.2,5.6,1.72,LE
ODISHA,GAJAPATHI,2026-09-24,20.7,4.7,3.4,LE
ODISHA,GAJAPATHI,2026-09-25,25.1,2.7,8.29,LE
ODISHA,GAJAPATHI,2026-09-26,22.6,2.3,8.83,LE
ODISHA,GAJAPATHI,2026-09-27,1.1,3.7,-0.71,LD
ODISHA,GAJAPATHI,2026-09-28,0.0,2.0,-1.0,NR
ODISHA,GAJAPATHI,2026-09-29,0.0,3.7,-1.0,NR
ODISHA,GAJAPATHI,2026-09-30,0.0,3.4,-1.0,NR
ODISHA,GAJAPATHI,2026-10-01,0.0,2.0,-1.0,NR
ODISHA,GAJAPATHI,2026-10-02,0.0,2.9,-1.0,NR
ODISHA,GAJAPATHI,2026-10-03,0.0,2.4,-1.0,NR
ODISHA,GAJAPATHI,2026-10-04,0.0,3.9,-1.0,NR
ODISHA,GAJAPATHI,2026-10-05,0.0,2.7,-1.0,NR
ODISHA,GAJAPATHI,2026-10-06,0.0,2.6,-1.0,NR
ODISHA,GAJAPATHI,2026-10-07,0.0,3.2,-1.0,NR
ODISHA,GAJAPATHI,2026-10-08,0.0,3.9,-1.0,NR
ODISHA,GAJAPATHI,2026-10-09,0.0,2.5,-1.0,NR
ODISHA,GANJAM,2026-08-19,2.0,6.8,-0.7,LD
ODISHA,GANJAM,2026-08-20,1.5,8.7,-0.83,LD
ODISHA,GANJAM,2026-08-21,1.7,9.8,-0.83,LD
ODISHA,GANJAM,2026-08-22,0.7,7.6,-0.91,LD
ODISHA,GANJAM,2026-08-23,39.0,6.9,4.65,LE
ODISHA,GANJAM,2026-08-24,2.4,6.8,-0.64,LD
ODISHA,GANJAM,2026-08-25,6.1,5.0,0.23,E
ODISHA,GANJAM,2026-08-26,1.7,10.7,-0.84,LD
ODISHA,GANJAM,2026-08-27,0.1,9.8,-0.99,LD
ODISHA,GANJAM,2026-08-28,0.6,12.5,-0.96,LD
ODISHA,GANJAM,2026-08-29,0.0,8.4,-1.0,NR
ODISHA,GANJAM,2026-08-30,5.9,9.3,-0.37,D
ODISHA,GANJAM,2026-08-31,2.6,6.3,-0.59,D
ODISHA,GANJAM,2026-09-01,0.5,6.6,-0.93,LD
ODISHA,GANJAM,2026-09-02,0.1,6.5,-0.98,LD
ODISHA,GANJAM,2026-09-03,0.0,5.8,-1.0,LD
ODISHA,GANJAM,2026-09-04,0.0,8.2,-1.0,LD
ODISHA,GANJAM,2026-09-05,0.4,8.7,-0.96,LD
ODISHA,GANJAM,2026-09-06,2.9,9.4,-0.7,LD
ODISHA,GANJAM,2026-09-07,4.0,7.9,-0.49,D
ODISHA,GANJAM,2026-09-08,5.7,6.1,-0.07,N
ODISHA,GANJAM,2026-09-09,0.1,7.1,-0.99,LD
ODISHA,GANJAM,2026-09-10,17.2,6.2,1.77,LE
ODISHA,GANJAM,2026-09-11,29.2,8.7,2.36,LE
ODISHA,GANJAM,2026-09-12,29.1,9.2,2.16,LE
ODISHA,GANJAM,2026-09-13,1.9,8.1,-0.76,LD
ODISHA,GANJAM,2026-09-14,3.2,6.5,-0.51,D
ODISHA,GANJAM,2026-09-15,0.9,5.0,-0.83,LD
ODISHA,GANJAM,2026-09-16,0.0,9.1,-1.0,NR
ODISHA,GANJAM,2026-09-17,5.4,6.6,-0.18,N
ODISHA,GANJAM,2026-09-18,2.4,7.3,-0.67,LD
ODISHA,GANJAM,2026-09-19,5.1,8.2,-0.38,D
ODISHA,GANJAM,2026-09-20,7.7,8.3,-0.08,N
ODISHA,GANJAM,2026-09-21,8.2,9.6,-0.15,N
ODISHA,GANJAM,2026-09-22,26.5,5.6,3.72,LE
ODISHA,GANJAM,2026-09-23,61.5,6.5,8.46,LE
ODISHA,GANJAM,2026-09-24,58.6,5.6,9.46,LE
ODISHA,GANJAM,2026-09-25,61.5,5.8,9.6,LE
ODISHA,GANJAM,2026-09-26,16.0,6.4,1.51,LE
ODISHA,GANJAM,2026-09-27,2.6,5.2,-0.5,D
ODISHA,GANJAM,2026-09-28,0.0,3.8,-1.0,NR
ODISHA,GANJAM,2026-09-29,0.0,7.6,-1.0,LD
ODISHA,GANJAM,2026-09-30,0.0,8.7,-1.0,NR
ODISHA,GANJAM,2026-10-01,0.0,9.2,-1.0,NR
ODISHA,GANJAM,2026-10-02,0.0,7.5,-1.0,NR
ODISHA,GANJAM,2026-10-03,0.0,6.7,-1.0,NR
ODISHA,GANJAM,2026-10-04,0.4,7.7,-0.95,LD
ODISHA,GANJAM,2026-10-05,0.0,7.5,-1.0,NR
ODISHA,GANJAM,2026-10-06,0.0,9.0,-1.0,NR
ODISHA,GANJAM,2026-10-07,0.0,12.0,-1.0,NR
ODISHA,GANJAM,2026-10-08,6.0,7.6,-0.21,D
ODISHA,GANJAM,2026-10-09,2.9,6.7,-0.57,D
ODISHA,JAGATSINGHAPUR,2026-08-19,5.4,13.7,-0.61,LD
ODISHA,JAGATSINGHAPUR,2026-08-20,1.0,13.6,-0.93,LD
ODISHA,JAGATSINGHAPUR,2026-08-21,0.8,11.3,-0.93,LD
ODISHA,JAGATSINGHAPUR,2026-08-22,16.7,9.8,0.7,LE
ODISHA,JAGATSINGHAPUR,2026-08-23,3.5,7.1,-0.5,D
ODISHA,JAGATSINGHAPUR,2026-08-24,27.4,5.5,3.98,LE
ODISHA,JAGATSINGHAPUR,2026-08-25,5.9,6.3,-0.07,N
ODISHA,JAGATSINGHAPUR,2026-08-26,3.1,12.1,-0.74,LD
ODISHA,JAGATSINGHAPUR,2026-08-27,0.0,13.7,-1.0,LD
ODISHA,JAGATSINGHAPUR,2026-08-28,3.4,15.5,-0.78,LD
ODISHA,JAGATSINGHAPUR,2026-08-29,0.0,11.3,-1.0,NR
ODISHA,JAGATSINGHAPUR,2026-08-30,31.6,14.5,1.18,LE
ODISHA,JAGATSINGHAPUR,2026-08-31,22.0,4.5,3.9,LE
ODISHA,JAGATSINGHAPUR,2026-09-01,1.5,11.0,-0.87,LD
ODISHA,JAGATSINGHAPUR,2026-09-02,0.0,7.3,-1.0,NR
ODISHA,JAGATSINGHAPUR,2026-09-03,2.5,5.5,-0.54,D
ODISHA,JAGATSINGHAPUR,2026-09-04,1.4,9.9,-0.86,LD
ODISHA,JAGATSINGHAPUR,2026-09-05,2.7,13.3,-0.8,LD
ODISHA,JAGATSINGHAPUR,2026-09-06,3.8,11.0,-0.66,LD
ODISHA,JAGATSINGHAPUR,2026-09-07,4.9,12.7,-0.62,LD
ODISHA,JAGATSINGHAPUR,2026-09-08,0.0,6.3,-1.0,NR
ODISHA,JAGATSINGHAPUR,2026-09-09,0.1,12.0,-0.99,LD
ODISHA,JAGATSINGHAPUR,2026-09-10,12.8,6.6,0.93,LE
ODISHA,JAGATSINGHAPUR,2026-09-11,12.0,10.2,0.18,N
ODISHA,JAGATSINGHAPUR,2026-09-12,15.9,6.7,1.38,LE
ODISHA,JAGATSINGHAPUR,2026-09-13,2.6,8.9,-0.71,LD
ODISHA,JAGATSINGHAPUR,2026-09-14,13.1,8.3,0.57,E
ODISHA,JAGATSINGHAPUR,2026-09-15,4.3,7.0,-0.39,D
ODISHA,JAGATSINGHAPUR,2026-09-16,1.7,8.0,-0.79,LD
ODISHA,JAGATSINGHAPUR,2026-09-17,1.6,10.9,-0.86,LD
ODISHA,JAGATSINGHAPUR,2026-09-18,1.1,6.5,-0.83,LD
ODISHA,JAGATSINGHAPUR,2026-09-19,8.8,5.3,0.66,LE
ODISHA,JAGATSINGHAPUR,2026-09-20,3.5,8.1,-0.57,D
ODISHA,JAGATSINGHAPUR,2026-09-21,10.7,7.3,0.46,E
ODISHA,JAGATSINGHAPUR,2026-09-22,37.2,8.4,3.43,LE
ODISHA,JAGATSINGHAPUR,2026-09-23,41.0,7.8,4.25,LE
ODISHA,JAGATSINGHAPUR,2026-09-24,31.2,7.2,3.33,LE
ODISHA,JAGATSINGHAPUR,2026-09-25,62.6,8.5,6.37,LE
ODISHA,JAGATSINGHAPUR,2026-09-26,7.7,7.6,0.01,N
ODISHA,JAGATSINGHAPUR,2026-09-27,3.2,6.7,-0.52,D
ODISHA,JAGATSINGHAPUR,2026-09-28,0.0,8.6,-1.0,NR
ODISHA,JAGATSINGHAPUR,2026-09-29,0.0,7.7,-1.0,NR
ODISHA,JAGATSINGHAPUR,2026-09-30,0.0,4.3,-1.0,NR
ODISHA,JAGATSINGHAPUR,2026-10-01,0.0,5.4,-1.0,NR
ODISHA,JAGATSINGHAPUR,2026-10-02,0.0,5.2,-1.0,NR
ODISHA,JAGATSINGHAPUR,2026-10-03,0.0,8.9,-1.0,NR
ODISHA,JAGATSINGHAPUR,2026-10-04,0.0,8.3,-1.0,NR
ODISHA,JAGATSINGHAPUR,2026-10-05,0.0,9.8,-1.0,NR
ODISHA,JAGATSINGHAPUR,2026-10-06,0.0,9.5,-1.0,NR
ODISHA,JAGATSINGHAPUR,2026-10-07,0.0,9.5,-1.0,NR
ODISHA,JAGATSINGHAPUR,2026-10-08,1.6,11.2,-0.86,LD
ODISHA,JAGATSINGHAPUR,2026-10-09,0.2,7.5,-0.97,LD
ODISHA,JAJAPUR,2026-08-19,1.1,14.4,-0.92,LD
ODISHA,JAJAPUR,2026-08-20,5.8,19.4,-0.7,LD
ODISHA,JAJAPUR,2026-08-21,0.0,7.4,-1.0,NR
ODISHA,JAJAPUR,2026-08-22,1.5,9.5,-0.84,LD
ODISHA,JAJAPUR,2026-08-23,10.9,8.4,0.29,E
ODISHA,JAJAPUR,2026-08-24,28.4,7.6,2.73,LE
ODISHA,JAJAPUR,2026-08-25,11.9,5.8,1.06,LE
ODISHA,JAJAPUR,2026-08-26,0.4,14.0,-0.97,LD
ODISHA,JAJAPUR,2026-08-27,0.0,15.5,-1.0,NR
ODISHA,JAJAPUR,2026-08-28,12.3,13.2,-0.07,N
ODISHA,JAJAPUR,2026-08-29,0.0,15.4,-1.0,NR
ODISHA,JAJAPUR,2026-08-30,9.5,8.0,0.18,N
ODISHA,JAJAPUR,2026-08-31,23.4,6.3,2.72,LE
ODISHA,JAJAPUR,2026-09-01,0.0,11.3,-1.0,NR
ODISHA,JAJAPUR,2026-09-02,0.0,8.8,-1.0,NR
ODISHA,JAJAPUR,2026-09-03,0.0,6.5,-1.0,NR
ODISHA,JAJAPUR,2026-09-04,0.0,13.5,-1.0,NR
ODISHA,JAJAPUR,2026-09-05,0.0,14.5,-1.0,NR
ODISHA,JAJAPUR,2026-09-06,0.0,12.6,-1.0,NR
ODISHA,JAJAPUR,2026-09-07,0.0,10.4,-1.0,NR
ODISHA,JAJAPUR,2026-09-08,0.0,7.6,-1.0,NR
ODISHA,JAJAPUR,2026-09-09,3.9,10.1,-0.61,LD
ODISHA,JAJAPUR,2026-09-10,4.9,7.1,-0.31,D
ODISHA,JAJAPUR,2026-09-11,14.9,10.6,0.41,E
ODISHA,JAJAPUR,2026-09-12,33.9,8.4,3.03,LE
ODISHA,JAJAPUR,2026-09-13,6.9,12.5,-0.45,D
ODISHA,JAJAPUR,2026-09-14,1.1,7.8,-0.86,LD
ODISHA,JAJAPUR,2026-09-15,0.1,7.1,-0.98,LD
ODISHA,JAJAPUR,2026-09-16,3.2,9.2,-0.65,LD
ODISHA,JAJAPUR,2026-09-17,0.0,14.6,-1.0,NR
ODISHA,JAJAPUR,2026-09-18,0.0,10.4,-1.0,NR
ODISHA,JAJAPUR,2026-09-19,0.4,6.6,-0.94,LD
ODISHA,JAJAPUR,2026-09-20,1.0,7.0,-0.86,LD
ODISHA,JAJAPUR,2026-09-21,5.5,10.0,-0.45,D
ODISHA,JAJAPUR,2026-09-22,38.7,13.7,1.82,LE
ODISHA,JAJAPUR,2026-09-23,53.2,10.6,4.02,LE
ODISHA,JAJAPUR,2026-09-24,74.0,6.8,9.88,LE
ODISHA,JAJAPUR,2026-09-25,101.7,8.8,10.56,LE
ODISHA,JAJAPUR,2026-09-26,16.6,7.9,1.11,LE
ODISHA,JAJAPUR,2026-09-27,14.2,3.3,3.31,LE
ODISHA,JAJAPUR,2026-09-28,0.0,4.7,-1.0,NR
ODISHA,JAJAPUR,2026-09-29,0.0,6.7,-1.0,NR
ODISHA,JAJAPUR,2026-09-30,0.0,6.5,-1.0,NR
ODISHA,JAJAPUR,2026-10-01,0.0,6.5,-1.0,NR
ODISHA,JAJAPUR,2026-10-02,0.0,6.4,-1.0,NR
ODISHA,JAJAPUR,2026-10-03,0.0,6.5,-1.0,NR
ODISHA,JAJAPUR,2026-10-04,0.0,6.4,-1.0,NR
ODISHA,JAJAPUR,2026-10-05,0.0,8.9,-1.0,NR
ODISHA,JAJAPUR,2026-10-06,0.0,7.1,-1.0,NR
ODISHA,JAJAPUR,2026-10-07,4.3,8.3,-0.48,D
ODISHA,JAJAPUR,2026-10-08,0.0,7.2,-1.0,NR
ODISHA,JAJAPUR,2026-10-09,0.0,7.9,-1.0,NR
ODISHA,JHARSUGUDA,2026-08-19,27.9,10.1,1.76,LE
ODISHA,JHARSUGUDA,2026-08-20,5.7,20.4,-0.72,LD
ODISHA,JHARSUGUDA,2026-08-21,5.8,9.5,-0.39,D
ODISHA,JHARSUGUDA,2026-08-22,0.3,10.8,-0.97,LD
ODISHA,JHARSUGUDA,2026-08-23,0.0,7.0,-1.0,NR
ODISHA,JHARSUGUDA,2026-08-24,40.6,5.9,5.88,LE
ODISHA,JHARSUGUDA,2026-08-25,22.4,9.0,1.49,LE
ODISHA,JHARSUGUDA,2026-08-26,1.8,9.3,-0.81,LD
ODISHA,JHARSUGUDA,2026-08-27,1.6,15.2,-0.89,LD
ODISHA,JHARSUGUDA,2026-08-28,11.8,11.2,0.05,N
ODISHA,JHARSUGUDA,2026-08-29,0.0,10.8,-1.0,NR
ODISHA,JHARSUGUDA,2026-08-30,11.6,7.3,0.59,LE
ODISHA,JHARSUGUDA,2026-08-31,26.1,9.9,1.63,LE
ODISHA,JHARSUGUDA,2026-09-01,3.7,9.3,-0.61,LD
ODISHA,JHARSUGUDA,2026-09-02,0.0,10.6,-1.0,LD
ODISHA,JHARSUGUDA,2026-09-03,0.3,13.5,-0.98,LD
ODISHA,JHARSUGUDA,2026-09-04,0.9,10.0,-0.91,LD
ODISHA,JHARSUGUDA,2026-09-05,0.2,8.0,-0.98,LD
ODISHA,JHARSUGUDA,2026-09-06,0.0,12.4,-1.0,NR
ODISHA,JHARSUGUDA,2026-09-07,1.0,17.5,-0.94,LD
ODISHA,JHARSUGUDA,2026-09-08,0.0,9.1,-1.0,NR
ODISHA,JHARSUGUDA,2026-09-09,0.5,7.0,-0.92,LD
ODISHA,JHARSUGUDA,2026-09-10,5.0,9.5,-0.47,D
ODISHA,JHARSUGUDA,2026-09-11,30.4,10.2,1.99,LE
ODISHA,JHARSUGUDA,2026-09-12,4.1,12.3,-0.67,LD
ODISHA,JHARSUGUDA,2026-09-13,0.6,6.9,-0.91,LD
ODISHA,JHARSUGUDA,2026-09-14,0.0,6.3,-1.0,LD
ODISHA,JHARSUGUDA,2026-09-15,0.0,6.6,-1.0,NR
ODISHA,JHARSUGUDA,2026-09-16,0.0,3.7,-1.0,NR
ODISHA,JHARSUGUDA,2026-09-17,0.3,6.5,-0.95,LD
ODISHA,JHARSUGUDA,2026-09-18,2.4,8.6,-0.72,LD
ODISHA,JHARSUGUDA,2026-09-19,0.0,7.1,-1.0,NR
ODISHA,JHARSUGUDA,2026-09-20,2.9,6.3,-0.54,D
ODISHA,JHARSUGUDA,2026-09-21,6.2,4.7,0.31,E
ODISHA,JHARSUGUDA,2026-09-22,3.9,4.5,-0.14,N
ODISHA,JHARSUGUDA,2026-09-23,4.4,5.8,-0.25,D
ODISHA,JHARSUGUDA,2026-09-24,16.7,6.0,1.79,LE
ODISHA,JHARSUGUDA,2026-09-25,8.4,5.6,0.5,E
ODISHA,JHARSUGUDA,2026-09-26,34.5,4.8,6.19,LE
ODISHA,JHARSUGUDA,2026-09-27,0.9,3.7,-0.75,LD
ODISHA,JHARSUGUDA,2026-09-28,0.0,3.6,-1.0,NR
ODISHA,JHARSUGUDA,2026-09-29,0.0,2.9,-1.0,NR
ODISHA,JHARSUGUDA,2026-09-30,0.0,3.3,-1.0,NR
ODISHA,JHARSUGUDA,2026-10-01,0.0,3.9,-1.0,NR
ODISHA,JHARSUGUDA,2026-10-02,0.0,2.6,-1.0,NR
ODISHA,JHARSUGUDA,2026-10-03,0.0,4.4,-1.0,NR
ODISHA,JHARSUGUDA,2026-10-04,0.0,3.6,-1.0,NR
ODISHA,JHARSUGUDA,2026-10-05,0.0,2.6,-1.0,NR
ODISHA,JHARSUGUDA,2026-10-06,0.0,3.1,-1.0,NR
ODISHA,JHARSUGUDA,2026-10-07,2.4,3.1,-0.24,D
ODISHA,JHARSUGUDA,2026-10-08,0.0,2.8,-1.0,NR
ODISHA,JHARSUGUDA,2026-10-09,0.0,4.8,-1.0,NR
ODISHA,KALAHANDI,2026-08-19,12.8,19.1,-0.33,D
ODISHA,KALAHANDI,2026-08-20,1.8,16.7,-0.89,LD
ODISHA,KALAHANDI,2026-08-21,4.5,12.5,-0.64,LD
ODISHA,KALAHANDI,2026-08-22,3.0,16.4,-0.82,LD
ODISHA,KALAHANDI,2026-08-23,79.7,10.9,6.31,LE
ODISHA,KALAHANDI,2026-08-24,35.2,8.8,3.0,LE
ODISHA,KALAHANDI,2026-08-25,28.2,8.6,2.28,LE
ODISHA,KALAHANDI,2026-08-26,1.7,13.4,-0.87,LD
ODISHA,KALAHANDI,2026-08-27,13.2,19.0,-0.31,D
ODISHA,KALAHANDI,2026-08-28,4.2,11.3,-0.63,LD
ODISHA,KALAHANDI,2026-08-29,1.0,14.2,-0.93,LD
ODISHA,KALAHANDI,2026-08-30,17.2,13.3,0.3,E
ODISHA,KALAHANDI,2026-08-31,25.9,7.4,2.49,LE
ODISHA,KALAHANDI,2026-09-01,7.0,9.6,-0.27,D
ODISHA,KALAHANDI,2026-09-02,0.2,7.2,-0.97,LD
ODISHA,KALAHANDI,2026-09-03,1.1,10.1,-0.89,LD
ODISHA,KALAHANDI,2026-09-04,0.2,12.7,-0.98,LD
ODISHA,KALAHANDI,2026-09-05,0.5,12.8,-0.96,LD
ODISHA,KALAHANDI,2026-09-06,3.0,11.1,-0.73,LD
ODISHA,KALAHANDI,2026-09-07,1.7,11.5,-0.85,LD
ODISHA,KALAHANDI,2026-09-08,4.3,8.3,-0.48,D
ODISHA,KALAHANDI,2026-09-09,3.9,8.1,-0.52,D
ODISHA,KALAHANDI,2026-09-10,16.7,11.1,0.51,E
ODISHA,KALAHANDI,2026-09-11,89.2,9.6,8.29,LE
ODISHA,KALAHANDI,2026-09-12,24.7,15.3,0.61,LE
ODISHA,KALAHANDI,2026-09-13,10.2,13.2,-0.23,D
ODISHA,KALAHANDI,2026-09-14,11.9,7.3,0.63,LE
ODISHA,KALAHANDI,2026-09-15,0.0,6.0,-1.0,NR
ODISHA,KALAHANDI,2026-09-16,0.0,11.4,-1.0,NR
ODISHA,KALAHANDI,2026-09-17,0.0,10.3,-1.0,NR
ODISHA,KALAHANDI,2026-09-18,1.3,9.9,-0.87,LD
ODISHA,KALAHANDI,2026-09-19,0.1,6.8,-0.98,LD
ODISHA,KALAHANDI,2026-09-20,6.1,6.4,-0.04,N
ODISHA,KALAHANDI,2026-09-21,5.3,8.3,-0.36,D
ODISHA,KALAHANDI,2026-09-22,2.8,4.6,-0.38,D
ODISHA,KALAHANDI,2026-09-23,34.0,4.9,5.95,LE
ODISHA,KALAHANDI,2026-09-24,22.1,5.1,3.33,LE
ODISHA,KALAHANDI,2026-09-25,82.8,3.4,23.37,LE
ODISHA,KALAHANDI,2026-09-26,21.9,4.0,4.47,LE
ODISHA,KALAHANDI,2026-09-27,0.0,3.7,-1.0,NR
ODISHA,KALAHANDI,2026-09-28,0.0,3.2,-1.0,NR
ODISHA,KALAHANDI,2026-09-29,0.0,4.1,-1.0,NR
ODISHA,KALAHANDI,2026-09-30,0.0,6.9,-1.0,NR
ODISHA,KALAHANDI,2026-10-01,0.0,5.6,-1.0,NR
ODISHA,KALAHANDI,2026-10-02,0.0,4.2,-1.0,NR
ODISHA,KALAHANDI,2026-10-03,0.0,3.3,-1.0,NR
ODISHA,KALAHANDI,2026-10-04,0.0,4.2,-1.0,NR
ODISHA,KALAHANDI,2026-10-05,0.0,6.1,-1.0,NR
ODISHA,KALAHANDI,2026-10-06,0.0,5.5,-1.0,NR
ODISHA,KALAHANDI,2026-10-07,0.0,4.0,-1.0,NR
ODISHA,KALAHANDI,2026-10-08,3.2,2.6,0.22,E
ODISHA,KALAHANDI,2026-10-09,0.0,2.1,-1.0,NR
ODISHA,KANDHAMAL,2026-08-19,11.2,11.8,-0.05,N
ODISHA,KANDHAMAL,2026-08-20,1.2,13.0,-0.91,LD
ODISHA,KANDHAMAL,2026-08-21,0.0,13.0,-1.0,NR
ODISHA,KANDHAMAL,2026-08-22,0.8,11.2,-0.93,LD
ODISHA,KANDHAMAL,2026-08-23,2.5,11.1,-0.77,LD
ODISHA,KANDHAMAL,2026-08-24,31.0,6.3,3.92,LE
ODISHA,KANDHAMAL,2026-08-25,18.7,5.2,2.6,LE
ODISHA,KANDHAMAL,2026-08-26,0.0,11.5,-1.0,NR
ODISHA,KANDHAMAL,2026-08-27,0.2,15.2,-0.98,LD
ODISHA,KANDHAMAL,2026-08-28,0.6,15.5,-0.96,LD
ODISHA,KANDHAMAL,2026-08-29,0.6,14.2,-0.96,LD
ODISHA,KANDHAMAL,2026-08-30,25.3,13.4,0.89,LE
ODISHA,KANDHAMAL,2026-08-31,14.9,9.3,0.6,LE
ODISHA,KANDHAMAL,2026-09-01,9.1,8.7,0.05,N
ODISHA,KANDHAMAL,2026-09-02,0.9,10.6,-0.92,LD
ODISHA,KANDHAMAL,2026-09-03,0.4,8.4,-0.95,LD
ODISHA,KANDHAMAL,2026-09-04,0.2,10.5,-0.98,LD
ODISHA,KANDHAMAL,2026-09-05,0.1,10.5,-0.99,LD
ODISHA,KANDHAMAL,2026-09-06,0.0,13.3,-1.0,NR
ODISHA,KANDHAMAL,2026-09-07,0.3,10.7,-0.97,LD
ODISHA,KANDHAMAL,2026-09-08,0.0,8.0,-1.0,NR
ODISHA,KANDHAMAL,2026-09-09,0.0,7.5,-1.0,NR
ODISHA,KANDHAMAL,2026-09-10,27.1,10.0,1.71,LE
ODISHA,KANDHAMAL,2026-09-11,32.8,8.5,2.86,LE
ODISHA,KANDHAMAL,2026-09-12,31.0,12.6,1.46,LE
ODISHA,KANDHAMAL,2026-09-13,18.4,11.1,0.66,LE
ODISHA,KANDHAMAL,2026-09-14,21.8,7.9,1.76,LE
ODISHA,KANDHAMAL,2026-09-15,9.5,7.1,0.34,E
ODISHA,KANDHAMAL,2026-09-16,2.3,9.8,-0.77,LD
ODISHA,KANDHAMAL,2026-09-17,5.4,11.2,-0.52,D
ODISHA,KANDHAMAL,2026-09-18,4.2,12.9,-0.68,LD
ODISHA,KANDHAMAL,2026-09-19,11.4,10.6,0.07,N
ODISHA,KANDHAMAL,2026-09-20,12.9,6.8,0.89,LE
ODISHA,KANDHAMAL,2026-09-21,2.4,10.0,-0.76,LD
ODISHA,KANDHAMAL,2026-09-22,8.3,7.6,0.09,N
ODISHA,KANDHAMAL,2026-09-23,27.9,9.4,1.97,LE
ODISHA,KANDHAMAL,2026-09-24,55.1,6.1,8.03,LE
ODISHA,KANDHAMAL,2026-09-25,74.2,6.4,10.59,LE
ODISHA,KANDHAMAL,2026-09-26,18.7,6.2,2.02,LE
ODISHA,KANDHAMAL,2026-09-27,0.4,4.4,-0.92,LD
ODISHA,KANDHAMAL,2026-09-28,0.0,4.0,-1.0,NR
ODISHA,KANDHAMAL,2026-09-29,0.0,5.3,-1.0,NR
ODISHA,KANDHAMAL,2026-09-30,0.0,7.3,-1.0,NR
ODISHA,KANDHAMAL,2026-10-01,0.0,7.7,-1.0,NR
ODISHA,KANDHAMAL,2026-10-02,0.0,4.6,-1.0,NR
ODISHA,KANDHAMAL,2026-10-03,1.1,5.2,-0.79,LD
ODISHA,KANDHAMAL,2026-10-04,0.0,6.2,-1.0,NR
ODISHA,KANDHAMAL,2026-10-05,0.0,5.9,-1.0,NR
ODISHA,KANDHAMAL,2026-10-06,0.0,6.2,-1.0,NR
ODISHA,KANDHAMAL,2026-10-07,0.0,7.9,-1.0,NR
ODISHA,KANDHAMAL,2026-10-08,5.8,6.6,-0.13,N
ODISHA,KANDHAMAL,2026-10-09,0.0,4.9,-1.0,NR
ODISHA,KENDRAPARHA,2026-08-19,0.2,11.8,-0.98,LD
ODISHA,KENDRAPARHA,2026-08-20,4.7,14.6,-0.68,LD
ODISHA,KENDRAPARHA,2026-08-21,0.3,9.7,-0.97,LD
ODISHA,KENDRAPARHA,2026-08-22,0.0,6.7,-1.0,NR
ODISHA,KENDRAPARHA,2026-08-23,6.2,7.2,-0.13,N
ODISHA,KENDRAPARHA,2026-08-24,31.3,5.3,4.91,LE
ODISHA,KENDRAPARHA,2026-08-25,3.8,8.4,-0.55,D
ODISHA,KENDRAPARHA,2026-08-26,1.4,10.8,-0.87,LD
ODISHA,KENDRAPARHA,2026-08-27,0.0,14.2,-1.0,NR
ODISHA,KENDRAPARHA,2026-08-28,3.2,14.9,-0.79,LD
ODISHA,KENDRAPARHA,2026-08-29,0.0,12.8,-1.0,NR
ODISHA,KENDRAPARHA,2026-08-30,51.7,6.9,6.49,LE
ODISHA,KENDRAPARHA,2026-08-31,28.0,6.4,3.38,LE
ODISHA,KENDRAPARHA,2026-09-01,0.0,8.2,-1.0,NR
ODISHA,KENDRAPARHA,2026-09-02,0.0,5.8,-1.0,NR
ODISHA,KENDRAPARHA,2026-09-03,0.0,8.0,-1.0,NR
ODISHA,KENDRAPARHA,2026-09-04,0.8,13.5,-0.94,LD
ODISHA,KENDRAPARHA,2026-09-05,4.0,13.3,-0.7,LD
ODISHA,KENDRAPARHA,2026-09-06,0.0,13.7,-1.0,NR
ODISHA,KENDRAPARHA,2026-09-07,1.8,10.5,-0.83,LD
ODISHA,KENDRAPARHA,2026-09-08,0.0,5.6,-1.0,NR
ODISHA,KENDRAPARHA,2026-09-09,0.0,11.1,-1.0,NR
ODISHA,KENDRAPARHA,2026-09-10,3.3,7.0,-0.53,D
ODISHA,KENDRAPARHA,2026-09-11,42.2,7.9,4.34,LE
ODISHA,KENDRAPARHA,2026-09-12,16.5,8.5,0.94,LE
ODISHA,KENDRAPARHA,2026-09-13,0.0,9.3,-1.0,NR
ODISHA,KENDRAPARHA,2026-09-14,0.2,8.9,-0.98,LD
ODISHA,KENDRAPARHA,2026-09-15,0.7,8.1,-0.91,LD
ODISHA,KENDRAPARHA,2026-09-16,0.9,7.7,-0.88,LD
ODISHA,KENDRAPARHA,2026-09-17,7.3,11.3,-0.35,D
ODISHA,KENDRAPARHA,2026-09-18,3.2,7.1,-0.55,D
ODISHA,KENDRAPARHA,2026-09-19,20.5,6.6,2.11,LE
ODISHA,KENDRAPARHA,2026-09-20,2.0,7.1,-0.72,LD
ODISHA,KENDRAPARHA,2026-09-21,26.7,9.1,1.93,LE
ODISHA,KENDRAPARHA,2026-09-22,45.1,9.6,3.7,LE
ODISHA,KENDRAPARHA,2026-09-23,37.7,8.1,3.65,LE
ODISHA,KENDRAPARHA,2026-09-24,40.7,8.4,3.85,LE
ODISHA,KENDRAPARHA,2026-09-25,101.4,7.6,12.34,LE
ODISHA,KENDRAPARHA,2026-09-26,13.0,7.7,0.69,LE
ODISHA,KENDRAPARHA,2026-09-27,11.4,5.9,0.93,LE
ODISHA,KENDRAPARHA,2026-09-28,0.0,5.7,-1.0,NR
ODISHA,KENDRAPARHA,2026-09-29,0.0,3.5,-1.0,NR
ODISHA,KENDRAPARHA,2026-09-30,0.0,4.8,-1.0,NR
ODISHA,KENDRAPARHA,2026-10-01,0.0,7.7,-1.0,NR
ODISHA,KENDRAPARHA,2026-10-02,0.0,5.8,-1.0,NR
ODISHA,KENDRAPARHA,2026-10-03,0.0,6.7,-1.0,NR
ODISHA,KENDRAPARHA,2026-10-04,0.0,8.8,-1.0,NR
ODISHA,KENDRAPARHA,2026-10-05,0.0,11.2,-1.0,NR
ODISHA,KENDRAPARHA,2026-10-06,0.0,10.7,-1.0,NR
ODISHA,KENDRAPARHA,2026-10-07,0.0,10.6,-1.0,NR
ODISHA,KENDRAPARHA,2026-10-08,0.0,12.9,-1.0,NR
ODISHA,KENDRAPARHA,2026-10-09,0.0,9.8,-1.0,NR
ODISHA,KENDUJHAR,2026-08-19,8.8,11.7,-0.25,D
ODISHA,KENDUJHAR,2026-08-20,2.9,16.2,-0.82,LD
ODISHA,KENDUJHAR,2026-08-21,0.3,8.9,-0.97,LD
ODISHA,KENDUJHAR,2026-08-22,0.2,11.4,-0.98,LD
ODISHA,KENDUJHAR,2026-08-23,13.2,8.3,0.59,LE
ODISHA,KENDUJHAR,2026-08-24,67.1,7.7,7.72,LE
ODISHA,KENDUJHAR,2026-08-25,6.3,7.1,-0.11,N
ODISHA,KENDUJHAR,2026-08-26,1.0,11.7,-0.92,LD
ODISHA,KENDUJHAR,2026-08-27,1.6,15.0,-0.89,LD
ODISHA,KENDUJHAR,2026-08-28,7.5,11.5,-0.35,D
ODISHA,KENDUJHAR,2026-08-29,11.3,10.0,0.13,N
ODISHA,KENDUJHAR,2026-08-30,16.7,9.5,0.75,LE
ODISHA,KENDUJHAR,2026-08-31,51.9,5.5,8.43,LE
ODISHA,KENDUJHAR,2026-09-01,14.7,7.7,0.91,LE
ODISHA,KENDUJHAR,2026-09-02,0.4,10.7,-0.96,LD
ODISHA,KENDUJHAR,2026-09-03,0.2,9.0,-0.98,LD
ODISHA,KENDUJHAR,2026-09-04,0.3,10.1,-0.97,LD
ODISHA,KENDUJHAR,2026-09-05,0.2,11.3,-0.98,LD
ODISHA,KENDUJHAR,2026-09-06,0.0,10.5,-1.0,NR
ODISHA,KENDUJHAR,2026-09-07,8.0,10.3,-0.22,D
ODISHA,KENDUJHAR,2026-09-08,1.1,6.0,-0.81,LD
ODISHA,KENDUJHAR,2026-09-09,1.9,8.0,-0.76,LD
ODISHA,KENDUJHAR,2026-09-10,13.3,7.6,0.75,LE
ODISHA,KENDUJHAR,2026-09-11,15.8,8.8,0.8,LE
ODISHA,KENDUJHAR,2026-09-12,18.4,9.8,0.88,LE
ODISHA,KENDUJHAR,2026-09-13,11.6,7.6,0.52,E
ODISHA,KENDUJHAR,2026-09-14,0.5,8.4,-0.94,LD
ODISHA,KENDUJHAR,2026-09-15,1.2,8.6,-0.86,LD
ODISHA,KENDUJHAR,2026-09-16,0.3,8.1,-0.96,LD
ODISHA,KENDUJHAR,2026-09-17,9.3,8.5,0.1,N
ODISHA,KENDUJHAR,2026-09-18,5.0,8.5,-0.41,D
ODISHA,KENDUJHAR,2026-09-19,8.6,6.2,0.39,E
ODISHA,KENDUJHAR,2026-09-20,2.6,6.1,-0.58,D
ODISHA,KENDUJHAR,2026-09-21,8.7,8.3,0.05,N
ODISHA,KENDUJHAR,2026-09-22,7.4,11.0,-0.33,D
ODISHA,KENDUJHAR,2026-09-23,30.3,10.7,1.83,LE
ODISHA,KENDUJHAR,2026-09-24,52.1,5.8,7.98,LE
ODISHA,KENDUJHAR,2026-09-25,79.0,6.0,12.17,LE
ODISHA,KENDUJHAR,2026-09-26,42.1,5.8,6.26,LE
ODISHA,KENDUJHAR,2026-09-27,5.6,4.7,0.2,E
ODISHA,KENDUJHAR,2026-09-28,0.0,4.6,-1.0,NR
ODISHA,KENDUJHAR,2026-09-29,0.2,6.6,-0.97,LD
ODISHA,KENDUJHAR,2026-09-30,0.0,5.0,-1.0,NR
ODISHA,KENDUJHAR,2026-10-01,0.0,6.7,-0.99,LD
ODISHA,KENDUJHAR,2026-10-02,0.0,5.1,-1.0,NR
ODISHA,KENDUJHAR,2026-10-03,0.0,5.1,-1.0,NR
ODISHA,KENDUJHAR,2026-10-04,0.0,4.7,-1.0,NR
ODISHA,KENDUJHAR,2026-10-05,0.0,4.2,-1.0,NR
ODISHA,KENDUJHAR,2026-10-06,0.0,4.2,-1.0,NR
ODISHA,KENDUJHAR,2026-10-07,0.5,5.5,-0.9,LD
ODISHA,KENDUJHAR,2026-10-08,0.4,6.3,-0.94,LD
ODISHA,KENDUJHAR,2026-10-09,3.2,4.7,-0.31,D
ODISHA,KHORDHA,2026-08-19,3.3,10.1,-0.68,LD
ODISHA,KHORDHA,2026-08-20,7.7,14.4,-0.47,D
ODISHA,KHORDHA,2026-08-21,8.8,11.2,-0.21,D
ODISHA,KHORDHA,2026-08-22,28.8,9.9,1.91,LE
ODISHA,KHORDHA,2026-08-23,4.0,6.9,-0.42,D
ODISHA,KHORDHA,2026-08-24,18.0,8.9,1.02,LE
ODISHA,KHORDHA,2026-08-25,12.5,6.3,0.98,LE
ODISHA,KHORDHA,2026-08-26,11.4,11.7,-0.02,N
ODISHA,KHORDHA,2026-08-27,0.0,11.6,-1.0,NR
ODISHA,KHORDHA,2026-08-28,9.8,15.4,-0.37,D
ODISHA,KHORDHA,2026-08-29,1.2,14.3,-0.91,LD
ODISHA,KHORDHA,2026-08-30,12.8,12.4,0.03,N
ODISHA,KHORDHA,2026-08-31,28.0,5.7,3.91,LE
ODISHA,KHORDHA,2026-09-01,1.6,9.0,-0.82,LD
ODISHA,KHORDHA,2026-09-02,0.0,7.8,-1.0,NR
ODISHA,KHORDHA,2026-09-03,3.2,6.0,-0.47,D
ODISHA,KHORDHA,2026-09-04,0.1,8.9,-0.99,LD
ODISHA,KHORDHA,2026-09-05,0.0,10.8,-1.0,NR
ODISHA,KHORDHA,2026-09-06,0.8,8.8,-0.91,LD
ODISHA,KHORDHA,2026-09-07,2.4,9.8,-0.75,LD
ODISHA,KHORDHA,2026-09-08,7.3,7.3,0.0,N
ODISHA,KHORDHA,2026-09-09,0.0,10.4,-1.0,NR
ODISHA,KHORDHA,2026-09-10,50.1,8.1,5.19,LE
ODISHA,KHORDHA,2026-09-11,7.9,9.2,-0.14,N
ODISHA,KHORDHA,2026-09-12,19.1,9.3,1.05,LE
ODISHA,KHORDHA,2026-09-13,7.8,7.2,0.08,N
ODISHA,KHORDHA,2026-09-14,10.1,6.9,0.47,E
ODISHA,KHORDHA,2026-09-15,7.4,6.0,0.23,E
ODISHA,KHORDHA,2026-09-16,2.7,8.2,-0.67,LD
ODISHA,KHORDHA,2026-09-17,4.8,8.5,-0.43,D
ODISHA,KHORDHA,2026-09-18,1.6,10.1,-0.85,LD
ODISHA,KHORDHA,2026-09-19,5.4,8.6,-0.37,D
ODISHA,KHORDHA,2026-09-20,7.6,9.1,-0.16,N
ODISHA,KHORDHA,2026-09-21,7.0,10.2,-0.31,D
ODISHA,KHORDHA,2026-09-22,22.3,8.7,1.56,LE
ODISHA,KHORDHA,2026-09-23,42.4,5.8,6.3,LE
ODISHA,KHORDHA,2026-09-24,70.3,5.9,10.92,LE
ODISHA,KHORDHA,2026-09-25,43.7,8.5,4.14,LE
ODISHA,KHORDHA,2026-09-26,42.6,6.9,5.17,LE
ODISHA,KHORDHA,2026-09-27,2.5,4.6,-0.47,D
ODISHA,KHORDHA,2026-09-28,0.0,4.8,-1.0,NR
ODISHA,KHORDHA,2026-09-29,3.1,8.9,-0.65,LD
ODISHA,KHORDHA,2026-09-30,0.0,7.0,-1.0,NR
ODISHA,KHORDHA,2026-10-01,0.0,6.6,-1.0,NR
ODISHA,KHORDHA,2026-10-02,0.0,7.3,-1.0,NR
ODISHA,KHORDHA,2026-10-03,0.0,6.6,-1.0,NR
ODISHA,KHORDHA,2026-10-04,0.0,7.6,-1.0,NR
ODISHA,KHORDHA,2026-10-05,0.0,10.4,-1.0,NR
ODISHA,KHORDHA,2026-10-06,0.0,7.6,-1.0,NR
ODISHA,KHORDHA,2026-10-07,0.0,8.3,-1.0,NR
ODISHA,KHORDHA,2026-10-08,0.0,7.3,-1.0,NR
ODISHA,KHORDHA,2026-10-09,3.7,5.1,-0.28,D
ODISHA,KORAPUT,2026-08-19,6.4,15.5,-0.59,D
ODISHA,KORAPUT,2026-08-20,7.7,14.6,-0.47,D
ODISHA,KORAPUT,2026-08-21,4.8,9.1,-0.47,D
ODISHA,KORAPUT,2026-08-22,26.1,9.5,1.74,LE
ODISHA,KORAPUT,2026-08-23,72.5,8.0,8.07,LE
ODISHA,KORAPUT,2026-08-24,50.0,5.7,7.78,LE
ODISHA,KORAPUT,2026-08-25,13.2,7.9,0.67,LE
ODISHA,KORAPUT,2026-08-26,3.4,11.1,-0.7,LD
ODISHA,KORAPUT,2026-08-27,12.5,14.8,-0.15,N
ODISHA,KORAPUT,2026-08-28,18.4,12.6,0.46,E
ODISHA,KORAPUT,2026-08-29,0.2,9.1,-0.97,LD
ODISHA,KORAPUT,2026-08-30,17.0,9.2,0.85,LE
ODISHA,KORAPUT,2026-08-31,25.9,13.4,0.93,LE
ODISHA,KORAPUT,2026-09-01,7.0,7.7,-0.09,N
ODISHA,KORAPUT,2026-09-02,0.4,9.4,-0.96,LD
ODISHA,KORAPUT,2026-09-03,6.0,11.8,-0.49,D
ODISHA,KORAPUT,2026-09-04,1.3,14.1,-0.91,LD
ODISHA,KORAPUT,2026-09-05,0.0,11.0,-1.0,NR
ODISHA,KORAPUT,2026-09-06,0.6,9.9,-0.94,LD
ODISHA,KORAPUT,2026-09-07,1.9,11.5,-0.84,LD
ODISHA,KORAPUT,2026-09-08,7.3,9.5,-0.23,D
ODISHA,KORAPUT,2026-09-09,0.1,7.4,-0.98,LD
ODISHA,KORAPUT,2026-09-10,5.7,8.6,-0.34,D
ODISHA,KORAPUT,2026-09-11,36.9,9.5,2.89,LE
ODISHA,KORAPUT,2026-09-12,22.2,12.3,0.8,LE
ODISHA,KORAPUT,2026-09-13,9.6,9.6,0.0,N
ODISHA,KORAPUT,2026-09-14,1.7,11.0,-0.85,LD
ODISHA,KORAPUT,2026-09-15,3.0,10.3,-0.71,LD
ODISHA,KORAPUT,2026-09-16,0.8,10.3,-0.92,LD
ODISHA,KORAPUT,2026-09-17,4.0,6.1,-0.35,D
ODISHA,KORAPUT,2026-09-18,0.3,11.6,-0.97,LD
ODISHA,KORAPUT,2026-09-19,7.0,13.2,-0.47,D
ODISHA,KORAPUT,2026-09-20,34.3,9.7,2.54,LE
ODISHA,KORAPUT,2026-09-21,0.1,12.2,-0.99,LD
ODISHA,KORAPUT,2026-09-22,2.4,7.4,-0.68,LD
ODISHA,KORAPUT,2026-09-23,111.6,5.7,18.58,LE
ODISHA,KORAPUT,2026-09-24,67.4,4.0,15.86,LE
ODISHA,KORAPUT,2026-09-25,203.7,4.7,42.33,LE
ODISHA,KORAPUT,2026-09-26,28.4,3.5,7.13,LE
ODISHA,KORAPUT,2026-09-27,0.0,4.5,-1.0,NR
ODISHA,KORAPUT,2026-09-28,0.0,3.0,-1.0,NR
ODISHA,KORAPUT,2026-09-29,3.7,4.6,-0.2,D
ODISHA,KORAPUT,2026-09-30,0.0,7.5,-1.0,NR
ODISHA,KORAPUT,2026-10-01,0.0,9.0,-1.0,NR
ODISHA,KORAPUT,2026-10-02,0.0,3.9,-1.0,NR
ODISHA,KORAPUT,2026-10-03,1.3,4.8,-0.72,LD
ODISHA,KORAPUT,2026-10-04,0.0,9.5,-1.0,NR
ODISHA,KORAPUT,2026-10-05,0.0,8.9,-1.0,NR
ODISHA,KORAPUT,2026-10-06,0.0,5.9,-1.0,NR
ODISHA,KORAPUT,2026-10-07,0.0,5.0,-1.0,NR
ODISHA,KORAPUT,2026-10-08,9.1,4.8,0.9,LE
ODISHA,KORAPUT,2026-10-09,0.0,3.8,-1.0,NR
ODISHA,MALKANGIRI,2026-08-19,2.8,14.1,-0.8,LD
ODISHA,MALKANGIRI,2026-08-20,4.0,11.9,-0.66,LD
ODISHA,MALKANGIRI,2026-08-21,7.2,9.9,-0.27,D
ODISHA,MALKANGIRI,2026-08-22,12.2,14.5,-0.16,N
ODISHA,MALKANGIRI,2026-08-23,45.5,11.0,3.14,LE
ODISHA,MALKANGIRI,2026-08-24,46.8,9.0,4.2,LE
ODISHA,MALKANGIRI,2026-08-25,21.7,7.6,1.86,LE
ODISHA,MALKANGIRI,2026-08-26,13.0,5.2,1.51,LE
ODISHA,MALKANGIRI,2026-08-27,22.1,11.3,0.96,LE
ODISHA,MALKANGIRI,2026-08-28,0.4,16.0,-0.98,LD
ODISHA,MALKANGIRI,2026-08-29,6.1,12.9,-0.53,D
ODISHA,MALKANGIRI,2026-08-30,11.0,10.0,0.1,N
ODISHA,MALKANGIRI,2026-08-31,5.4,11.7,-0.54,D
ODISHA,MALKANGIRI,2026-09-01,5.7,9.7,-0.41,D
ODISHA,MALKANGIRI,2026-09-02,0.0,9.2,-1.0,NR
ODISHA,MALKANGIRI,2026-09-03,0.5,11.7,-0.96,LD
ODISHA,MALKANGIRI,2026-09-04,0.0,8.5,-1.0,NR
ODISHA,MALKANGIRI,2026-09-05,0.7,13.3,-0.95,LD
ODISHA,MALKANGIRI,2026-09-06,0.0,7.7,-1.0,NR
ODISHA,MALKANGIRI,2026-09-07,0.0,12.2,-1.0,LD
ODISHA,MALKANGIRI,2026-09-08,5.3,7.0,-0.24,D
ODISHA,MALKANGIRI,2026-09-09,2.5,12.5,-0.8,LD
ODISHA,MALKANGIRI,2026-09-10,5.0,10.5,-0.52,D
ODISHA,MALKANGIRI,2026-09-11,82.4,8.4,8.8,LE
ODISHA,MALKANGIRI,2026-09-12,116.6,11.0,9.6,LE
ODISHA,MALKANGIRI,2026-09-13,18.2,9.3,0.95,LE
ODISHA,MALKANGIRI,2026-09-14,3.4,6.2,-0.46,D
ODISHA,MALKANGIRI,2026-09-15,2.6,4.8,-0.47,D
ODISHA,MALKANGIRI,2026-09-16,0.0,5.0,-1.0,NR
ODISHA,MALKANGIRI,2026-09-17,2.3,8.3,-0.72,LD
ODISHA,MALKANGIRI,2026-09-18,0.0,11.0,-1.0,NR
ODISHA,MALKANGIRI,2026-09-19,14.4,9.6,0.5,E
ODISHA,MALKANGIRI,2026-09-20,12.8,11.6,0.1,N
ODISHA,MALKANGIRI,2026-09-21,0.0,17.3,-1.0,NR
ODISHA,MALKANGIRI,2026-09-22,2.2,5.7,-0.62,LD
ODISHA,MALKANGIRI,2026-09-23,41.7,4.8,7.68,LE
ODISHA,MALKANGIRI,2026-09-24,87.5,2.5,33.98,LE
ODISHA,MALKANGIRI,2026-09-25,146.2,3.2,44.7,LE
ODISHA,MALKANGIRI,2026-09-26,14.7,3.7,2.97,LE
ODISHA,MALKANGIRI,2026-09-27,0.0,5.5,-1.0,NR
ODISHA,MALKANGIRI,2026-09-28,0.0,4.9,-1.0,NR
ODISHA,MALKANGIRI,2026-09-29,1.8,8.2,-0.78,LD
ODISHA,MALKANGIRI,2026-09-30,0.0,4.9,-1.0,NR
ODISHA,MALKANGIRI,2026-10-01,0.0,6.0,-1.0,NR
ODISHA,MALKANGIRI,2026-10-02,0.0,6.7,-1.0,NR
ODISHA,MALKANGIRI,2026-10-03,0.0,2.5,-1.0,NR
ODISHA,MALKANGIRI,2026-10-04,0.0,8.9,-1.0,NR
ODISHA,MALKANGIRI,2026-10-05,0.0,5.6,-1.0,NR
ODISHA,MALKANGIRI,2026-10-06,0.0,7.7,-1.0,NR
ODISHA,MALKANGIRI,2026-10-07,0.0,6.8,-1.0,NR
ODISHA,MALKANGIRI,2026-10-08,0.0,4.3,-1.0,NR
ODISHA,MALKANGIRI,2026-10-09,0.0,1.7,-1.0,NR
ODISHA,MAYURBHANJ,2026-08-19,5.3,14.3,-0.63,LD
ODISHA,MAYURBHANJ,2026-08-20,1.5,16.7,-0.91,LD
ODISHA,MAYURBHANJ,2026-08-21,0.0,11.8,-1.0,NR
ODISHA,MAYURBHANJ,2026-08-22,4.1,11.3,-0.64,LD
ODISHA,MAYURBHANJ,2026-08-23,11.6,9.0,0.29,E
ODISHA,MAYURBHANJ,2026-08-24,54.0,6.5,7.3,LE
ODISHA,MAYURBHANJ,2026-08-25,7.6,7.3,0.05,N
ODISHA,MAYURBHANJ,2026-08-26,0.3,12.0,-0.98,LD
ODISHA,MAYURBHANJ,2026-08-27,7.8,12.2,-0.36,D
ODISHA,MAYURBHANJ,2026-08-28,26.7,13.7,0.95,LE
ODISHA,MAYURBHANJ,2026-08-29,35.6,10.2,2.49,LE
ODISHA,MAYURBHANJ,2026-08-30,23.1,8.3,1.78,LE
ODISHA,MAYURBHANJ,2026-08-31,52.0,7.6,5.84,LE
ODISHA,MAYURBHANJ,2026-09-01,91.9,7.0,12.13,LE
ODISHA,MAYURBHANJ,2026-09-02,4.4,11.7,-0.63,LD
ODISHA,MAYURBHANJ,2026-09-03,2.6,9.8,-0.73,LD
ODISHA,MAYURBHANJ,2026-09-04,0.5,12.6,-0.96,LD
ODISHA,MAYURBHANJ,2026-09-05,0.2,12.0,-0.98,LD
ODISHA,MAYURBHANJ,2026-09-06,7.9,9.9,-0.2,D
ODISHA,MAYURBHANJ,2026-09-07,5.6,8.3,-0.32,D
ODISHA,MAYURBHANJ,2026-09-08,20.4,6.6,2.09,LE
ODISHA,MAYURBHANJ,2026-09-09,8.9,9.7,-0.09,N
ODISHA,MAYURBHANJ,2026-09-10,9.6,10.1,-0.04,N
ODISHA,MAYURBHANJ,2026-09-11,16.4,8.8,0.86,LE
ODISHA,MAYURBHANJ,2026-09-12,27.9,8.3,2.37,LE
ODISHA,MAYURBHANJ,2026-09-13,4.9,10.1,-0.52,D
ODISHA,MAYURBHANJ,2026-09-14,0.9,9.0,-0.9,LD
ODISHA,MAYURBHANJ,2026-09-15,1.0,7.6,-0.87,LD
ODISHA,MAYURBHANJ,2026-09-16,0.0,6.5,-0.99,LD
ODISHA,MAYURBHANJ,2026-09-17,5.6,8.6,-0.35,D
ODISHA,MAYURBHANJ,2026-09-18,4.0,9.5,-0.58,D
ODISHA,MAYURBHANJ,2026-09-19,11.6,7.8,0.48,E
ODISHA,MAYURBHANJ,2026-09-20,5.2,7.2,-0.28,D
ODISHA,MAYURBHANJ,2026-09-21,17.0,8.5,1.0,LE
ODISHA,MAYURBHANJ,2026-09-22,9.8,12.6,-0.23,D
ODISHA,MAYURBHANJ,2026-09-23,36.0,9.8,2.67,LE
ODISHA,MAYURBHANJ,2026-09-24,57.8,7.6,6.61,LE
ODISHA,MAYURBHANJ,2026-09-25,70.6,6.4,10.03,LE
ODISHA,MAYURBHANJ,2026-09-26,36.9,7.4,3.99,LE
ODISHA,MAYURBHANJ,2026-09-27,10.8,5.2,1.08,LE
ODISHA,MAYURBHANJ,2026-09-28,0.0,4.2,-0.99,LD
ODISHA,MAYURBHANJ,2026-09-29,0.5,5.7,-0.92,LD
ODISHA,MAYURBHANJ,2026-09-30,0.0,6.9,-1.0,NR
ODISHA,MAYURBHANJ,2026-10-01,0.6,7.9,-0.92,LD
ODISHA,MAYURBHANJ,2026-10-02,0.0,6.9,-1.0,NR
ODISHA,MAYURBHANJ,2026-10-03,0.0,4.2,-1.0,NR
ODISHA,MAYURBHANJ,2026-10-04,0.0,4.3,-1.0,NR
ODISHA,MAYURBHANJ,2026-10-05,0.0,6.5,-1.0,NR
ODISHA,MAYURBHANJ,2026-10-06,0.0,5.2,-1.0,NR
ODISHA,MAYURBHANJ,2026-10-07,0.4,5.9,-0.94,LD
ODISHA,MAYURBHANJ,2026-10-08,5.7,5.2,0.1,N
ODISHA,MAYURBHANJ,2026-10-09,9.6,4.1,1.35,LE
ODISHA,NABARANGAPUR,2026-08-19,5.6,22.1,-0.75,LD
ODISHA,NABARANGAPUR,2026-08-20,6.5,17.3,-0.62,LD
ODISHA,NABARANGAPUR,2026-08-21,2.7,10.5,-0.74,LD
ODISHA,NABARANGAPUR,2026-08-22,31.5,11.0,1.87,LE
ODISHA,NABARANGAPUR,2026-08-23,107.9,10.0,9.79,LE
ODISHA,NABARANGAPUR,2026-08-24,72.4,7.4,8.79,LE
ODISHA,NABARANGAPUR,2026-08-25,4.9,11.5,-0.57,D
ODISHA,NABARANGAPUR,2026-08-26,8.6,15.3,-0.44,D
ODISHA,NABARANGAPUR,2026-08-27,26.4,16.4,0.61,LE
ODISHA,NABARANGAPUR,2026-08-28,4.5,17.0,-0.73,LD
ODISHA,NABARANGAPUR,2026-08-29,0.1,13.2,-0.99,LD
ODISHA,NABARANGAPUR,2026-08-30,26.8,16.7,0.61,LE
ODISHA,NABARANGAPUR,2026-08-31,13.9,11.1,0.25,E
ODISHA,NABARANGAPUR,2026-09-01,1.9,9.6,-0.8,LD
ODISHA,NABARANGAPUR,2026-09-02,0.0,9.8,-1.0,NR
ODISHA,NABARANGAPUR,2026-09-03,1.0,10.8,-0.91,LD
ODISHA,NABARANGAPUR,2026-09-04,0.0,19.3,-1.0,NR
ODISHA,NABARANGAPUR,2026-09-05,1.6,12.8,-0.88,LD
ODISHA,NABARANGAPUR,2026-09-06,0.8,11.9,-0.93,LD
ODISHA,NABARANGAPUR,2026-09-07,0.6,13.1,-0.96,LD
ODISHA,NABARANGAPUR,2026-09-08,18.7,8.2,1.28,LE
ODISHA,NABARANGAPUR,2026-09-09,4.5,6.7,-0.34,D
ODISHA,NABARANGAPUR,2026-09-10,2.9,7.7,-0.62,LD
ODISHA,NABARANGAPUR,2026-09-11,42.9,6.9,5.22,LE
ODISHA,NABARANGAPUR,2026-09-12,47.5,14.5,2.28,LE
ODISHA,NABARANGAPUR,2026-09-13,5.6,10.0,-0.44,D
ODISHA,NABARANGAPUR,2026-09-14,2.2,8.0,-0.73,LD
ODISHA,NABARANGAPUR,2026-09-15,2.4,10.8,-0.77,LD
ODISHA,NABARANGAPUR,2026-09-16,4.2,9.1,-0.54,D
ODISHA,NABARANGAPUR,2026-09-17,1.0,6.5,-0.84,LD
ODISHA,NABARANGAPUR,2026-09-18,0.0,11.1,-1.0,NR
ODISHA,NABARANGAPUR,2026-09-19,6.5,8.5,-0.23,D
ODISHA,NABARANGAPUR,2026-09-20,4.6,7.7,-0.4,D
ODISHA,NABARANGAPUR,2026-09-21,0.0,11.2,-1.0,NR
ODISHA,NABARANGAPUR,2026-09-22,0.4,6.0,-0.94,LD
ODISHA,NABARANGAPUR,2026-09-23,59.1,5.4,9.94,LE
ODISHA,NABARANGAPUR,2026-09-24,48.1,6.2,6.76,LE
ODISHA,NABARANGAPUR,2026-09-25,231.9,4.2,54.21,LE
ODISHA,NABARANGAPUR,2026-09-26,56.4,3.8,13.85,LE
ODISHA,NABARANGAPUR,2026-09-27,0.5,4.1,-0.89,LD
ODISHA,NABARANGAPUR,2026-09-28,0.0,2.2,-1.0,NR
ODISHA,NABARANGAPUR,2026-09-29,0.0,5.6,-1.0,NR
ODISHA,NABARANGAPUR,2026-09-30,0.4,12.2,-0.97,LD
ODISHA,NABARANGAPUR,2026-10-01,0.9,8.1,-0.89,LD
ODISHA,NABARANGAPUR,2026-10-02,0.0,5.3,-1.0,NR
ODISHA,NABARANGAPUR,2026-10-03,0.0,5.0,-1.0,NR
ODISHA,NABARANGAPUR,2026-10-04,0.0,5.3,-1.0,NR
ODISHA,NABARANGAPUR,2026-10-05,0.0,5.8,-1.0,NR
ODISHA,NABARANGAPUR,2026-10-06,0.0,4.2,-1.0,NR
ODISHA,NABARANGAPUR,2026-10-07,0.0,5.6,-1.0,NR
ODISHA,NABARANGAPUR,2026-10-08,0.8,3.2,-0.76,LD
ODISHA,NABARANGAPUR,2026-10-09,0.0,2.3,-1.0,NR
ODISHA,NAYAGARH,2026-08-19,0.9,12.9,-0.93,LD
ODISHA,NAYAGARH,2026-08-20,3.0,10.5,-0.71,LD
ODISHA,NAYAGARH,2026-08-21,11.4,10.0,0.14,N
ODISHA,NAYAGARH,2026-08-22,6.9,10.0,-0.31,D
ODISHA,NAYAGARH,2026-08-23,1.1,6.3,-0.83,LD
ODISHA,NAYAGARH,2026-08-24,16.8,8.2,1.05,LE
ODISHA,NAYAGARH,2026-08-25,6.7,7.6,-0.12,N
ODISHA,NAYAGARH,2026-08-26,0.4,9.1,-0.95,LD
ODISHA,NAYAGARH,2026-08-27,6.9,9.5,-0.28,D
ODISHA,NAYAGARH,2026-08-28,5.7,14.7,-0.61,LD
ODISHA,NAYAGARH,2026-08-29,1.2,9.0,-0.87,LD
ODISHA,NAYAGARH,2026-08-30,1.9,9.4,-0.79,LD
ODISHA,NAYAGARH,2026-08-31,22.7,8.9,1.55,LE
ODISHA,NAYAGARH,2026-09-01,1.2,7.1,-0.83,LD
ODISHA,NAYAGARH,2026-09-02,0.0,5.7,-1.0,LD
ODISHA,NAYAGARH,2026-09-03,2.8,8.5,-0.67,LD
ODISHA,NAYAGARH,2026-09-04,0.6,11.1,-0.94,LD
ODISHA,NAYAGARH,2026-09-05,8.8,10.5,-0.17,N
ODISHA,NAYAGARH,2026-09-06,1.1,9.0,-0.88,LD
ODISHA,NAYAGARH,2026-09-07,14.4,12.6,0.14,N
ODISHA,NAYAGARH,2026-09-08,3.0,6.9,-0.56,D
ODISHA,NAYAGARH,2026-09-09,0.2,8.4,-0.98,LD
ODISHA,NAYAGARH,2026-09-10,20.9,7.0,1.98,LE
ODISHA,NAYAGARH,2026-09-11,15.3,7.7,0.98,LE
ODISHA,NAYAGARH,2026-09-12,27.3,7.4,2.69,LE
ODISHA,NAYAGARH,2026-09-13,3.1,10.4,-0.7,LD
ODISHA,NAYAGARH,2026-09-14,8.0,7.7,0.04,N
ODISHA,NAYAGARH,2026-09-15,0.0,5.2,-1.0,NR
ODISHA,NAYAGARH,2026-09-16,1.6,8.6,-0.81,LD
ODISHA,NAYAGARH,2026-09-17,1.3,7.2,-0.82,LD
ODISHA,NAYAGARH,2026-09-18,0.7,9.6,-0.93,LD
ODISHA,NAYAGARH,2026-09-19,2.8,9.1,-0.7,LD
ODISHA,NAYAGARH,2026-09-20,10.1,6.9,0.47,E
ODISHA,NAYAGARH,2026-09-21,23.9,11.8,1.03,LE
ODISHA,NAYAGARH,2026-09-22,9.2,9.4,-0.02,N
ODISHA,NAYAGARH,2026-09-23,23.0,7.1,2.24,LE
ODISHA,NAYAGARH,2026-09-24,63.0,5.7,10.06,LE
ODISHA,NAYAGARH,2026-09-25,79.5,7.8,9.19,LE
ODISHA,NAYAGARH,2026-09-26,25.4,6.5,2.9,LE
ODISHA,NAYAGARH,2026-09-27,2.4,4.0,-0.41,D
ODISHA,NAYAGARH,2026-09-28,0.2,2.9,-0.92,LD
ODISHA,NAYAGARH,2026-09-29,0.0,8.1,-1.0,NR
ODISHA,NAYAGARH,2026-09-30,0.0,5.9,-1.0,NR
ODISHA,NAYAGARH,2026-10-01,0.0,6.0,-1.0,NR
ODISHA,NAYAGARH,2026-10-02,0.0,8.3,-1.0,NR
ODISHA,NAYAGARH,2026-10-03,0.0,6.7,-1.0,NR
ODISHA,NAYAGARH,2026-10-04,0.0,7.6,-1.0,NR
ODISHA,NAYAGARH,2026-10-05,0.0,7.8,-1.0,NR
ODISHA,NAYAGARH,2026-10-06,0.0,6.3,-1.0,NR
ODISHA,NAYAGARH,2026-10-07,0.0,8.1,-1.0,NR
ODISHA,NAYAGARH,2026-10-08,8.5,7.2,0.18,N
ODISHA,NAYAGARH,2026-10-09,0.5,4.5,-0.89,LD
ODISHA,NUAPARHA,2026-08-19,19.8,9.7,1.04,LE
ODISHA,NUAPARHA,2026-08-20,1.4,12.3,-0.89,LD
ODISHA,NUAPARHA,2026-08-21,0.0,13.8,-1.0,NR
ODISHA,NUAPARHA,2026-08-22,0.0,14.9,-1.0,NR
ODISHA,NUAPARHA,2026-08-23,3.9,10.2,-0.62,LD
ODISHA,NUAPARHA,2026-08-24,13.5,5.8,1.32,LE
ODISHA,NUAPARHA,2026-08-25,12.6,6.1,1.07,LE
ODISHA,NUAPARHA,2026-08-26,0.0,9.4,-1.0,NR
ODISHA,NUAPARHA,2026-08-27,0.0,12.2,-1.0,NR
ODISHA,NUAPARHA,2026-08-28,0.1,10.1,-0.99,LD
ODISHA,NUAPARHA,2026-08-29,0.6,14.6,-0.96,LD
ODISHA,NUAPARHA,2026-08-30,5.0,13.2,-0.62,LD
ODISHA,NUAPARHA,2026-08-31,35.4,5.6,5.32,LE
ODISHA,NUAPARHA,2026-09-01,1.4,6.6,-0.79,LD
ODISHA,NUAPARHA,2026-09-02,0.5,7.8,-0.94,LD
ODISHA,NUAPARHA,2026-09-03,0.4,8.9,-0.96,LD
ODISHA,NUAPARHA,2026-09-04,0.2,8.9,-0.98,LD
ODISHA,NUAPARHA,2026-09-05,0.8,6.5,-0.88,LD
ODISHA,NUAPARHA,2026-09-06,0.0,7.9,-1.0,NR
ODISHA,NUAPARHA,2026-09-07,2.6,10.5,-0.75,LD
ODISHA,NUAPARHA,2026-09-08,0.0,7.2,-1.0,NR
ODISHA,NUAPARHA,2026-09-09,4.0,4.4,-0.09,N
ODISHA,NUAPARHA,2026-09-10,0.0,7.8,-1.0,NR
ODISHA,NUAPARHA,2026-09-11,50.2,8.8,4.71,LE
ODISHA,NUAPARHA,2026-09-12,60.2,7.9,6.62,LE
ODISHA,NUAPARHA,2026-09-13,19.2,9.8,0.96,LE
ODISHA,NUAPARHA,2026-09-14,3.0,7.8,-0.62,LD
ODISHA,NUAPARHA,2026-09-15,0.0,4.3,-1.0,NR
ODISHA,NUAPARHA,2026-09-16,0.0,8.0,-1.0,NR
ODISHA,NUAPARHA,2026-09-17,3.0,7.8,-0.62,LD
ODISHA,NUAPARHA,2026-09-18,1.5,9.0,-0.83,LD
ODISHA,NUAPARHA,2026-09-19,0.2,3.9,-0.95,LD
ODISHA,NUAPARHA,2026-09-20,5.8,6.9,-0.16,N
ODISHA,NUAPARHA,2026-09-21,0.0,6.7,-1.0,NR
ODISHA,NUAPARHA,2026-09-22,0.0,3.9,-1.0,NR
ODISHA,NUAPARHA,2026-09-23,45.2,4.4,9.27,LE
ODISHA,NUAPARHA,2026-09-24,26.0,4.9,4.31,LE
ODISHA,NUAPARHA,2026-09-25,79.2,2.9,26.31,LE
ODISHA,NUAPARHA,2026-09-26,34.0,2.7,11.59,LE
ODISHA,NUAPARHA,2026-09-27,0.0,3.8,-1.0,NR
ODISHA,NUAPARHA,2026-09-28,0.0,2.8,-1.0,NR
ODISHA,NUAPARHA,2026-09-29,0.0,3.7,-1.0,NR
ODISHA,NUAPARHA,2026-09-30,0.0,3.6,-1.0,NR
ODISHA,NUAPARHA,2026-10-01,0.0,4.3,-1.0,NR
ODISHA,NUAPARHA,2026-10-02,0.0,3.0,-1.0,NR
ODISHA,NUAPARHA,2026-10-03,0.0,3.1,-1.0,NR
ODISHA,NUAPARHA,2026-10-04,0.0,3.9,-1.0,NR
ODISHA,NUAPARHA,2026-10-05,0.0,4.7,-1.0,NR
ODISHA,NUAPARHA,2026-10-06,0.0,4.2,-1.0,NR
ODISHA,NUAPARHA,2026-10-07,0.4,3.6,-0.89,LD
ODISHA,NUAPARHA,2026-10-08,0.6,3.4,-0.82,LD
ODISHA,NUAPARHA,2026-10-09,0.0,2.5,-1.0,NR
ODISHA,PURI,2026-08-19,0.7,11.4,-0.94,LD
ODISHA,PURI,2026-08-20,0.0,14.3,-1.0,NR
ODISHA,PURI,2026-08-21,7.4,12.8,-0.42,D
ODISHA,PURI,2026-08-22,19.9,9.6,1.07,LE
ODISHA,PURI,2026-08-23,7.2,5.1,0.42,E
ODISHA,PURI,2026-08-24,31.6,5.1,5.2,LE
ODISHA,PURI,2026-08-25,10.0,5.7,0.76,LE
ODISHA,PURI,2026-08-26,12.1,11.3,0.07,N
ODISHA,PURI,2026-08-27,0.0,10.8,-1.0,NR
ODISHA,PURI,2026-08-28,3.3,14.1,-0.77,LD
ODISHA,PURI,2026-08-29,0.5,14.6,-0.97,LD
ODISHA,PURI,2026-08-30,29.8,14.1,1.11,LE
ODISHA,PURI,2026-08-31,36.8,7.4,3.98,LE
ODISHA,PURI,2026-09-01,1.0,9.9,-0.89,LD
ODISHA,PURI,2026-09-02,0.0,8.1,-1.0,NR
ODISHA,PURI,2026-09-03,0.9,8.7,-0.9,LD
ODISHA,PURI,2026-09-04,2.4,8.4,-0.71,LD
ODISHA,PURI,2026-09-05,3.1,12.1,-0.74,LD
ODISHA,PURI,2026-09-06,2.0,8.9,-0.78,LD
ODISHA,PURI,2026-09-07,3.1,12.3,-0.75,LD
ODISHA,PURI,2026-09-08,4.3,6.8,-0.36,D
ODISHA,PURI,2026-09-09,1.3,9.7,-0.86,LD
ODISHA,PURI,2026-09-10,30.9,7.0,3.41,LE
ODISHA,PURI,2026-09-11,18.0,10.0,0.8,LE
ODISHA,PURI,2026-09-12,20.5,8.6,1.39,LE
ODISHA,PURI,2026-09-13,4.5,9.0,-0.5,D
ODISHA,PURI,2026-09-14,16.7,6.2,1.7,LE
ODISHA,PURI,2026-09-15,14.9,6.9,1.15,LE
ODISHA,PURI,2026-09-16,0.0,7.6,-1.0,NR
ODISHA,PURI,2026-09-17,0.0,8.6,-1.0,NR
ODISHA,PURI,2026-09-18,2.1,6.6,-0.69,LD
ODISHA,PURI,2026-09-19,4.1,6.1,-0.33,D
ODISHA,PURI,2026-09-20,2.0,10.8,-0.81,LD
ODISHA,PURI,2026-09-21,14.6,8.4,0.74,LE
ODISHA,PURI,2026-09-22,40.5,6.7,5.04,LE
ODISHA,PURI,2026-09-23,37.6,6.8,4.53,LE
ODISHA,PURI,2026-09-24,42.9,5.8,6.39,LE
ODISHA,PURI,2026-09-25,37.7,8.7,3.33,LE
ODISHA,PURI,2026-09-26,23.4,6.6,2.54,LE
ODISHA,PURI,2026-09-27,1.9,6.8,-0.72,LD
ODISHA,PURI,2026-09-28,0.0,7.1,-1.0,NR
ODISHA,PURI,2026-09-29,5.7,9.3,-0.39,D
ODISHA,PURI,2026-09-30,0.0,6.1,-1.0,NR
ODISHA,PURI,2026-10-01,0.0,6.4,-1.0,NR
ODISHA,PURI,2026-10-02,0.0,7.4,-1.0,NR
ODISHA,PURI,2026-10-03,0.0,8.0,-1.0,NR
ODISHA,PURI,2026-10-04,0.0,8.7,-1.0,NR
ODISHA,PURI,2026-10-05,0.0,9.4,-1.0,NR
ODISHA,PURI,2026-10-06,0.0,8.7,-1.0,NR
ODISHA,PURI,2026-10-07,0.0,8.5,-1.0,NR
ODISHA,PURI,2026-10-08,1.2,9.8,-0.88,LD
ODISHA,PURI,2026-10-09,0.8,4.4,-0.81,LD
ODISHA,RAYAGARHA,2026-08-19,4.7,8.5,-0.45,D
ODISHA,RAYAGARHA,2026-08-20,1.2,9.4,-0.87,LD
ODISHA,RAYAGARHA,2026-08-21,1.2,10.9,-0.89,LD
ODISHA,RAYAGARHA,2026-08-22,26.2,10.5,1.5,LE
ODISHA,RAYAGARHA,2026-08-23,83.2,9.0,8.24,LE
ODISHA,RAYAGARHA,2026-08-24,21.6,6.6,2.27,LE
ODISHA,RAYAGARHA,2026-08-25,20.7,5.6,2.7,LE
ODISHA,RAYAGARHA,2026-08-26,5.5,9.2,-0.4,D
ODISHA,RAYAGARHA,2026-08-27,3.9,10.0,-0.61,LD
ODISHA,RAYAGARHA,2026-08-28,0.9,9.4,-0.9,LD
ODISHA,RAYAGARHA,2026-08-29,0.1,9.4,-0.99,LD
ODISHA,RAYAGARHA,2026-08-30,4.1,8.3,-0.5,D
ODISHA,RAYAGARHA,2026-08-31,8.0,7.8,0.03,N
ODISHA,RAYAGARHA,2026-09-01,1.1,5.5,-0.8,LD
ODISHA,RAYAGARHA,2026-09-02,0.0,7.3,-1.0,NR
ODISHA,RAYAGARHA,2026-09-03,2.1,5.9,-0.64,LD
ODISHA,RAYAGARHA,2026-09-04,0.2,9.7,-0.98,LD
ODISHA,RAYAGARHA,2026-09-05,2.8,7.5,-0.62,LD
ODISHA,RAYAGARHA,2026-09-06,0.5,11.1,-0.96,LD
ODISHA,RAYAGARHA,2026-09-07,2.7,9.1,-0.7,LD
ODISHA,RAYAGARHA,2026-09-08,0.6,7.6,-0.92,LD
ODISHA,RAYAGARHA,2026-09-09,0.0,6.8,-1.0,NR
ODISHA,RAYAGARHA,2026-09-10,11.5,7.9,0.46,E
ODISHA,RAYAGARHA,2026-09-11,34.7,6.4,4.43,LE
ODISHA,RAYAGARHA,2026-09-12,25.9,8.4,2.09,LE
ODISHA,RAYAGARHA,2026-09-13,10.7,8.2,0.31,E
ODISHA,RAYAGARHA,2026-09-14,1.8,4.3,-0.59,LD
ODISHA,RAYAGARHA,2026-09-15,0.2,5.1,-0.96,LD
ODISHA,RAYAGARHA,2026-09-16,0.1,11.6,-0.99,LD
ODISHA,RAYAGARHA,2026-09-17,0.4,6.9,-0.95,LD
ODISHA,RAYAGARHA,2026-09-18,2.4,10.6,-0.78,LD
ODISHA,RAYAGARHA,2026-09-19,5.5,6.4,-0.14,N
ODISHA,RAYAGARHA,2026-09-20,20.5,6.6,2.11,LE
ODISHA,RAYAGARHA,2026-09-21,4.4,7.6,-0.42,D
ODISHA,RAYAGARHA,2026-09-22,13.2,3.9,2.39,LE
ODISHA,RAYAGARHA,2026-09-23,37.4,5.7,5.56,LE
ODISHA,RAYAGARHA,2026-09-24,41.1,3.7,10.11,LE
ODISHA,RAYAGARHA,2026-09-25,31.5,4.4,6.16,LE
ODISHA,RAYAGARHA,2026-09-26,17.8,3.3,4.38,LE
ODISHA,RAYAGARHA,2026-09-27,0.0,4.2,-1.0,NR
ODISHA,RAYAGARHA,2026-09-28,0.0,2.9,-1.0,NR
ODISHA,RAYAGARHA,2026-09-29,0.0,4.0,-1.0,NR
ODISHA,RAYAGARHA,2026-09-30,0.0,7.8,-1.0,NR
ODISHA,RAYAGARHA,2026-10-01,0.0,6.6,-1.0,NR
ODISHA,RAYAGARHA,2026-10-02,0.0,5.0,-1.0,NR
ODISHA,RAYAGARHA,2026-10-03,0.0,4.7,-1.0,NR
ODISHA,RAYAGARHA,2026-10-04,0.0,4.3,-1.0,NR
ODISHA,RAYAGARHA,2026-10-05,0.0,6.8,-1.0,NR
ODISHA,RAYAGARHA,2026-10-06,0.0,5.9,-1.0,NR
ODISHA,RAYAGARHA,2026-10-07,0.0,6.4,-1.0,NR
ODISHA,RAYAGARHA,2026-10-08,0.2,4.3,-0.95,LD
ODISHA,RAYAGARHA,2026-10-09,0.1,4.4,-0.97,LD
ODISHA,SAMBALPUR,2026-08-19,18.5,17.1,0.08,N
ODISHA,SAMBALPUR,2026-08-20,2.6,17.7,-0.85,LD
ODISHA,SAMBALPUR,2026-08-21,2.2,10.7,-0.79,LD
ODISHA,SAMBALPUR,2026-08-22,2.3,11.1,-0.79,LD
ODISHA,SAMBALPUR,2026-08-23,0.3,8.9,-0.96,LD
ODISHA,SAMBALPUR,2026-08-24,51.2,8.3,5.17,LE
ODISHA,SAMBALPUR,2026-08-25,29.1,8.9,2.26,LE
ODISHA,SAMBALPUR,2026-08-26,7.0,10.6,-0.34,D
ODISHA,SAMBALPUR,2026-08-27,0.3,17.7,-0.98,LD
ODISHA,SAMBALPUR,2026-08-28,3.4,13.2,-0.75,LD
ODISHA,SAMBALPUR,2026-08-29,1.2,13.4,-0.91,LD
ODISHA,SAMBALPUR,2026-08-30,8.9,8.7,0.02,N
ODISHA,SAMBALPUR,2026-08-31,18.3,7.8,1.35,LE
ODISHA,SAMBALPUR,2026-09-01,6.0,8.4,-0.29,D
ODISHA,SAMBALPUR,2026-09-02,0.3,14.0,-0.98,LD
ODISHA,SAMBALPUR,2026-09-03,0.8,12.6,-0.93,LD
ODISHA,SAMBALPUR,2026-09-04,0.2,12.9,-0.99,LD
ODISHA,SAMBALPUR,2026-09-05,0.6,11.3,-0.95,LD
ODISHA,SAMBALPUR,2026-09-06,0.1,12.5,-0.99,LD
ODISHA,SAMBALPUR,2026-09-07,3.7,13.5,-0.73,LD
ODISHA,SAMBALPUR,2026-09-08,0.0,10.2,-1.0,NR
ODISHA,SAMBALPUR,2026-09-09,6.3,10.5,-0.4,D
ODISHA,SAMBALPUR,2026-09-10,17.0,8.7,0.95,LE
ODISHA,SAMBALPUR,2026-09-11,28.8,9.5,2.03,LE
ODISHA,SAMBALPUR,2026-09-12,14.3,9.2,0.55,E
ODISHA,SAMBALPUR,2026-09-13,3.4,6.1,-0.45,D
ODISHA,SAMBALPUR,2026-09-14,10.6,7.3,0.45,E
ODISHA,SAMBALPUR,2026-09-15,0.2,6.1,-0.97,LD
ODISHA,SAMBALPUR,2026-09-16,0.0,4.4,-1.0,NR
ODISHA,SAMBALPUR,2026-09-17,0.0,6.2,-1.0,NR
ODISHA,SAMBALPUR,2026-09-18,4.4,8.7,-0.5,D
ODISHA,SAMBALPUR,2026-09-19,0.0,6.0,-1.0,NR
ODISHA,SAMBALPUR,2026-09-20,4.4,5.0,-0.11,N
ODISHA,SAMBALPUR,2026-09-21,0.6,5.3,-0.89,LD
ODISHA,SAMBALPUR,2026-09-22,5.1,4.6,0.11,N
ODISHA,SAMBALPUR,2026-09-23,16.6,6.6,1.52,LE
ODISHA,SAMBALPUR,2026-09-24,11.3,5.8,0.95,LE
ODISHA,SAMBALPUR,2026-09-25,17.6,4.5,2.92,LE
ODISHA,SAMBALPUR,2026-09-26,21.6,4.2,4.14,LE
ODISHA,SAMBALPUR,2026-09-27,1.2,3.4,-0.66,LD
ODISHA,SAMBALPUR,2026-09-28,0.0,2.7,-1.0,NR
ODISHA,SAMBALPUR,2026-09-29,0.0,3.2,-1.0,NR
ODISHA,SAMBALPUR,2026-09-30,0.0,2.9,-1.0,NR
ODISHA,SAMBALPUR,2026-10-01,0.0,3.8,-1.0,NR
ODISHA,SAMBALPUR,2026-10-02,0.0,3.0,-1.0,NR
ODISHA,SAMBALPUR,2026-10-03,0.0,3.4,-1.0,NR
ODISHA,SAMBALPUR,2026-10-04,0.0,3.5,-1.0,NR
ODISHA,SAMBALPUR,2026-10-05,0.0,2.5,-1.0,NR
ODISHA,SAMBALPUR,2026-10-06,0.0,2.6,-1.0,NR
ODISHA,SAMBALPUR,2026-10-07,0.2,2.6,-0.94,LD
ODISHA,SAMBALPUR,2026-10-08,1.7,3.5,-0.5,D
ODISHA,SAMBALPUR,2026-10-09,0.1,3.2,-0.97,LD
ODISHA,SUBARNAPUR,2026-08-19,5.3,21.2,-0.75,LD
ODISHA,SUBARNAPUR,2026-08-20,1.0,18.9,-0.95,LD
ODISHA,SUBARNAPUR,2026-08-21,0.7,12.4,-0.95,LD
ODISHA,SUBARNAPUR,2026-08-22,0.3,10.3,-0.97,LD
ODISHA,SUBARNAPUR,2026-08-23,0.2,8.6,-0.97,LD
ODISHA,SUBARNAPUR,2026-08-24,12.9,6.4,1.02,LE
ODISHA,SUBARNAPUR,2026-08-25,35.4,7.5,3.72,LE
ODISHA,SUBARNAPUR,2026-08-26,0.3,13.0,-0.97,LD
ODISHA,SUBARNAPUR,2026-08-27,1.1,18.0,-0.94,LD
ODISHA,SUBARNAPUR,2026-08-28,0.3,13.5,-0.98,LD
ODISHA,SUBARNAPUR,2026-08-29,0.0,20.3,-1.0,NR
ODISHA,SUBARNAPUR,2026-08-30,4.1,12.6,-0.68,LD
ODISHA,SUBARNAPUR,2026-08-31,2.4,6.6,-0.64,LD
ODISHA,SUBARNAPUR,2026-09-01,16.6,4.2,2.94,LE
ODISHA,SUBARNAPUR,2026-09-02,7.8,10.4,-0.25,D
ODISHA,SUBARNAPUR,2026-09-03,1.0,9.1,-0.89,LD
ODISHA,SUBARNAPUR,2026-09-04,0.4,13.7,-0.97,LD
ODISHA,SUBARNAPUR,2026-09-05,0.0,13.2,-1.0,NR
ODISHA,SUBARNAPUR,2026-09-06,0.0,14.0,-1.0,NR
ODISHA,SUBARNAPUR,2026-09-07,7.9,14.7,-0.46,D
ODISHA,SUBARNAPUR,2026-09-08,0.0,8.8,-1.0,NR
ODISHA,SUBARNAPUR,2026-09-09,0.7,6.5,-0.9,LD
ODISHA,SUBARNAPUR,2026-09-10,3.6,10.4,-0.65,LD
ODISHA,SUBARNAPUR,2026-09-11,25.0,7.5,2.33,LE
ODISHA,SUBARNAPUR,2026-09-12,8.0,8.2,-0.02,N
ODISHA,SUBARNAPUR,2026-09-13,7.2,7.0,0.02,N
ODISHA,SUBARNAPUR,2026-09-14,12.5,6.9,0.81,LE
ODISHA,SUBARNAPUR,2026-09-15,0.0,5.5,-1.0,NR
ODISHA,SUBARNAPUR,2026-09-16,0.0,3.0,-1.0,NR
ODISHA,SUBARNAPUR,2026-09-17,0.0,9.2,-1.0,NR
ODISHA,SUBARNAPUR,2026-09-18,0.4,10.2,-0.96,LD
ODISHA,SUBARNAPUR,2026-09-19,0.0,5.6,-1.0,NR
ODISHA,SUBARNAPUR,2026-09-20,5.0,4.2,0.19,E
ODISHA,SUBARNAPUR,2026-09-21,7.9,8.0,-0.01,N
ODISHA,SUBARNAPUR,2026-09-22,5.1,3.9,0.3,E
ODISHA,SUBARNAPUR,2026-09-23,24.4,5.6,3.36,LE
ODISHA,SUBARNAPUR,2026-09-24,14.9,6.1,1.45,LE
ODISHA,SUBARNAPUR,2026-09-25,21.0,3.9,4.39,LE
ODISHA,SUBARNAPUR,2026-09-26,9.2,2.0,3.58,LE
ODISHA,SUBARNAPUR,2026-09-27,0.5,3.5,-0.86,LD
ODISHA,SUBARNAPUR,2026-09-28,0.0,2.3,-1.0,NR
ODISHA,SUBARNAPUR,2026-09-29,0.0,4.0,-1.0,NR
ODISHA,SUBARNAPUR,2026-09-30,0.0,3.1,-1.0,NR
ODISHA,SUBARNAPUR,2026-10-01,0.0,4.1,-1.0,NR
ODISHA,SUBARNAPUR,2026-10-02,0.0,1.6,-1.0,NR
ODISHA,SUBARNAPUR,2026-10-03,0.0,0.9,-1.0,NR
ODISHA,SUBARNAPUR,2026-10-04,0.0,3.2,-1.0,NR
ODISHA,SUBARNAPUR,2026-10-05,0.0,2.0,-1.0,NR
ODISHA,SUBARNAPUR,2026-10-06,0.0,1.9,-1.0,NR
ODISHA,SUBARNAPUR,2026-10-07,0.0,2.9,-1.0,NR
ODISHA,SUBARNAPUR,2026-10-08,3.8,4.2,-0.1,N
ODISHA,SUBARNAPUR,2026-10-09,0.0,1.9,-1.0,NR
ODISHA,SUNDARGARH,2026-08-19,31.6,13.9,1.28,LE
ODISHA,SUNDARGARH,2026-08-20,5.0,21.9,-0.77,LD
ODISHA,SUNDARGARH,2026-08-21,2.4,10.3,-0.76,LD
ODISHA,SUNDARGARH,2026-08-22,0.1,11.8,-0.99,LD
ODISHA,SUNDARGARH,2026-08-23,9.6,8.9,0.07,N
ODISHA,SUNDARGARH,2026-08-24,40.8,7.0,4.83,LE
ODISHA,SUNDARGARH,2026-08-25,21.9,7.5,1.92,LE
ODISHA,SUNDARGARH,2026-08-26,7.1,10.0,-0.29,D
ODISHA,SUNDARGARH,2026-08-27,9.5,13.2,-0.28,D
ODISHA,SUNDARGARH,2026-08-28,3.7,12.6,-0.7,LD
ODISHA,SUNDARGARH,2026-08-29,2.6,11.5,-0.78,LD
ODISHA,SUNDARGARH,2026-08-30,23.1,7.7,2.0,LE
ODISHA,SUNDARGARH,2026-08-31,32.0,8.5,2.77,LE
ODISHA,SUNDARGARH,2026-09-01,36.9,8.2,3.5,LE
ODISHA,SUNDARGARH,2026-09-02,0.8,13.2,-0.94,LD
ODISHA,SUNDARGARH,2026-09-03,2.4,12.0,-0.8,LD
ODISHA,SUNDARGARH,2026-09-04,1.3,10.3,-0.88,LD
ODISHA,SUNDARGARH,2026-09-05,1.3,9.9,-0.86,LD
ODISHA,SUNDARGARH,2026-09-06,0.0,10.9,-1.0,NR
ODISHA,SUNDARGARH,2026-09-07,6.0,10.0,-0.4,D
ODISHA,SUNDARGARH,2026-09-08,0.4,6.4,-0.93,LD
ODISHA,SUNDARGARH,2026-09-09,3.4,8.9,-0.62,LD
ODISHA,SUNDARGARH,2026-09-10,7.8,8.9,-0.12,N
ODISHA,SUNDARGARH,2026-09-11,17.3,8.9,0.94,LE
ODISHA,SUNDARGARH,2026-09-12,2.4,9.9,-0.76,LD
ODISHA,SUNDARGARH,2026-09-13,1.5,7.1,-0.79,LD
ODISHA,SUNDARGARH,2026-09-14,0.8,6.7,-0.89,LD
ODISHA,SUNDARGARH,2026-09-15,0.2,7.9,-0.98,LD
ODISHA,SUNDARGARH,2026-09-16,0.1,5.4,-0.98,LD
ODISHA,SUNDARGARH,2026-09-17,0.0,6.2,-1.0,NR
ODISHA,SUNDARGARH,2026-09-18,4.4,7.1,-0.38,D
ODISHA,SUNDARGARH,2026-09-19,0.0,7.3,-1.0,NR
ODISHA,SUNDARGARH,2026-09-20,0.4,5.4,-0.92,LD
ODISHA,SUNDARGARH,2026-09-21,8.2,5.5,0.5,E
ODISHA,SUNDARGARH,2026-09-22,6.9,5.2,0.33,E
ODISHA,SUNDARGARH,2026-09-23,13.0,7.7,0.69,LE
ODISHA,SUNDARGARH,2026-09-24,9.2,6.4,0.44,E
ODISHA,SUNDARGARH,2026-09-25,13.9,5.1,1.73,LE
ODISHA,SUNDARGARH,2026-09-26,29.1,4.5,5.46,LE
ODISHA,SUNDARGARH,2026-09-27,1.2,3.2,-0.61,LD
ODISHA,SUNDARGARH,2026-09-28,1.4,3.8,-0.64,LD
ODISHA,SUNDARGARH,2026-09-29,0.0,4.0,-1.0,NR
ODISHA,SUNDARGARH,2026-09-30,0.0,3.3,-1.0,NR
ODISHA,SUNDARGARH,2026-10-01,0.0,3.3,-1.0,NR
ODISHA,SUNDARGARH,2026-10-02,0.0,3.7,-1.0,NR
ODISHA,SUNDARGARH,2026-10-03,0.0,2.8,-1.0,NR
ODISHA,SUNDARGARH,2026-10-04,0.0,3.3,-1.0,NR
ODISHA,SUNDARGARH,2026-10-05,0.0,3.0,-1.0,NR
ODISHA,SUNDARGARH,2026-10-06,0.8,2.8,-0.7,LD
ODISHA,SUNDARGARH,2026-10-07,5.2,3.3,0.59,E
ODISHA,SUNDARGARH,2026-10-08,0.7,3.3,-0.78,LD
ODISHA,SUNDARGARH,2026-10-09,0.3,3.6,-0.92,LD
